[2025-11-04 14:10:12][INFO] - This log is also available at '/scratch/tisi/cartospeed/head_finetuning/2/outputs/2025-11-04/14-10-12/train.log'.
[2025-11-04 14:10:12][INFO] - Package version: 2025.10
[2025-11-04 14:10:12][INFO] - Package directory: /home/tisi/miniforge3/envs/cartospeed_2025_9/lib/python3.13/site-packages/metatrain
[2025-11-04 14:10:12][INFO] - Working directory: /scratch/tisi/cartospeed/head_finetuning/2
[2025-11-04 14:10:12][INFO] - Executed command: mtt train options-c.yaml
[2025-11-04 14:10:12][INFO] - Running training for 'pet' architecture
[2025-11-04 14:10:13][INFO] - Random seed of this run is 22
[2025-11-04 14:10:14][INFO] - Setting up training set
[2025-11-04 14:10:17][INFO] - Forces found in section 'energy', we will use this gradient to train the model
[2025-11-04 14:10:18][WARNING] - No stress found in section 'energy'.
[2025-11-04 14:10:19][INFO] - Setting up validation set
[2025-11-04 14:10:19][INFO] - Forces found in section 'energy', we will use this gradient to train the model
[2025-11-04 14:10:19][WARNING] - No stress found in section 'energy'.
[2025-11-04 14:10:19][INFO] - Setting up test set
[2025-11-04 14:10:19][INFO] - Forces found in section 'energy', we will use this gradient to train the model
[2025-11-04 14:10:19][WARNING] - No stress found in section 'energy'.
[2025-11-04 14:10:19][INFO] - Atomic types inferred from training and validation datasets
[2025-11-04 14:10:19][INFO] - Model defined for atomic types: [1, 3, 8, 15, 16]
[2025-11-04 14:10:20][INFO] - Training dataset:
    Dataset containing 3473 structures
    Mean and standard deviation of targets:
    - energy: 
      - mean -251.1 eV
      - std  195.5 eV
[2025-11-04 14:10:20][INFO] - Validation dataset:
    Dataset containing 203 structures
    Mean and standard deviation of targets:
    - energy: 
      - mean -257.4 eV
      - std  206.1 eV
[2025-11-04 14:10:20][INFO] - Test dataset:
    Dataset containing 412 structures
    Mean and standard deviation of targets:
    - energy: 
      - mean -253.8 eV
      - std  197.9 eV
[2025-11-04 14:10:20][INFO] - Restart options: /scratch/tisi/cartospeed/head_finetuning/2/outputs/2025-11-04/14-10-12/options_restart.yaml
[2025-11-04 14:10:20][INFO] - Setting up model
[2025-11-04 14:10:20][INFO] - Starting finetuning from '../../pet-mad-v1.0.2.ckpt'
[2025-11-04 14:10:20][INFO] - Using best model from epoch None
[2025-11-04 14:10:20][INFO] - The model has 2.9M parameters (actual number: 2856964).
[2025-11-04 14:10:20][INFO] - Calling trainer
[2025-11-04 14:10:20][INFO] - Intermediate checkpoints (if available): /scratch/tisi/cartospeed/head_finetuning/2/outputs/2025-11-04/14-10-12
[2025-11-04 14:10:20][INFO] - Training on device cuda with dtype torch.float32
[2025-11-04 14:10:20][INFO] - Calculating neighbor lists for the datasets
[2025-11-04 14:10:22][INFO] - Applied finetuning strategy: heads
[2025-11-04 14:10:22][INFO] - Number of trainable parameters: 198148 [6.94% %]
[2025-11-04 14:10:23][INFO] - Calculating composition weights
[2025-11-04 14:10:23][INFO] - Setting up data loaders
[2025-11-04 14:10:23][INFO] - Using the following loss functions:
[2025-11-04 14:10:23][INFO] - energy:
[2025-11-04 14:10:23][INFO] - {'type': 'mse', 'weight': 1.0, 'reduction': 'mean', 'sliding_factor': None}
[2025-11-04 14:10:23][INFO] - With gradients:
[2025-11-04 14:10:23][INFO] - 	energy::positions: {'type': 'mse', 'weight': 1.0, 'reduction': 'mean', 'sliding_factor': None}
[2025-11-04 14:10:37][INFO] - Base learning rate: 1e-05
[2025-11-04 14:10:37][INFO] - Initial learning rate: 0.0
[2025-11-04 14:10:37][INFO] - Starting training
[2025-11-04 14:11:10][INFO] - Epoch:    0 | learning rate: 0.000e+00 | training loss: 1.369e+01 | training energy RMSE (per atom): 208.99 meV | training energy MAE (per atom): 207.32 meV | training forces RMSE: 140.46 meV/A | training forces MAE: 78.542 meV/A | validation loss: 2.073e+00 | validation energy RMSE (per atom): 208.45 meV | validation energy MAE (per atom): 206.53 meV | validation forces RMSE: 441.58 meV/A | validation forces MAE: 84.362 meV/A
[2025-11-04 14:11:38][INFO] - Epoch:    1 | learning rate: 2.000e-06 | training loss: 6.432e+00 | training energy RMSE (per atom):  99.34 meV | training energy MAE (per atom):  83.68 meV | training forces RMSE: 143.55 meV/A | training forces MAE: 83.527 meV/A | validation loss: 1.558e+00 | validation energy RMSE (per atom):  37.69 meV | validation energy MAE (per atom):  29.15 meV | validation forces RMSE: 445.27 meV/A | validation forces MAE: 88.730 meV/A
[2025-11-04 14:12:05][INFO] - Epoch:    2 | learning rate: 4.000e-06 | training loss: 4.122e+00 | training energy RMSE (per atom):  19.98 meV | training energy MAE (per atom):  15.78 meV | training forces RMSE: 138.88 meV/A | training forces MAE: 78.516 meV/A | validation loss: 1.531e+00 | validation energy RMSE (per atom):  27.61 meV | validation energy MAE (per atom):  13.50 meV | validation forces RMSE: 443.42 meV/A | validation forces MAE: 82.168 meV/A
[2025-11-04 14:12:33][INFO] - Epoch:    3 | learning rate: 6.000e-06 | training loss: 3.808e+00 | training energy RMSE (per atom):  14.49 meV | training energy MAE (per atom):  11.33 meV | training forces RMSE: 135.26 meV/A | training forces MAE: 75.425 meV/A | validation loss: 1.518e+00 | validation energy RMSE (per atom):  25.95 meV | validation energy MAE (per atom):  12.03 meV | validation forces RMSE: 441.96 meV/A | validation forces MAE: 80.118 meV/A
[2025-11-04 14:13:01][INFO] - Epoch:    4 | learning rate: 8.000e-06 | training loss: 3.698e+00 | training energy RMSE (per atom):  12.82 meV | training energy MAE (per atom):  10.23 meV | training forces RMSE: 132.70 meV/A | training forces MAE: 73.750 meV/A | validation loss: 1.506e+00 | validation energy RMSE (per atom):  24.74 meV | validation energy MAE (per atom):  11.31 meV | validation forces RMSE: 440.51 meV/A | validation forces MAE: 78.551 meV/A
[2025-11-04 14:13:01][INFO] - Finished warm-up. Now training with learning rate 1e-05
[2025-11-04 14:13:28][INFO] - Epoch:    5 | learning rate: 1.000e-05 | training loss: 3.626e+00 | training energy RMSE (per atom):  12.03 meV | training energy MAE (per atom):   9.49 meV | training forces RMSE: 130.24 meV/A | training forces MAE: 72.129 meV/A | validation loss: 1.496e+00 | validation energy RMSE (per atom):  23.94 meV | validation energy MAE (per atom):  10.64 meV | validation forces RMSE: 439.40 meV/A | validation forces MAE: 77.061 meV/A
[2025-11-04 14:13:56][INFO] - Epoch:    6 | learning rate: 1.000e-05 | training loss: 3.457e+00 | training energy RMSE (per atom):  11.60 meV | training energy MAE (per atom):   8.91 meV | training forces RMSE: 128.43 meV/A | training forces MAE: 70.853 meV/A | validation loss: 1.489e+00 | validation energy RMSE (per atom):  23.59 meV | validation energy MAE (per atom):  10.21 meV | validation forces RMSE: 438.55 meV/A | validation forces MAE: 75.963 meV/A
[2025-11-04 14:14:23][INFO] - Epoch:    7 | learning rate: 1.000e-05 | training loss: 3.407e+00 | training energy RMSE (per atom):  11.26 meV | training energy MAE (per atom):   8.59 meV | training forces RMSE: 126.84 meV/A | training forces MAE: 69.838 meV/A | validation loss: 1.485e+00 | validation energy RMSE (per atom):  23.63 meV | validation energy MAE (per atom):   9.85 meV | validation forces RMSE: 438.04 meV/A | validation forces MAE: 75.033 meV/A
[2025-11-04 14:14:50][INFO] - Epoch:    8 | learning rate: 1.000e-05 | training loss: 3.316e+00 | training energy RMSE (per atom):  11.02 meV | training energy MAE (per atom):   8.32 meV | training forces RMSE: 125.54 meV/A | training forces MAE: 69.067 meV/A | validation loss: 1.479e+00 | validation energy RMSE (per atom):  23.11 meV | validation energy MAE (per atom):  10.05 meV | validation forces RMSE: 437.34 meV/A | validation forces MAE: 74.274 meV/A
[2025-11-04 14:15:18][INFO] - Epoch:    9 | learning rate: 1.000e-05 | training loss: 3.289e+00 | training energy RMSE (per atom):  10.76 meV | training energy MAE (per atom):   8.12 meV | training forces RMSE: 124.41 meV/A | training forces MAE: 68.286 meV/A | validation loss: 1.475e+00 | validation energy RMSE (per atom):  22.86 meV | validation energy MAE (per atom):   9.94 meV | validation forces RMSE: 436.71 meV/A | validation forces MAE: 73.800 meV/A
[2025-11-04 14:15:45][INFO] - Epoch:   10 | learning rate: 1.000e-05 | training loss: 3.204e+00 | training energy RMSE (per atom):  10.59 meV | training energy MAE (per atom):   7.98 meV | training forces RMSE: 123.46 meV/A | training forces MAE: 67.780 meV/A | validation loss: 1.471e+00 | validation energy RMSE (per atom):  22.87 meV | validation energy MAE (per atom):   9.39 meV | validation forces RMSE: 436.29 meV/A | validation forces MAE: 73.178 meV/A
[2025-11-04 14:16:13][INFO] - Epoch:   11 | learning rate: 1.000e-05 | training loss: 3.202e+00 | training energy RMSE (per atom):  10.48 meV | training energy MAE (per atom):   7.91 meV | training forces RMSE: 122.59 meV/A | training forces MAE: 67.242 meV/A | validation loss: 1.468e+00 | validation energy RMSE (per atom):  22.91 meV | validation energy MAE (per atom):   9.15 meV | validation forces RMSE: 435.89 meV/A | validation forces MAE: 72.734 meV/A
[2025-11-04 14:16:41][INFO] - Epoch:   12 | learning rate: 1.000e-05 | training loss: 3.077e+00 | training energy RMSE (per atom):  10.28 meV | training energy MAE (per atom):   7.75 meV | training forces RMSE: 121.81 meV/A | training forces MAE: 66.792 meV/A | validation loss: 1.465e+00 | validation energy RMSE (per atom):  22.51 meV | validation energy MAE (per atom):   9.26 meV | validation forces RMSE: 435.42 meV/A | validation forces MAE: 72.417 meV/A
[2025-11-04 14:17:08][INFO] - Epoch:   13 | learning rate: 1.000e-05 | training loss: 3.080e+00 | training energy RMSE (per atom):  10.21 meV | training energy MAE (per atom):   7.69 meV | training forces RMSE: 121.06 meV/A | training forces MAE: 66.369 meV/A | validation loss: 1.463e+00 | validation energy RMSE (per atom):  22.72 meV | validation energy MAE (per atom):   8.89 meV | validation forces RMSE: 435.13 meV/A | validation forces MAE: 71.954 meV/A
[2025-11-04 14:17:36][INFO] - Epoch:   14 | learning rate: 1.000e-05 | training loss: 3.089e+00 | training energy RMSE (per atom):  10.16 meV | training energy MAE (per atom):   7.59 meV | training forces RMSE: 120.47 meV/A | training forces MAE: 66.088 meV/A | validation loss: 1.460e+00 | validation energy RMSE (per atom):  22.48 meV | validation energy MAE (per atom):   9.91 meV | validation forces RMSE: 434.73 meV/A | validation forces MAE: 71.647 meV/A
[2025-11-04 14:18:04][INFO] - Epoch:   15 | learning rate: 1.000e-05 | training loss: 3.033e+00 | training energy RMSE (per atom):  10.22 meV | training energy MAE (per atom):   7.66 meV | training forces RMSE: 119.85 meV/A | training forces MAE: 65.759 meV/A | validation loss: 1.458e+00 | validation energy RMSE (per atom):  22.59 meV | validation energy MAE (per atom):   8.69 meV | validation forces RMSE: 434.42 meV/A | validation forces MAE: 71.489 meV/A
[2025-11-04 14:18:31][INFO] - Epoch:   16 | learning rate: 1.000e-05 | training loss: 3.011e+00 | training energy RMSE (per atom):  10.02 meV | training energy MAE (per atom):   7.51 meV | training forces RMSE: 119.28 meV/A | training forces MAE: 65.429 meV/A | validation loss: 1.455e+00 | validation energy RMSE (per atom):  22.48 meV | validation energy MAE (per atom):  10.01 meV | validation forces RMSE: 434.02 meV/A | validation forces MAE: 71.171 meV/A
[2025-11-04 14:18:59][INFO] - Epoch:   17 | learning rate: 1.000e-05 | training loss: 2.902e+00 | training energy RMSE (per atom):  10.16 meV | training energy MAE (per atom):   7.54 meV | training forces RMSE: 118.72 meV/A | training forces MAE: 65.267 meV/A | validation loss: 1.454e+00 | validation energy RMSE (per atom):  22.54 meV | validation energy MAE (per atom):  10.37 meV | validation forces RMSE: 433.97 meV/A | validation forces MAE: 70.956 meV/A
[2025-11-04 14:19:27][INFO] - Epoch:   18 | learning rate: 1.000e-05 | training loss: 2.929e+00 | training energy RMSE (per atom):   9.90 meV | training energy MAE (per atom):   7.40 meV | training forces RMSE: 118.23 meV/A | training forces MAE: 64.899 meV/A | validation loss: 1.452e+00 | validation energy RMSE (per atom):  22.55 meV | validation energy MAE (per atom):   8.63 meV | validation forces RMSE: 433.65 meV/A | validation forces MAE: 70.624 meV/A
[2025-11-04 14:19:54][INFO] - Epoch:   19 | learning rate: 1.000e-05 | training loss: 2.902e+00 | training energy RMSE (per atom):   9.90 meV | training energy MAE (per atom):   7.37 meV | training forces RMSE: 117.72 meV/A | training forces MAE: 64.654 meV/A | validation loss: 1.450e+00 | validation energy RMSE (per atom):  22.77 meV | validation energy MAE (per atom):   8.76 meV | validation forces RMSE: 433.30 meV/A | validation forces MAE: 70.528 meV/A
[2025-11-04 14:20:22][INFO] - Epoch:   20 | learning rate: 1.000e-05 | training loss: 2.881e+00 | training energy RMSE (per atom):   9.97 meV | training energy MAE (per atom):   7.46 meV | training forces RMSE: 117.30 meV/A | training forces MAE: 64.431 meV/A | validation loss: 1.450e+00 | validation energy RMSE (per atom):  22.68 meV | validation energy MAE (per atom):   8.57 meV | validation forces RMSE: 433.36 meV/A | validation forces MAE: 70.196 meV/A
[2025-11-04 14:20:50][INFO] - Epoch:   21 | learning rate: 1.000e-05 | training loss: 2.922e+00 | training energy RMSE (per atom):   9.87 meV | training energy MAE (per atom):   7.33 meV | training forces RMSE: 116.88 meV/A | training forces MAE: 64.323 meV/A | validation loss: 1.447e+00 | validation energy RMSE (per atom):  22.40 meV | validation energy MAE (per atom):   8.63 meV | validation forces RMSE: 432.98 meV/A | validation forces MAE: 69.949 meV/A
[2025-11-04 14:21:18][INFO] - Epoch:   22 | learning rate: 1.000e-05 | training loss: 2.797e+00 | training energy RMSE (per atom):   9.92 meV | training energy MAE (per atom):   7.35 meV | training forces RMSE: 116.48 meV/A | training forces MAE: 64.125 meV/A | validation loss: 1.445e+00 | validation energy RMSE (per atom):  22.25 meV | validation energy MAE (per atom):   9.00 meV | validation forces RMSE: 432.78 meV/A | validation forces MAE: 69.747 meV/A
[2025-11-04 14:21:45][INFO] - Epoch:   23 | learning rate: 1.000e-05 | training loss: 2.775e+00 | training energy RMSE (per atom):   9.80 meV | training energy MAE (per atom):   7.24 meV | training forces RMSE: 116.10 meV/A | training forces MAE: 63.909 meV/A | validation loss: 1.444e+00 | validation energy RMSE (per atom):  22.38 meV | validation energy MAE (per atom):   9.65 meV | validation forces RMSE: 432.59 meV/A | validation forces MAE: 69.614 meV/A
[2025-11-04 14:22:13][INFO] - Epoch:   24 | learning rate: 1.000e-05 | training loss: 2.850e+00 | training energy RMSE (per atom):   9.88 meV | training energy MAE (per atom):   7.31 meV | training forces RMSE: 115.76 meV/A | training forces MAE: 63.730 meV/A | validation loss: 1.443e+00 | validation energy RMSE (per atom):  22.37 meV | validation energy MAE (per atom):   8.79 meV | validation forces RMSE: 432.44 meV/A | validation forces MAE: 69.530 meV/A
[2025-11-04 14:22:40][INFO] - Epoch:   25 | learning rate: 1.000e-05 | training loss: 2.776e+00 | training energy RMSE (per atom):   9.89 meV | training energy MAE (per atom):   7.28 meV | training forces RMSE: 115.37 meV/A | training forces MAE: 63.492 meV/A | validation loss: 1.441e+00 | validation energy RMSE (per atom):  22.43 meV | validation energy MAE (per atom):   8.96 meV | validation forces RMSE: 432.19 meV/A | validation forces MAE: 69.279 meV/A
[2025-11-04 14:23:08][INFO] - Epoch:   26 | learning rate: 1.000e-05 | training loss: 2.758e+00 | training energy RMSE (per atom):   9.88 meV | training energy MAE (per atom):   7.30 meV | training forces RMSE: 115.05 meV/A | training forces MAE: 63.304 meV/A | validation loss: 1.441e+00 | validation energy RMSE (per atom):  22.78 meV | validation energy MAE (per atom):   8.37 meV | validation forces RMSE: 432.19 meV/A | validation forces MAE: 69.229 meV/A
[2025-11-04 14:23:35][INFO] - Epoch:   27 | learning rate: 1.000e-05 | training loss: 2.806e+00 | training energy RMSE (per atom):   9.78 meV | training energy MAE (per atom):   7.25 meV | training forces RMSE: 114.75 meV/A | training forces MAE: 63.244 meV/A | validation loss: 1.440e+00 | validation energy RMSE (per atom):  23.15 meV | validation energy MAE (per atom):   8.73 meV | validation forces RMSE: 432.10 meV/A | validation forces MAE: 69.043 meV/A
[2025-11-04 14:24:03][INFO] - Epoch:   28 | learning rate: 1.000e-05 | training loss: 2.765e+00 | training energy RMSE (per atom):   9.81 meV | training energy MAE (per atom):   7.22 meV | training forces RMSE: 114.44 meV/A | training forces MAE: 63.071 meV/A | validation loss: 1.439e+00 | validation energy RMSE (per atom):  22.32 meV | validation energy MAE (per atom):   9.56 meV | validation forces RMSE: 432.07 meV/A | validation forces MAE: 68.945 meV/A
[2025-11-04 14:24:30][INFO] - Epoch:   29 | learning rate: 1.000e-05 | training loss: 2.741e+00 | training energy RMSE (per atom):   9.65 meV | training energy MAE (per atom):   7.08 meV | training forces RMSE: 114.20 meV/A | training forces MAE: 62.940 meV/A | validation loss: 1.436e+00 | validation energy RMSE (per atom):  22.44 meV | validation energy MAE (per atom):   8.87 meV | validation forces RMSE: 431.59 meV/A | validation forces MAE: 68.781 meV/A
[2025-11-04 14:24:58][INFO] - Epoch:   30 | learning rate: 1.000e-05 | training loss: 2.752e+00 | training energy RMSE (per atom):   9.78 meV | training energy MAE (per atom):   7.21 meV | training forces RMSE: 113.87 meV/A | training forces MAE: 62.785 meV/A | validation loss: 1.437e+00 | validation energy RMSE (per atom):  22.32 meV | validation energy MAE (per atom):   8.63 meV | validation forces RMSE: 431.69 meV/A | validation forces MAE: 68.677 meV/A
[2025-11-04 14:25:25][INFO] - Epoch:   31 | learning rate: 1.000e-05 | training loss: 2.706e+00 | training energy RMSE (per atom):   9.59 meV | training energy MAE (per atom):   6.98 meV | training forces RMSE: 113.61 meV/A | training forces MAE: 62.634 meV/A | validation loss: 1.435e+00 | validation energy RMSE (per atom):  23.12 meV | validation energy MAE (per atom):  12.04 meV | validation forces RMSE: 431.35 meV/A | validation forces MAE: 68.653 meV/A
[2025-11-04 14:25:53][INFO] - Epoch:   32 | learning rate: 1.000e-05 | training loss: 2.718e+00 | training energy RMSE (per atom):   9.84 meV | training energy MAE (per atom):   7.21 meV | training forces RMSE: 113.30 meV/A | training forces MAE: 62.507 meV/A | validation loss: 1.436e+00 | validation energy RMSE (per atom):  22.98 meV | validation energy MAE (per atom):   8.38 meV | validation forces RMSE: 431.59 meV/A | validation forces MAE: 68.604 meV/A
[2025-11-04 14:26:20][INFO] - Epoch:   33 | learning rate: 1.000e-05 | training loss: 2.685e+00 | training energy RMSE (per atom):   9.60 meV | training energy MAE (per atom):   7.06 meV | training forces RMSE: 113.11 meV/A | training forces MAE: 62.458 meV/A | validation loss: 1.435e+00 | validation energy RMSE (per atom):  22.64 meV | validation energy MAE (per atom):  10.64 meV | validation forces RMSE: 431.46 meV/A | validation forces MAE: 68.275 meV/A
[2025-11-04 14:26:48][INFO] - Epoch:   34 | learning rate: 1.000e-05 | training loss: 2.696e+00 | training energy RMSE (per atom):   9.68 meV | training energy MAE (per atom):   7.15 meV | training forces RMSE: 112.90 meV/A | training forces MAE: 62.285 meV/A | validation loss: 1.436e+00 | validation energy RMSE (per atom):  23.21 meV | validation energy MAE (per atom):   8.69 meV | validation forces RMSE: 431.47 meV/A | validation forces MAE: 68.299 meV/A
[2025-11-04 14:27:15][INFO] - Epoch:   35 | learning rate: 1.000e-05 | training loss: 2.619e+00 | training energy RMSE (per atom):   9.68 meV | training energy MAE (per atom):   7.08 meV | training forces RMSE: 112.65 meV/A | training forces MAE: 62.172 meV/A | validation loss: 1.436e+00 | validation energy RMSE (per atom):  22.73 meV | validation energy MAE (per atom):   8.25 meV | validation forces RMSE: 431.60 meV/A | validation forces MAE: 68.181 meV/A
[2025-11-04 14:27:43][INFO] - Epoch:   36 | learning rate: 1.000e-05 | training loss: 2.725e+00 | training energy RMSE (per atom):   9.64 meV | training energy MAE (per atom):   7.02 meV | training forces RMSE: 112.43 meV/A | training forces MAE: 62.142 meV/A | validation loss: 1.432e+00 | validation energy RMSE (per atom):  22.48 meV | validation energy MAE (per atom):   8.61 meV | validation forces RMSE: 431.01 meV/A | validation forces MAE: 68.106 meV/A
[2025-11-04 14:28:11][INFO] - Epoch:   37 | learning rate: 1.000e-05 | training loss: 2.660e+00 | training energy RMSE (per atom):   9.64 meV | training energy MAE (per atom):   7.04 meV | training forces RMSE: 112.21 meV/A | training forces MAE: 62.025 meV/A | validation loss: 1.432e+00 | validation energy RMSE (per atom):  22.23 meV | validation energy MAE (per atom):   9.15 meV | validation forces RMSE: 431.14 meV/A | validation forces MAE: 67.883 meV/A
[2025-11-04 14:28:38][INFO] - Epoch:   38 | learning rate: 1.000e-05 | training loss: 2.671e+00 | training energy RMSE (per atom):   9.64 meV | training energy MAE (per atom):   7.01 meV | training forces RMSE: 112.01 meV/A | training forces MAE: 61.955 meV/A | validation loss: 1.433e+00 | validation energy RMSE (per atom):  22.65 meV | validation energy MAE (per atom):   8.31 meV | validation forces RMSE: 431.29 meV/A | validation forces MAE: 67.796 meV/A
[2025-11-04 14:29:06][INFO] - Epoch:   39 | learning rate: 1.000e-05 | training loss: 2.650e+00 | training energy RMSE (per atom):   9.78 meV | training energy MAE (per atom):   7.09 meV | training forces RMSE: 111.81 meV/A | training forces MAE: 61.856 meV/A | validation loss: 1.434e+00 | validation energy RMSE (per atom):  23.30 meV | validation energy MAE (per atom):   8.82 meV | validation forces RMSE: 431.28 meV/A | validation forces MAE: 67.839 meV/A
[2025-11-04 14:29:34][INFO] - Epoch:   40 | learning rate: 1.000e-05 | training loss: 2.617e+00 | training energy RMSE (per atom):   9.79 meV | training energy MAE (per atom):   7.10 meV | training forces RMSE: 111.61 meV/A | training forces MAE: 61.796 meV/A | validation loss: 1.433e+00 | validation energy RMSE (per atom):  22.28 meV | validation energy MAE (per atom):   8.89 meV | validation forces RMSE: 431.35 meV/A | validation forces MAE: 67.695 meV/A
[2025-11-04 14:30:01][INFO] - Epoch:   41 | learning rate: 1.000e-05 | training loss: 2.581e+00 | training energy RMSE (per atom):   9.80 meV | training energy MAE (per atom):   7.15 meV | training forces RMSE: 111.37 meV/A | training forces MAE: 61.540 meV/A | validation loss: 1.432e+00 | validation energy RMSE (per atom):  22.27 meV | validation energy MAE (per atom):   8.57 meV | validation forces RMSE: 431.28 meV/A | validation forces MAE: 67.591 meV/A
[2025-11-04 14:30:29][INFO] - Epoch:   42 | learning rate: 1.000e-05 | training loss: 2.579e+00 | training energy RMSE (per atom):   9.82 meV | training energy MAE (per atom):   7.15 meV | training forces RMSE: 111.29 meV/A | training forces MAE: 61.515 meV/A | validation loss: 1.432e+00 | validation energy RMSE (per atom):  22.43 meV | validation energy MAE (per atom):   9.75 meV | validation forces RMSE: 431.16 meV/A | validation forces MAE: 67.491 meV/A
[2025-11-04 14:30:56][INFO] - Epoch:   43 | learning rate: 1.000e-05 | training loss: 2.644e+00 | training energy RMSE (per atom):   9.74 meV | training energy MAE (per atom):   7.11 meV | training forces RMSE: 111.10 meV/A | training forces MAE: 61.501 meV/A | validation loss: 1.431e+00 | validation energy RMSE (per atom):  22.34 meV | validation energy MAE (per atom):   8.87 meV | validation forces RMSE: 431.15 meV/A | validation forces MAE: 67.405 meV/A
[2025-11-04 14:31:24][INFO] - Epoch:   44 | learning rate: 1.000e-05 | training loss: 2.584e+00 | training energy RMSE (per atom):   9.50 meV | training energy MAE (per atom):   6.93 meV | training forces RMSE: 110.93 meV/A | training forces MAE: 61.307 meV/A | validation loss: 1.432e+00 | validation energy RMSE (per atom):  22.19 meV | validation energy MAE (per atom):   8.65 meV | validation forces RMSE: 431.20 meV/A | validation forces MAE: 67.383 meV/A
[2025-11-04 14:31:51][INFO] - Epoch:   45 | learning rate: 1.000e-05 | training loss: 2.577e+00 | training energy RMSE (per atom):   9.68 meV | training energy MAE (per atom):   7.01 meV | training forces RMSE: 110.70 meV/A | training forces MAE: 61.205 meV/A | validation loss: 1.432e+00 | validation energy RMSE (per atom):  22.25 meV | validation energy MAE (per atom):   8.73 meV | validation forces RMSE: 431.23 meV/A | validation forces MAE: 67.317 meV/A
[2025-11-04 14:32:19][INFO] - Epoch:   46 | learning rate: 1.000e-05 | training loss: 2.560e+00 | training energy RMSE (per atom):   9.50 meV | training energy MAE (per atom):   6.94 meV | training forces RMSE: 110.59 meV/A | training forces MAE: 61.106 meV/A | validation loss: 1.433e+00 | validation energy RMSE (per atom):  23.17 meV | validation energy MAE (per atom):   8.58 meV | validation forces RMSE: 431.26 meV/A | validation forces MAE: 67.243 meV/A
[2025-11-04 14:32:47][INFO] - Epoch:   47 | learning rate: 1.000e-05 | training loss: 2.576e+00 | training energy RMSE (per atom):   9.47 meV | training energy MAE (per atom):   6.88 meV | training forces RMSE: 110.45 meV/A | training forces MAE: 61.113 meV/A | validation loss: 1.432e+00 | validation energy RMSE (per atom):  22.37 meV | validation energy MAE (per atom):   8.35 meV | validation forces RMSE: 431.25 meV/A | validation forces MAE: 67.301 meV/A
[2025-11-04 14:33:14][INFO] - Epoch:   48 | learning rate: 1.000e-05 | training loss: 2.578e+00 | training energy RMSE (per atom):   9.58 meV | training energy MAE (per atom):   6.91 meV | training forces RMSE: 110.28 meV/A | training forces MAE: 61.007 meV/A | validation loss: 1.431e+00 | validation energy RMSE (per atom):  22.53 meV | validation energy MAE (per atom):   8.42 meV | validation forces RMSE: 431.03 meV/A | validation forces MAE: 67.175 meV/A
[2025-11-04 14:33:41][INFO] - Epoch:   49 | learning rate: 1.000e-05 | training loss: 2.557e+00 | training energy RMSE (per atom):   9.38 meV | training energy MAE (per atom):   6.78 meV | training forces RMSE: 110.14 meV/A | training forces MAE: 60.948 meV/A | validation loss: 1.432e+00 | validation energy RMSE (per atom):  22.34 meV | validation energy MAE (per atom):   8.56 meV | validation forces RMSE: 431.24 meV/A | validation forces MAE: 67.102 meV/A
[2025-11-04 14:34:09][INFO] - Epoch:   50 | learning rate: 1.000e-05 | training loss: 2.528e+00 | training energy RMSE (per atom):   9.49 meV | training energy MAE (per atom):   6.86 meV | training forces RMSE: 110.01 meV/A | training forces MAE: 60.921 meV/A | validation loss: 1.433e+00 | validation energy RMSE (per atom):  23.15 meV | validation energy MAE (per atom):   8.45 meV | validation forces RMSE: 431.40 meV/A | validation forces MAE: 67.057 meV/A
[2025-11-04 14:34:36][INFO] - Epoch:   51 | learning rate: 1.000e-05 | training loss: 2.523e+00 | training energy RMSE (per atom):   9.43 meV | training energy MAE (per atom):   6.83 meV | training forces RMSE: 109.87 meV/A | training forces MAE: 60.832 meV/A | validation loss: 1.433e+00 | validation energy RMSE (per atom):  23.04 meV | validation energy MAE (per atom):   8.32 meV | validation forces RMSE: 431.39 meV/A | validation forces MAE: 67.035 meV/A
[2025-11-04 14:35:04][INFO] - Epoch:   52 | learning rate: 1.000e-05 | training loss: 2.517e+00 | training energy RMSE (per atom):   9.43 meV | training energy MAE (per atom):   6.85 meV | training forces RMSE: 109.70 meV/A | training forces MAE: 60.751 meV/A | validation loss: 1.431e+00 | validation energy RMSE (per atom):  22.28 meV | validation energy MAE (per atom):   8.60 meV | validation forces RMSE: 431.19 meV/A | validation forces MAE: 66.885 meV/A
[2025-11-04 14:35:31][INFO] - Epoch:   53 | learning rate: 1.000e-05 | training loss: 2.557e+00 | training energy RMSE (per atom):   9.60 meV | training energy MAE (per atom):   6.99 meV | training forces RMSE: 109.59 meV/A | training forces MAE: 60.732 meV/A | validation loss: 1.430e+00 | validation energy RMSE (per atom):  22.19 meV | validation energy MAE (per atom):   8.49 meV | validation forces RMSE: 431.10 meV/A | validation forces MAE: 66.823 meV/A
[2025-11-04 14:35:59][INFO] - Epoch:   54 | learning rate: 1.000e-05 | training loss: 2.491e+00 | training energy RMSE (per atom):   9.49 meV | training energy MAE (per atom):   6.88 meV | training forces RMSE: 109.48 meV/A | training forces MAE: 60.617 meV/A | validation loss: 1.431e+00 | validation energy RMSE (per atom):  22.50 meV | validation energy MAE (per atom):  10.34 meV | validation forces RMSE: 431.17 meV/A | validation forces MAE: 66.861 meV/A
[2025-11-04 14:36:26][INFO] - Epoch:   55 | learning rate: 1.000e-05 | training loss: 2.502e+00 | training energy RMSE (per atom):   9.62 meV | training energy MAE (per atom):   6.92 meV | training forces RMSE: 109.34 meV/A | training forces MAE: 60.514 meV/A | validation loss: 1.434e+00 | validation energy RMSE (per atom):  22.31 meV | validation energy MAE (per atom):   8.87 meV | validation forces RMSE: 431.57 meV/A | validation forces MAE: 66.812 meV/A
[2025-11-04 14:36:54][INFO] - Epoch:   56 | learning rate: 1.000e-05 | training loss: 2.502e+00 | training energy RMSE (per atom):   9.44 meV | training energy MAE (per atom):   6.86 meV | training forces RMSE: 109.22 meV/A | training forces MAE: 60.546 meV/A | validation loss: 1.432e+00 | validation energy RMSE (per atom):  22.33 meV | validation energy MAE (per atom):   8.33 meV | validation forces RMSE: 431.36 meV/A | validation forces MAE: 66.693 meV/A
[2025-11-04 14:37:21][INFO] - Epoch:   57 | learning rate: 1.000e-05 | training loss: 2.475e+00 | training energy RMSE (per atom):   9.59 meV | training energy MAE (per atom):   6.96 meV | training forces RMSE: 108.99 meV/A | training forces MAE: 60.368 meV/A | validation loss: 1.432e+00 | validation energy RMSE (per atom):  22.29 meV | validation energy MAE (per atom):   9.05 meV | validation forces RMSE: 431.43 meV/A | validation forces MAE: 66.773 meV/A
[2025-11-04 14:37:49][INFO] - Epoch:   58 | learning rate: 1.000e-05 | training loss: 2.505e+00 | training energy RMSE (per atom):   9.41 meV | training energy MAE (per atom):   6.85 meV | training forces RMSE: 108.90 meV/A | training forces MAE: 60.392 meV/A | validation loss: 1.435e+00 | validation energy RMSE (per atom):  23.76 meV | validation energy MAE (per atom):   9.56 meV | validation forces RMSE: 431.66 meV/A | validation forces MAE: 66.575 meV/A
[2025-11-04 14:38:16][INFO] - Epoch:   59 | learning rate: 1.000e-05 | training loss: 2.471e+00 | training energy RMSE (per atom):   9.61 meV | training energy MAE (per atom):   6.96 meV | training forces RMSE: 108.80 meV/A | training forces MAE: 60.346 meV/A | validation loss: 1.432e+00 | validation energy RMSE (per atom):  22.30 meV | validation energy MAE (per atom):   8.30 meV | validation forces RMSE: 431.45 meV/A | validation forces MAE: 66.549 meV/A
[2025-11-04 14:38:44][INFO] - Epoch:   60 | learning rate: 1.000e-05 | training loss: 2.517e+00 | training energy RMSE (per atom):   9.40 meV | training energy MAE (per atom):   6.79 meV | training forces RMSE: 108.73 meV/A | training forces MAE: 60.312 meV/A | validation loss: 1.433e+00 | validation energy RMSE (per atom):  23.14 meV | validation energy MAE (per atom):   8.51 meV | validation forces RMSE: 431.54 meV/A | validation forces MAE: 66.611 meV/A
[2025-11-04 14:39:11][INFO] - Epoch:   61 | learning rate: 1.000e-05 | training loss: 2.462e+00 | training energy RMSE (per atom):   9.41 meV | training energy MAE (per atom):   6.81 meV | training forces RMSE: 108.65 meV/A | training forces MAE: 60.222 meV/A | validation loss: 1.434e+00 | validation energy RMSE (per atom):  22.31 meV | validation energy MAE (per atom):   9.34 meV | validation forces RMSE: 431.71 meV/A | validation forces MAE: 66.544 meV/A
[2025-11-04 14:39:39][INFO] - Epoch:   62 | learning rate: 1.000e-05 | training loss: 2.446e+00 | training energy RMSE (per atom):   9.31 meV | training energy MAE (per atom):   6.75 meV | training forces RMSE: 108.39 meV/A | training forces MAE: 60.132 meV/A | validation loss: 1.434e+00 | validation energy RMSE (per atom):  22.25 meV | validation energy MAE (per atom):   8.94 meV | validation forces RMSE: 431.74 meV/A | validation forces MAE: 66.445 meV/A
[2025-11-04 14:40:07][INFO] - Epoch:   63 | learning rate: 1.000e-05 | training loss: 2.513e+00 | training energy RMSE (per atom):   9.73 meV | training energy MAE (per atom):   7.08 meV | training forces RMSE: 108.39 meV/A | training forces MAE: 60.128 meV/A | validation loss: 1.435e+00 | validation energy RMSE (per atom):  22.20 meV | validation energy MAE (per atom):   8.40 meV | validation forces RMSE: 431.93 meV/A | validation forces MAE: 66.386 meV/A
[2025-11-04 14:40:34][INFO] - Epoch:   64 | learning rate: 1.000e-05 | training loss: 2.432e+00 | training energy RMSE (per atom):   9.33 meV | training energy MAE (per atom):   6.74 meV | training forces RMSE: 108.27 meV/A | training forces MAE: 59.944 meV/A | validation loss: 1.434e+00 | validation energy RMSE (per atom):  22.29 meV | validation energy MAE (per atom):   8.48 meV | validation forces RMSE: 431.84 meV/A | validation forces MAE: 66.306 meV/A
[2025-11-04 14:41:01][INFO] - Epoch:   65 | learning rate: 1.000e-05 | training loss: 2.474e+00 | training energy RMSE (per atom):   9.47 meV | training energy MAE (per atom):   6.84 meV | training forces RMSE: 108.18 meV/A | training forces MAE: 59.987 meV/A | validation loss: 1.436e+00 | validation energy RMSE (per atom):  22.59 meV | validation energy MAE (per atom):  10.54 meV | validation forces RMSE: 432.00 meV/A | validation forces MAE: 66.273 meV/A
[2025-11-04 14:41:29][INFO] - Epoch:   66 | learning rate: 1.000e-05 | training loss: 2.444e+00 | training energy RMSE (per atom):   9.41 meV | training energy MAE (per atom):   6.78 meV | training forces RMSE: 107.99 meV/A | training forces MAE: 59.863 meV/A | validation loss: 1.436e+00 | validation energy RMSE (per atom):  22.12 meV | validation energy MAE (per atom):   8.80 meV | validation forces RMSE: 432.07 meV/A | validation forces MAE: 66.176 meV/A
[2025-11-04 14:41:56][INFO] - Epoch:   67 | learning rate: 1.000e-05 | training loss: 2.518e+00 | training energy RMSE (per atom):   9.65 meV | training energy MAE (per atom):   6.95 meV | training forces RMSE: 107.90 meV/A | training forces MAE: 59.780 meV/A | validation loss: 1.437e+00 | validation energy RMSE (per atom):  22.50 meV | validation energy MAE (per atom):   8.00 meV | validation forces RMSE: 432.20 meV/A | validation forces MAE: 66.164 meV/A
[2025-11-04 14:42:23][INFO] - Epoch:   68 | learning rate: 1.000e-05 | training loss: 2.452e+00 | training energy RMSE (per atom):   9.34 meV | training energy MAE (per atom):   6.73 meV | training forces RMSE: 107.88 meV/A | training forces MAE: 59.876 meV/A | validation loss: 1.437e+00 | validation energy RMSE (per atom):  22.31 meV | validation energy MAE (per atom):   9.87 meV | validation forces RMSE: 432.35 meV/A | validation forces MAE: 66.140 meV/A
[2025-11-04 14:42:51][INFO] - Epoch:   69 | learning rate: 1.000e-05 | training loss: 2.488e+00 | training energy RMSE (per atom):   9.44 meV | training energy MAE (per atom):   6.77 meV | training forces RMSE: 107.78 meV/A | training forces MAE: 59.794 meV/A | validation loss: 1.437e+00 | validation energy RMSE (per atom):  22.54 meV | validation energy MAE (per atom):   7.98 meV | validation forces RMSE: 432.30 meV/A | validation forces MAE: 66.067 meV/A
[2025-11-04 14:43:18][INFO] - Epoch:   70 | learning rate: 1.000e-05 | training loss: 2.436e+00 | training energy RMSE (per atom):   9.42 meV | training energy MAE (per atom):   6.80 meV | training forces RMSE: 107.63 meV/A | training forces MAE: 59.671 meV/A | validation loss: 1.437e+00 | validation energy RMSE (per atom):  22.21 meV | validation energy MAE (per atom):   8.45 meV | validation forces RMSE: 432.38 meV/A | validation forces MAE: 65.998 meV/A
[2025-11-04 14:43:46][INFO] - Epoch:   71 | learning rate: 1.000e-05 | training loss: 2.464e+00 | training energy RMSE (per atom):   9.51 meV | training energy MAE (per atom):   6.84 meV | training forces RMSE: 107.51 meV/A | training forces MAE: 59.656 meV/A | validation loss: 1.438e+00 | validation energy RMSE (per atom):  22.55 meV | validation energy MAE (per atom):   8.24 meV | validation forces RMSE: 432.43 meV/A | validation forces MAE: 66.046 meV/A
[2025-11-04 14:44:13][INFO] - Epoch:   72 | learning rate: 1.000e-05 | training loss: 2.425e+00 | training energy RMSE (per atom):   9.36 meV | training energy MAE (per atom):   6.71 meV | training forces RMSE: 107.41 meV/A | training forces MAE: 59.616 meV/A | validation loss: 1.440e+00 | validation energy RMSE (per atom):  22.53 meV | validation energy MAE (per atom):   8.17 meV | validation forces RMSE: 432.81 meV/A | validation forces MAE: 65.917 meV/A
[2025-11-04 14:44:40][INFO] - Epoch:   73 | learning rate: 1.000e-05 | training loss: 2.452e+00 | training energy RMSE (per atom):   9.41 meV | training energy MAE (per atom):   6.78 meV | training forces RMSE: 107.38 meV/A | training forces MAE: 59.658 meV/A | validation loss: 1.439e+00 | validation energy RMSE (per atom):  22.43 meV | validation energy MAE (per atom):   8.18 meV | validation forces RMSE: 432.66 meV/A | validation forces MAE: 65.872 meV/A
[2025-11-04 14:45:08][INFO] - Epoch:   74 | learning rate: 1.000e-05 | training loss: 2.455e+00 | training energy RMSE (per atom):   9.44 meV | training energy MAE (per atom):   6.82 meV | training forces RMSE: 107.30 meV/A | training forces MAE: 59.528 meV/A | validation loss: 1.439e+00 | validation energy RMSE (per atom):  22.16 meV | validation energy MAE (per atom):   8.91 meV | validation forces RMSE: 432.62 meV/A | validation forces MAE: 65.824 meV/A
[2025-11-04 14:45:35][INFO] - Epoch:   75 | learning rate: 1.000e-05 | training loss: 2.434e+00 | training energy RMSE (per atom):   9.38 meV | training energy MAE (per atom):   6.76 meV | training forces RMSE: 107.12 meV/A | training forces MAE: 59.407 meV/A | validation loss: 1.443e+00 | validation energy RMSE (per atom):  23.86 meV | validation energy MAE (per atom):   9.66 meV | validation forces RMSE: 433.08 meV/A | validation forces MAE: 65.922 meV/A
[2025-11-04 14:46:03][INFO] - Epoch:   76 | learning rate: 1.000e-05 | training loss: 2.391e+00 | training energy RMSE (per atom):   9.31 meV | training energy MAE (per atom):   6.75 meV | training forces RMSE: 107.08 meV/A | training forces MAE: 59.458 meV/A | validation loss: 1.440e+00 | validation energy RMSE (per atom):  22.50 meV | validation energy MAE (per atom):   7.96 meV | validation forces RMSE: 432.87 meV/A | validation forces MAE: 65.834 meV/A
[2025-11-04 14:46:31][INFO] - Epoch:   77 | learning rate: 1.000e-05 | training loss: 2.407e+00 | training energy RMSE (per atom):   9.27 meV | training energy MAE (per atom):   6.67 meV | training forces RMSE: 106.95 meV/A | training forces MAE: 59.358 meV/A | validation loss: 1.438e+00 | validation energy RMSE (per atom):  22.15 meV | validation energy MAE (per atom):   8.84 meV | validation forces RMSE: 432.48 meV/A | validation forces MAE: 65.720 meV/A
[2025-11-04 14:46:59][INFO] - Epoch:   78 | learning rate: 1.000e-05 | training loss: 2.391e+00 | training energy RMSE (per atom):   9.45 meV | training energy MAE (per atom):   6.82 meV | training forces RMSE: 106.89 meV/A | training forces MAE: 59.335 meV/A | validation loss: 1.441e+00 | validation energy RMSE (per atom):  22.26 meV | validation energy MAE (per atom):   8.46 meV | validation forces RMSE: 432.96 meV/A | validation forces MAE: 65.676 meV/A
[2025-11-04 14:47:26][INFO] - Epoch:   79 | learning rate: 1.000e-05 | training loss: 2.418e+00 | training energy RMSE (per atom):   9.22 meV | training energy MAE (per atom):   6.63 meV | training forces RMSE: 106.71 meV/A | training forces MAE: 59.301 meV/A | validation loss: 1.442e+00 | validation energy RMSE (per atom):  22.26 meV | validation energy MAE (per atom):   8.29 meV | validation forces RMSE: 433.09 meV/A | validation forces MAE: 65.722 meV/A
[2025-11-04 14:47:54][INFO] - Epoch:   80 | learning rate: 1.000e-05 | training loss: 2.399e+00 | training energy RMSE (per atom):   9.19 meV | training energy MAE (per atom):   6.55 meV | training forces RMSE: 106.67 meV/A | training forces MAE: 59.238 meV/A | validation loss: 1.441e+00 | validation energy RMSE (per atom):  22.28 meV | validation energy MAE (per atom):   8.39 meV | validation forces RMSE: 433.08 meV/A | validation forces MAE: 65.651 meV/A
[2025-11-04 14:48:21][INFO] - Epoch:   81 | learning rate: 1.000e-05 | training loss: 2.381e+00 | training energy RMSE (per atom):   9.33 meV | training energy MAE (per atom):   6.70 meV | training forces RMSE: 106.64 meV/A | training forces MAE: 59.208 meV/A | validation loss: 1.443e+00 | validation energy RMSE (per atom):  22.39 meV | validation energy MAE (per atom):   8.21 meV | validation forces RMSE: 433.36 meV/A | validation forces MAE: 65.594 meV/A
[2025-11-04 14:48:48][INFO] - Epoch:   82 | learning rate: 1.000e-05 | training loss: 2.368e+00 | training energy RMSE (per atom):   9.43 meV | training energy MAE (per atom):   6.86 meV | training forces RMSE: 106.49 meV/A | training forces MAE: 59.180 meV/A | validation loss: 1.443e+00 | validation energy RMSE (per atom):  22.25 meV | validation energy MAE (per atom):   8.22 meV | validation forces RMSE: 433.33 meV/A | validation forces MAE: 65.552 meV/A
[2025-11-04 14:49:16][INFO] - Epoch:   83 | learning rate: 1.000e-05 | training loss: 2.366e+00 | training energy RMSE (per atom):   9.35 meV | training energy MAE (per atom):   6.73 meV | training forces RMSE: 106.47 meV/A | training forces MAE: 59.139 meV/A | validation loss: 1.444e+00 | validation energy RMSE (per atom):  22.12 meV | validation energy MAE (per atom):   8.68 meV | validation forces RMSE: 433.45 meV/A | validation forces MAE: 65.521 meV/A
[2025-11-04 14:49:43][INFO] - Epoch:   84 | learning rate: 1.000e-05 | training loss: 2.341e+00 | training energy RMSE (per atom):   9.28 meV | training energy MAE (per atom):   6.68 meV | training forces RMSE: 106.37 meV/A | training forces MAE: 59.088 meV/A | validation loss: 1.446e+00 | validation energy RMSE (per atom):  22.70 meV | validation energy MAE (per atom):   8.10 meV | validation forces RMSE: 433.76 meV/A | validation forces MAE: 65.630 meV/A
[2025-11-04 14:50:10][INFO] - Epoch:   85 | learning rate: 1.000e-05 | training loss: 2.381e+00 | training energy RMSE (per atom):   9.13 meV | training energy MAE (per atom):   6.56 meV | training forces RMSE: 106.27 meV/A | training forces MAE: 59.051 meV/A | validation loss: 1.444e+00 | validation energy RMSE (per atom):  22.11 meV | validation energy MAE (per atom):   8.92 meV | validation forces RMSE: 433.58 meV/A | validation forces MAE: 65.436 meV/A
[2025-11-04 14:50:38][INFO] - Epoch:   86 | learning rate: 1.000e-05 | training loss: 2.369e+00 | training energy RMSE (per atom):   9.46 meV | training energy MAE (per atom):   6.80 meV | training forces RMSE: 106.14 meV/A | training forces MAE: 59.010 meV/A | validation loss: 1.445e+00 | validation energy RMSE (per atom):  22.96 meV | validation energy MAE (per atom):   8.39 meV | validation forces RMSE: 433.54 meV/A | validation forces MAE: 65.426 meV/A
[2025-11-04 14:51:06][INFO] - Epoch:   87 | learning rate: 1.000e-05 | training loss: 2.355e+00 | training energy RMSE (per atom):   9.30 meV | training energy MAE (per atom):   6.70 meV | training forces RMSE: 106.10 meV/A | training forces MAE: 58.926 meV/A | validation loss: 1.446e+00 | validation energy RMSE (per atom):  22.04 meV | validation energy MAE (per atom):   9.44 meV | validation forces RMSE: 433.90 meV/A | validation forces MAE: 65.540 meV/A
[2025-11-04 14:51:33][INFO] - Epoch:   88 | learning rate: 1.000e-05 | training loss: 2.382e+00 | training energy RMSE (per atom):   9.36 meV | training energy MAE (per atom):   6.69 meV | training forces RMSE: 106.04 meV/A | training forces MAE: 58.950 meV/A | validation loss: 1.447e+00 | validation energy RMSE (per atom):  22.63 meV | validation energy MAE (per atom):   7.95 meV | validation forces RMSE: 433.89 meV/A | validation forces MAE: 65.428 meV/A
[2025-11-04 14:52:00][INFO] - Epoch:   89 | learning rate: 1.000e-05 | training loss: 2.348e+00 | training energy RMSE (per atom):   9.23 meV | training energy MAE (per atom):   6.65 meV | training forces RMSE: 105.91 meV/A | training forces MAE: 58.873 meV/A | validation loss: 1.447e+00 | validation energy RMSE (per atom):  22.15 meV | validation energy MAE (per atom):   8.51 meV | validation forces RMSE: 434.06 meV/A | validation forces MAE: 65.327 meV/A
[2025-11-04 14:52:28][INFO] - Epoch:   90 | learning rate: 1.000e-05 | training loss: 2.330e+00 | training energy RMSE (per atom):   9.18 meV | training energy MAE (per atom):   6.60 meV | training forces RMSE: 105.81 meV/A | training forces MAE: 58.819 meV/A | validation loss: 1.448e+00 | validation energy RMSE (per atom):  22.68 meV | validation energy MAE (per atom):   8.00 meV | validation forces RMSE: 434.04 meV/A | validation forces MAE: 65.375 meV/A
[2025-11-04 14:52:55][INFO] - Epoch:   91 | learning rate: 1.000e-05 | training loss: 2.315e+00 | training energy RMSE (per atom):   9.31 meV | training energy MAE (per atom):   6.75 meV | training forces RMSE: 105.79 meV/A | training forces MAE: 58.747 meV/A | validation loss: 1.448e+00 | validation energy RMSE (per atom):  22.28 meV | validation energy MAE (per atom):   8.57 meV | validation forces RMSE: 434.13 meV/A | validation forces MAE: 65.515 meV/A
[2025-11-04 14:53:22][INFO] - Epoch:   92 | learning rate: 1.000e-05 | training loss: 2.308e+00 | training energy RMSE (per atom):   9.39 meV | training energy MAE (per atom):   6.75 meV | training forces RMSE: 105.71 meV/A | training forces MAE: 58.729 meV/A | validation loss: 1.449e+00 | validation energy RMSE (per atom):  22.30 meV | validation energy MAE (per atom):   8.40 meV | validation forces RMSE: 434.38 meV/A | validation forces MAE: 65.255 meV/A
[2025-11-04 14:53:50][INFO] - Epoch:   93 | learning rate: 1.000e-05 | training loss: 2.326e+00 | training energy RMSE (per atom):   9.18 meV | training energy MAE (per atom):   6.59 meV | training forces RMSE: 105.68 meV/A | training forces MAE: 58.800 meV/A | validation loss: 1.450e+00 | validation energy RMSE (per atom):  22.69 meV | validation energy MAE (per atom):   7.97 meV | validation forces RMSE: 434.51 meV/A | validation forces MAE: 65.214 meV/A
[2025-11-04 14:54:17][INFO] - Epoch:   94 | learning rate: 1.000e-05 | training loss: 2.374e+00 | training energy RMSE (per atom):   9.30 meV | training energy MAE (per atom):   6.68 meV | training forces RMSE: 105.59 meV/A | training forces MAE: 58.655 meV/A | validation loss: 1.450e+00 | validation energy RMSE (per atom):  22.01 meV | validation energy MAE (per atom):   8.60 meV | validation forces RMSE: 434.46 meV/A | validation forces MAE: 65.230 meV/A
[2025-11-04 14:54:45][INFO] - Epoch:   95 | learning rate: 1.000e-05 | training loss: 2.354e+00 | training energy RMSE (per atom):   9.31 meV | training energy MAE (per atom):   6.69 meV | training forces RMSE: 105.49 meV/A | training forces MAE: 58.654 meV/A | validation loss: 1.449e+00 | validation energy RMSE (per atom):  22.13 meV | validation energy MAE (per atom):   8.43 meV | validation forces RMSE: 434.41 meV/A | validation forces MAE: 65.333 meV/A
[2025-11-04 14:55:12][INFO] - Epoch:   96 | learning rate: 1.000e-05 | training loss: 2.316e+00 | training energy RMSE (per atom):   9.10 meV | training energy MAE (per atom):   6.52 meV | training forces RMSE: 105.44 meV/A | training forces MAE: 58.642 meV/A | validation loss: 1.452e+00 | validation energy RMSE (per atom):  22.49 meV | validation energy MAE (per atom):  10.04 meV | validation forces RMSE: 434.86 meV/A | validation forces MAE: 65.143 meV/A
[2025-11-04 14:55:40][INFO] - Epoch:   97 | learning rate: 1.000e-05 | training loss: 2.299e+00 | training energy RMSE (per atom):   9.33 meV | training energy MAE (per atom):   6.70 meV | training forces RMSE: 105.32 meV/A | training forces MAE: 58.528 meV/A | validation loss: 1.453e+00 | validation energy RMSE (per atom):  22.12 meV | validation energy MAE (per atom):   8.97 meV | validation forces RMSE: 434.91 meV/A | validation forces MAE: 65.091 meV/A
[2025-11-04 14:56:08][INFO] - Epoch:   98 | learning rate: 1.000e-05 | training loss: 2.327e+00 | training energy RMSE (per atom):   9.07 meV | training energy MAE (per atom):   6.48 meV | training forces RMSE: 105.26 meV/A | training forces MAE: 58.543 meV/A | validation loss: 1.453e+00 | validation energy RMSE (per atom):  22.47 meV | validation energy MAE (per atom):   8.16 meV | validation forces RMSE: 435.00 meV/A | validation forces MAE: 65.069 meV/A
[2025-11-04 14:56:35][INFO] - Epoch:   99 | learning rate: 1.000e-05 | training loss: 2.313e+00 | training energy RMSE (per atom):   9.13 meV | training energy MAE (per atom):   6.50 meV | training forces RMSE: 105.20 meV/A | training forces MAE: 58.453 meV/A | validation loss: 1.452e+00 | validation energy RMSE (per atom):  22.23 meV | validation energy MAE (per atom):   8.90 meV | validation forces RMSE: 434.78 meV/A | validation forces MAE: 65.031 meV/A
[2025-11-04 14:57:03][INFO] - Epoch:  100 | learning rate: 1.000e-05 | training loss: 2.322e+00 | training energy RMSE (per atom):   9.30 meV | training energy MAE (per atom):   6.72 meV | training forces RMSE: 105.18 meV/A | training forces MAE: 58.472 meV/A | validation loss: 1.455e+00 | validation energy RMSE (per atom):  23.02 meV | validation energy MAE (per atom):   8.47 meV | validation forces RMSE: 435.16 meV/A | validation forces MAE: 65.112 meV/A
[2025-11-04 14:57:31][INFO] - Epoch:  101 | learning rate: 1.000e-05 | training loss: 2.324e+00 | training energy RMSE (per atom):   9.43 meV | training energy MAE (per atom):   6.73 meV | training forces RMSE: 105.13 meV/A | training forces MAE: 58.436 meV/A | validation loss: 1.453e+00 | validation energy RMSE (per atom):  22.34 meV | validation energy MAE (per atom):  10.01 meV | validation forces RMSE: 435.07 meV/A | validation forces MAE: 65.084 meV/A
[2025-11-04 14:57:59][INFO] - Epoch:  102 | learning rate: 1.000e-05 | training loss: 2.331e+00 | training energy RMSE (per atom):   9.29 meV | training energy MAE (per atom):   6.69 meV | training forces RMSE: 105.04 meV/A | training forces MAE: 58.445 meV/A | validation loss: 1.456e+00 | validation energy RMSE (per atom):  22.61 meV | validation energy MAE (per atom):   8.02 meV | validation forces RMSE: 435.46 meV/A | validation forces MAE: 65.028 meV/A
[2025-11-04 14:58:26][INFO] - Epoch:  103 | learning rate: 1.000e-05 | training loss: 2.327e+00 | training energy RMSE (per atom):   9.26 meV | training energy MAE (per atom):   6.64 meV | training forces RMSE: 104.94 meV/A | training forces MAE: 58.370 meV/A | validation loss: 1.456e+00 | validation energy RMSE (per atom):  22.39 meV | validation energy MAE (per atom):   8.25 meV | validation forces RMSE: 435.53 meV/A | validation forces MAE: 64.902 meV/A
[2025-11-04 14:58:53][INFO] - Epoch:  104 | learning rate: 1.000e-05 | training loss: 2.297e+00 | training energy RMSE (per atom):   9.20 meV | training energy MAE (per atom):   6.67 meV | training forces RMSE: 104.88 meV/A | training forces MAE: 58.337 meV/A | validation loss: 1.456e+00 | validation energy RMSE (per atom):  22.39 meV | validation energy MAE (per atom):   8.03 meV | validation forces RMSE: 435.51 meV/A | validation forces MAE: 64.875 meV/A
[2025-11-04 14:59:21][INFO] - Epoch:  105 | learning rate: 1.000e-05 | training loss: 2.312e+00 | training energy RMSE (per atom):   9.27 meV | training energy MAE (per atom):   6.66 meV | training forces RMSE: 104.82 meV/A | training forces MAE: 58.306 meV/A | validation loss: 1.456e+00 | validation energy RMSE (per atom):  22.23 meV | validation energy MAE (per atom):   9.36 meV | validation forces RMSE: 435.50 meV/A | validation forces MAE: 65.020 meV/A
[2025-11-04 14:59:49][INFO] - Epoch:  106 | learning rate: 1.000e-05 | training loss: 2.297e+00 | training energy RMSE (per atom):   9.14 meV | training energy MAE (per atom):   6.56 meV | training forces RMSE: 104.80 meV/A | training forces MAE: 58.297 meV/A | validation loss: 1.456e+00 | validation energy RMSE (per atom):  22.08 meV | validation energy MAE (per atom):   8.09 meV | validation forces RMSE: 435.50 meV/A | validation forces MAE: 64.993 meV/A
[2025-11-04 15:00:16][INFO] - Epoch:  107 | learning rate: 1.000e-05 | training loss: 2.268e+00 | training energy RMSE (per atom):   9.22 meV | training energy MAE (per atom):   6.65 meV | training forces RMSE: 104.66 meV/A | training forces MAE: 58.299 meV/A | validation loss: 1.458e+00 | validation energy RMSE (per atom):  22.02 meV | validation energy MAE (per atom):   8.27 meV | validation forces RMSE: 435.83 meV/A | validation forces MAE: 64.828 meV/A
[2025-11-04 15:00:44][INFO] - Epoch:  108 | learning rate: 1.000e-05 | training loss: 2.291e+00 | training energy RMSE (per atom):   9.16 meV | training energy MAE (per atom):   6.52 meV | training forces RMSE: 104.56 meV/A | training forces MAE: 58.173 meV/A | validation loss: 1.458e+00 | validation energy RMSE (per atom):  22.07 meV | validation energy MAE (per atom):   8.59 meV | validation forces RMSE: 435.92 meV/A | validation forces MAE: 64.770 meV/A
[2025-11-04 15:01:11][INFO] - Epoch:  109 | learning rate: 1.000e-05 | training loss: 2.317e+00 | training energy RMSE (per atom):   9.12 meV | training energy MAE (per atom):   6.56 meV | training forces RMSE: 104.54 meV/A | training forces MAE: 58.154 meV/A | validation loss: 1.459e+00 | validation energy RMSE (per atom):  22.13 meV | validation energy MAE (per atom):   9.50 meV | validation forces RMSE: 435.96 meV/A | validation forces MAE: 64.758 meV/A
[2025-11-04 15:01:39][INFO] - Epoch:  110 | learning rate: 1.000e-05 | training loss: 2.271e+00 | training energy RMSE (per atom):   9.29 meV | training energy MAE (per atom):   6.64 meV | training forces RMSE: 104.47 meV/A | training forces MAE: 58.138 meV/A | validation loss: 1.461e+00 | validation energy RMSE (per atom):  22.22 meV | validation energy MAE (per atom):   8.12 meV | validation forces RMSE: 436.31 meV/A | validation forces MAE: 64.800 meV/A
[2025-11-04 15:02:06][INFO] - Epoch:  111 | learning rate: 1.000e-05 | training loss: 2.302e+00 | training energy RMSE (per atom):   9.27 meV | training energy MAE (per atom):   6.60 meV | training forces RMSE: 104.38 meV/A | training forces MAE: 58.077 meV/A | validation loss: 1.462e+00 | validation energy RMSE (per atom):  22.15 meV | validation energy MAE (per atom):   8.86 meV | validation forces RMSE: 436.40 meV/A | validation forces MAE: 64.790 meV/A
[2025-11-04 15:02:33][INFO] - Epoch:  112 | learning rate: 1.000e-05 | training loss: 2.311e+00 | training energy RMSE (per atom):   9.23 meV | training energy MAE (per atom):   6.68 meV | training forces RMSE: 104.40 meV/A | training forces MAE: 58.123 meV/A | validation loss: 1.462e+00 | validation energy RMSE (per atom):  22.00 meV | validation energy MAE (per atom):   8.62 meV | validation forces RMSE: 436.49 meV/A | validation forces MAE: 64.703 meV/A
[2025-11-04 15:03:01][INFO] - Epoch:  113 | learning rate: 1.000e-05 | training loss: 2.328e+00 | training energy RMSE (per atom):   9.15 meV | training energy MAE (per atom):   6.59 meV | training forces RMSE: 104.26 meV/A | training forces MAE: 57.989 meV/A | validation loss: 1.463e+00 | validation energy RMSE (per atom):  22.08 meV | validation energy MAE (per atom):   7.89 meV | validation forces RMSE: 436.64 meV/A | validation forces MAE: 64.716 meV/A
[2025-11-04 15:03:28][INFO] - Epoch:  114 | learning rate: 1.000e-05 | training loss: 2.312e+00 | training energy RMSE (per atom):   9.20 meV | training energy MAE (per atom):   6.57 meV | training forces RMSE: 104.24 meV/A | training forces MAE: 58.075 meV/A | validation loss: 1.465e+00 | validation energy RMSE (per atom):  22.04 meV | validation energy MAE (per atom):   8.04 meV | validation forces RMSE: 437.02 meV/A | validation forces MAE: 64.735 meV/A
[2025-11-04 15:03:56][INFO] - Epoch:  115 | learning rate: 1.000e-05 | training loss: 2.266e+00 | training energy RMSE (per atom):   9.11 meV | training energy MAE (per atom):   6.53 meV | training forces RMSE: 104.19 meV/A | training forces MAE: 57.902 meV/A | validation loss: 1.463e+00 | validation energy RMSE (per atom):  22.07 meV | validation energy MAE (per atom):   8.42 meV | validation forces RMSE: 436.67 meV/A | validation forces MAE: 64.857 meV/A
[2025-11-04 15:04:23][INFO] - Epoch:  116 | learning rate: 1.000e-05 | training loss: 2.299e+00 | training energy RMSE (per atom):   9.17 meV | training energy MAE (per atom):   6.58 meV | training forces RMSE: 104.10 meV/A | training forces MAE: 58.008 meV/A | validation loss: 1.465e+00 | validation energy RMSE (per atom):  22.20 meV | validation energy MAE (per atom):   8.06 meV | validation forces RMSE: 436.92 meV/A | validation forces MAE: 64.751 meV/A
[2025-11-04 15:04:50][INFO] - Epoch:  117 | learning rate: 1.000e-05 | training loss: 2.302e+00 | training energy RMSE (per atom):   9.24 meV | training energy MAE (per atom):   6.61 meV | training forces RMSE: 104.03 meV/A | training forces MAE: 57.923 meV/A | validation loss: 1.466e+00 | validation energy RMSE (per atom):  22.79 meV | validation energy MAE (per atom):   8.10 meV | validation forces RMSE: 437.10 meV/A | validation forces MAE: 64.578 meV/A
[2025-11-04 15:05:17][INFO] - Epoch:  118 | learning rate: 1.000e-05 | training loss: 2.310e+00 | training energy RMSE (per atom):   9.12 meV | training energy MAE (per atom):   6.59 meV | training forces RMSE: 103.98 meV/A | training forces MAE: 57.969 meV/A | validation loss: 1.466e+00 | validation energy RMSE (per atom):  22.30 meV | validation energy MAE (per atom):   7.75 meV | validation forces RMSE: 437.13 meV/A | validation forces MAE: 64.649 meV/A
[2025-11-04 15:05:45][INFO] - Epoch:  119 | learning rate: 1.000e-05 | training loss: 2.244e+00 | training energy RMSE (per atom):   9.28 meV | training energy MAE (per atom):   6.65 meV | training forces RMSE: 103.94 meV/A | training forces MAE: 57.888 meV/A | validation loss: 1.467e+00 | validation energy RMSE (per atom):  22.46 meV | validation energy MAE (per atom):   8.03 meV | validation forces RMSE: 437.29 meV/A | validation forces MAE: 64.597 meV/A
[2025-11-04 15:06:12][INFO] - Epoch:  120 | learning rate: 1.000e-05 | training loss: 2.265e+00 | training energy RMSE (per atom):   9.33 meV | training energy MAE (per atom):   6.68 meV | training forces RMSE: 103.89 meV/A | training forces MAE: 57.853 meV/A | validation loss: 1.469e+00 | validation energy RMSE (per atom):  22.49 meV | validation energy MAE (per atom):   7.80 meV | validation forces RMSE: 437.50 meV/A | validation forces MAE: 64.606 meV/A
[2025-11-04 15:06:40][INFO] - Epoch:  121 | learning rate: 1.000e-05 | training loss: 2.276e+00 | training energy RMSE (per atom):   9.23 meV | training energy MAE (per atom):   6.60 meV | training forces RMSE: 103.82 meV/A | training forces MAE: 57.836 meV/A | validation loss: 1.468e+00 | validation energy RMSE (per atom):  22.11 meV | validation energy MAE (per atom):   8.35 meV | validation forces RMSE: 437.38 meV/A | validation forces MAE: 64.666 meV/A
[2025-11-04 15:07:08][INFO] - Epoch:  122 | learning rate: 1.000e-05 | training loss: 2.239e+00 | training energy RMSE (per atom):   9.14 meV | training energy MAE (per atom):   6.59 meV | training forces RMSE: 103.77 meV/A | training forces MAE: 57.869 meV/A | validation loss: 1.469e+00 | validation energy RMSE (per atom):  22.14 meV | validation energy MAE (per atom):   8.22 meV | validation forces RMSE: 437.55 meV/A | validation forces MAE: 64.693 meV/A
[2025-11-04 15:07:35][INFO] - Epoch:  123 | learning rate: 1.000e-05 | training loss: 2.227e+00 | training energy RMSE (per atom):   9.24 meV | training energy MAE (per atom):   6.62 meV | training forces RMSE: 103.65 meV/A | training forces MAE: 57.737 meV/A | validation loss: 1.472e+00 | validation energy RMSE (per atom):  23.14 meV | validation energy MAE (per atom):   8.48 meV | validation forces RMSE: 437.97 meV/A | validation forces MAE: 64.548 meV/A
[2025-11-04 15:08:03][INFO] - Epoch:  124 | learning rate: 1.000e-05 | training loss: 2.254e+00 | training energy RMSE (per atom):   9.06 meV | training energy MAE (per atom):   6.47 meV | training forces RMSE: 103.62 meV/A | training forces MAE: 57.749 meV/A | validation loss: 1.471e+00 | validation energy RMSE (per atom):  22.27 meV | validation energy MAE (per atom):   7.98 meV | validation forces RMSE: 437.94 meV/A | validation forces MAE: 64.448 meV/A
[2025-11-04 15:08:30][INFO] - Epoch:  125 | learning rate: 1.000e-05 | training loss: 2.260e+00 | training energy RMSE (per atom):   9.01 meV | training energy MAE (per atom):   6.40 meV | training forces RMSE: 103.59 meV/A | training forces MAE: 57.720 meV/A | validation loss: 1.471e+00 | validation energy RMSE (per atom):  21.92 meV | validation energy MAE (per atom):   8.46 meV | validation forces RMSE: 438.00 meV/A | validation forces MAE: 64.456 meV/A
[2025-11-04 15:08:58][INFO] - Epoch:  126 | learning rate: 1.000e-05 | training loss: 2.228e+00 | training energy RMSE (per atom):   9.32 meV | training energy MAE (per atom):   6.62 meV | training forces RMSE: 103.49 meV/A | training forces MAE: 57.662 meV/A | validation loss: 1.472e+00 | validation energy RMSE (per atom):  22.12 meV | validation energy MAE (per atom):   8.24 meV | validation forces RMSE: 438.05 meV/A | validation forces MAE: 64.837 meV/A
[2025-11-04 15:09:26][INFO] - Epoch:  127 | learning rate: 1.000e-05 | training loss: 2.214e+00 | training energy RMSE (per atom):   9.41 meV | training energy MAE (per atom):   6.81 meV | training forces RMSE: 103.47 meV/A | training forces MAE: 57.633 meV/A | validation loss: 1.474e+00 | validation energy RMSE (per atom):  22.59 meV | validation energy MAE (per atom):   7.90 meV | validation forces RMSE: 438.38 meV/A | validation forces MAE: 64.497 meV/A
[2025-11-04 15:09:53][INFO] - Epoch:  128 | learning rate: 1.000e-05 | training loss: 2.287e+00 | training energy RMSE (per atom):   9.28 meV | training energy MAE (per atom):   6.69 meV | training forces RMSE: 103.34 meV/A | training forces MAE: 57.604 meV/A | validation loss: 1.475e+00 | validation energy RMSE (per atom):  22.15 meV | validation energy MAE (per atom):   8.21 meV | validation forces RMSE: 438.48 meV/A | validation forces MAE: 64.459 meV/A
[2025-11-04 15:10:21][INFO] - Epoch:  129 | learning rate: 1.000e-05 | training loss: 2.236e+00 | training energy RMSE (per atom):   8.98 meV | training energy MAE (per atom):   6.42 meV | training forces RMSE: 103.34 meV/A | training forces MAE: 57.565 meV/A | validation loss: 1.476e+00 | validation energy RMSE (per atom):  22.08 meV | validation energy MAE (per atom):   8.23 meV | validation forces RMSE: 438.71 meV/A | validation forces MAE: 64.403 meV/A
[2025-11-04 15:10:48][INFO] - Epoch:  130 | learning rate: 1.000e-05 | training loss: 2.235e+00 | training energy RMSE (per atom):   9.22 meV | training energy MAE (per atom):   6.61 meV | training forces RMSE: 103.32 meV/A | training forces MAE: 57.578 meV/A | validation loss: 1.476e+00 | validation energy RMSE (per atom):  22.21 meV | validation energy MAE (per atom):   7.95 meV | validation forces RMSE: 438.66 meV/A | validation forces MAE: 64.434 meV/A
[2025-11-04 15:11:16][INFO] - Epoch:  131 | learning rate: 1.000e-05 | training loss: 2.229e+00 | training energy RMSE (per atom):   8.96 meV | training energy MAE (per atom):   6.40 meV | training forces RMSE: 103.25 meV/A | training forces MAE: 57.537 meV/A | validation loss: 1.478e+00 | validation energy RMSE (per atom):  22.13 meV | validation energy MAE (per atom):   8.04 meV | validation forces RMSE: 438.96 meV/A | validation forces MAE: 64.341 meV/A
[2025-11-04 15:11:44][INFO] - Epoch:  132 | learning rate: 1.000e-05 | training loss: 2.230e+00 | training energy RMSE (per atom):   9.07 meV | training energy MAE (per atom):   6.43 meV | training forces RMSE: 103.14 meV/A | training forces MAE: 57.502 meV/A | validation loss: 1.478e+00 | validation energy RMSE (per atom):  22.70 meV | validation energy MAE (per atom):   7.92 meV | validation forces RMSE: 439.02 meV/A | validation forces MAE: 64.319 meV/A
[2025-11-04 15:12:11][INFO] - Epoch:  133 | learning rate: 1.000e-05 | training loss: 2.236e+00 | training energy RMSE (per atom):   9.31 meV | training energy MAE (per atom):   6.68 meV | training forces RMSE: 103.14 meV/A | training forces MAE: 57.515 meV/A | validation loss: 1.477e+00 | validation energy RMSE (per atom):  22.23 meV | validation energy MAE (per atom):   7.74 meV | validation forces RMSE: 438.90 meV/A | validation forces MAE: 64.404 meV/A
[2025-11-04 15:12:38][INFO] - Epoch:  134 | learning rate: 1.000e-05 | training loss: 2.211e+00 | training energy RMSE (per atom):   9.13 meV | training energy MAE (per atom):   6.53 meV | training forces RMSE: 103.13 meV/A | training forces MAE: 57.418 meV/A | validation loss: 1.478e+00 | validation energy RMSE (per atom):  22.28 meV | validation energy MAE (per atom):   7.95 meV | validation forces RMSE: 439.06 meV/A | validation forces MAE: 64.295 meV/A
[2025-11-04 15:13:06][INFO] - Epoch:  135 | learning rate: 1.000e-05 | training loss: 2.234e+00 | training energy RMSE (per atom):   8.99 meV | training energy MAE (per atom):   6.38 meV | training forces RMSE: 103.05 meV/A | training forces MAE: 57.433 meV/A | validation loss: 1.479e+00 | validation energy RMSE (per atom):  22.33 meV | validation energy MAE (per atom):   7.87 meV | validation forces RMSE: 439.15 meV/A | validation forces MAE: 64.202 meV/A
[2025-11-04 15:13:33][INFO] - Epoch:  136 | learning rate: 1.000e-05 | training loss: 2.258e+00 | training energy RMSE (per atom):   8.95 meV | training energy MAE (per atom):   6.40 meV | training forces RMSE: 102.95 meV/A | training forces MAE: 57.482 meV/A | validation loss: 1.479e+00 | validation energy RMSE (per atom):  22.06 meV | validation energy MAE (per atom):   9.41 meV | validation forces RMSE: 439.20 meV/A | validation forces MAE: 64.255 meV/A
[2025-11-04 15:14:00][INFO] - Epoch:  137 | learning rate: 1.000e-05 | training loss: 2.231e+00 | training energy RMSE (per atom):   9.09 meV | training energy MAE (per atom):   6.49 meV | training forces RMSE: 102.91 meV/A | training forces MAE: 57.402 meV/A | validation loss: 1.479e+00 | validation energy RMSE (per atom):  22.15 meV | validation energy MAE (per atom):   7.91 meV | validation forces RMSE: 439.22 meV/A | validation forces MAE: 64.301 meV/A
[2025-11-04 15:14:28][INFO] - Epoch:  138 | learning rate: 1.000e-05 | training loss: 2.224e+00 | training energy RMSE (per atom):   9.08 meV | training energy MAE (per atom):   6.46 meV | training forces RMSE: 102.88 meV/A | training forces MAE: 57.385 meV/A | validation loss: 1.482e+00 | validation energy RMSE (per atom):  22.47 meV | validation energy MAE (per atom):  10.67 meV | validation forces RMSE: 439.58 meV/A | validation forces MAE: 64.417 meV/A
[2025-11-04 15:14:55][INFO] - Epoch:  139 | learning rate: 1.000e-05 | training loss: 2.198e+00 | training energy RMSE (per atom):   9.21 meV | training energy MAE (per atom):   6.63 meV | training forces RMSE: 102.77 meV/A | training forces MAE: 57.362 meV/A | validation loss: 1.481e+00 | validation energy RMSE (per atom):  22.03 meV | validation energy MAE (per atom):   7.92 meV | validation forces RMSE: 439.44 meV/A | validation forces MAE: 64.215 meV/A
[2025-11-04 15:15:23][INFO] - Epoch:  140 | learning rate: 1.000e-05 | training loss: 2.234e+00 | training energy RMSE (per atom):   9.12 meV | training energy MAE (per atom):   6.49 meV | training forces RMSE: 102.76 meV/A | training forces MAE: 57.316 meV/A | validation loss: 1.483e+00 | validation energy RMSE (per atom):  22.03 meV | validation energy MAE (per atom):   9.20 meV | validation forces RMSE: 439.84 meV/A | validation forces MAE: 64.165 meV/A
[2025-11-04 15:15:51][INFO] - Epoch:  141 | learning rate: 1.000e-05 | training loss: 2.208e+00 | training energy RMSE (per atom):   9.02 meV | training energy MAE (per atom):   6.38 meV | training forces RMSE: 102.76 meV/A | training forces MAE: 57.387 meV/A | validation loss: 1.483e+00 | validation energy RMSE (per atom):  22.38 meV | validation energy MAE (per atom):  10.84 meV | validation forces RMSE: 439.74 meV/A | validation forces MAE: 64.192 meV/A
[2025-11-04 15:16:18][INFO] - Epoch:  142 | learning rate: 1.000e-05 | training loss: 2.266e+00 | training energy RMSE (per atom):   9.40 meV | training energy MAE (per atom):   6.81 meV | training forces RMSE: 102.72 meV/A | training forces MAE: 57.267 meV/A | validation loss: 1.484e+00 | validation energy RMSE (per atom):  22.07 meV | validation energy MAE (per atom):   9.37 meV | validation forces RMSE: 439.96 meV/A | validation forces MAE: 64.238 meV/A
[2025-11-04 15:16:46][INFO] - Epoch:  143 | learning rate: 1.000e-05 | training loss: 2.189e+00 | training energy RMSE (per atom):   9.13 meV | training energy MAE (per atom):   6.51 meV | training forces RMSE: 102.61 meV/A | training forces MAE: 57.288 meV/A | validation loss: 1.485e+00 | validation energy RMSE (per atom):  21.88 meV | validation energy MAE (per atom):   8.08 meV | validation forces RMSE: 440.16 meV/A | validation forces MAE: 64.227 meV/A
[2025-11-04 15:17:14][INFO] - Epoch:  144 | learning rate: 1.000e-05 | training loss: 2.225e+00 | training energy RMSE (per atom):   9.05 meV | training energy MAE (per atom):   6.43 meV | training forces RMSE: 102.57 meV/A | training forces MAE: 57.233 meV/A | validation loss: 1.486e+00 | validation energy RMSE (per atom):  21.85 meV | validation energy MAE (per atom):   8.72 meV | validation forces RMSE: 440.33 meV/A | validation forces MAE: 64.103 meV/A
[2025-11-04 15:17:41][INFO] - Epoch:  145 | learning rate: 1.000e-05 | training loss: 2.182e+00 | training energy RMSE (per atom):   9.05 meV | training energy MAE (per atom):   6.43 meV | training forces RMSE: 102.47 meV/A | training forces MAE: 57.185 meV/A | validation loss: 1.486e+00 | validation energy RMSE (per atom):  22.04 meV | validation energy MAE (per atom):   8.41 meV | validation forces RMSE: 440.30 meV/A | validation forces MAE: 64.196 meV/A
[2025-11-04 15:18:09][INFO] - Epoch:  146 | learning rate: 1.000e-05 | training loss: 2.241e+00 | training energy RMSE (per atom):   9.35 meV | training energy MAE (per atom):   6.68 meV | training forces RMSE: 102.41 meV/A | training forces MAE: 57.174 meV/A | validation loss: 1.488e+00 | validation energy RMSE (per atom):  22.00 meV | validation energy MAE (per atom):   8.15 meV | validation forces RMSE: 440.63 meV/A | validation forces MAE: 64.139 meV/A
[2025-11-04 15:18:36][INFO] - Epoch:  147 | learning rate: 1.000e-05 | training loss: 2.192e+00 | training energy RMSE (per atom):   9.02 meV | training energy MAE (per atom):   6.38 meV | training forces RMSE: 102.44 meV/A | training forces MAE: 57.227 meV/A | validation loss: 1.488e+00 | validation energy RMSE (per atom):  22.34 meV | validation energy MAE (per atom):   7.96 meV | validation forces RMSE: 440.55 meV/A | validation forces MAE: 64.036 meV/A
[2025-11-04 15:19:04][INFO] - Epoch:  148 | learning rate: 1.000e-05 | training loss: 2.185e+00 | training energy RMSE (per atom):   9.28 meV | training energy MAE (per atom):   6.64 meV | training forces RMSE: 102.35 meV/A | training forces MAE: 57.138 meV/A | validation loss: 1.488e+00 | validation energy RMSE (per atom):  21.95 meV | validation energy MAE (per atom):   8.01 meV | validation forces RMSE: 440.68 meV/A | validation forces MAE: 64.134 meV/A
[2025-11-04 15:19:32][INFO] - Epoch:  149 | learning rate: 1.000e-05 | training loss: 2.223e+00 | training energy RMSE (per atom):   8.79 meV | training energy MAE (per atom):   6.22 meV | training forces RMSE: 102.30 meV/A | training forces MAE: 57.091 meV/A | validation loss: 1.489e+00 | validation energy RMSE (per atom):  21.99 meV | validation energy MAE (per atom):   8.90 meV | validation forces RMSE: 440.82 meV/A | validation forces MAE: 64.105 meV/A
[2025-11-04 15:20:00][INFO] - Epoch:  150 | learning rate: 1.000e-05 | training loss: 2.182e+00 | training energy RMSE (per atom):   9.07 meV | training energy MAE (per atom):   6.44 meV | training forces RMSE: 102.30 meV/A | training forces MAE: 57.084 meV/A | validation loss: 1.490e+00 | validation energy RMSE (per atom):  22.07 meV | validation energy MAE (per atom):   8.06 meV | validation forces RMSE: 440.88 meV/A | validation forces MAE: 64.024 meV/A
[2025-11-04 15:20:27][INFO] - Epoch:  151 | learning rate: 1.000e-05 | training loss: 2.199e+00 | training energy RMSE (per atom):   9.19 meV | training energy MAE (per atom):   6.54 meV | training forces RMSE: 102.27 meV/A | training forces MAE: 57.112 meV/A | validation loss: 1.492e+00 | validation energy RMSE (per atom):  22.70 meV | validation energy MAE (per atom):   7.98 meV | validation forces RMSE: 441.24 meV/A | validation forces MAE: 64.112 meV/A
[2025-11-04 15:20:55][INFO] - Epoch:  152 | learning rate: 1.000e-05 | training loss: 2.191e+00 | training energy RMSE (per atom):   9.14 meV | training energy MAE (per atom):   6.49 meV | training forces RMSE: 102.18 meV/A | training forces MAE: 57.081 meV/A | validation loss: 1.492e+00 | validation energy RMSE (per atom):  22.30 meV | validation energy MAE (per atom):   7.61 meV | validation forces RMSE: 441.17 meV/A | validation forces MAE: 63.984 meV/A
[2025-11-04 15:21:22][INFO] - Epoch:  153 | learning rate: 1.000e-05 | training loss: 2.143e+00 | training energy RMSE (per atom):   8.92 meV | training energy MAE (per atom):   6.35 meV | training forces RMSE: 102.09 meV/A | training forces MAE: 57.035 meV/A | validation loss: 1.493e+00 | validation energy RMSE (per atom):  22.31 meV | validation energy MAE (per atom):   7.55 meV | validation forces RMSE: 441.35 meV/A | validation forces MAE: 64.185 meV/A
[2025-11-04 15:21:49][INFO] - Epoch:  154 | learning rate: 1.000e-05 | training loss: 2.214e+00 | training energy RMSE (per atom):   9.15 meV | training energy MAE (per atom):   6.54 meV | training forces RMSE: 102.12 meV/A | training forces MAE: 57.053 meV/A | validation loss: 1.493e+00 | validation energy RMSE (per atom):  22.20 meV | validation energy MAE (per atom):   7.84 meV | validation forces RMSE: 441.41 meV/A | validation forces MAE: 63.972 meV/A
[2025-11-04 15:22:16][INFO] - Epoch:  155 | learning rate: 1.000e-05 | training loss: 2.215e+00 | training energy RMSE (per atom):   9.08 meV | training energy MAE (per atom):   6.43 meV | training forces RMSE: 102.12 meV/A | training forces MAE: 57.021 meV/A | validation loss: 1.494e+00 | validation energy RMSE (per atom):  21.94 meV | validation energy MAE (per atom):   8.39 meV | validation forces RMSE: 441.65 meV/A | validation forces MAE: 63.925 meV/A
[2025-11-04 15:22:43][INFO] - Epoch:  156 | learning rate: 1.000e-05 | training loss: 2.176e+00 | training energy RMSE (per atom):   8.75 meV | training energy MAE (per atom):   6.19 meV | training forces RMSE: 102.03 meV/A | training forces MAE: 56.926 meV/A | validation loss: 1.495e+00 | validation energy RMSE (per atom):  22.05 meV | validation energy MAE (per atom):   8.05 meV | validation forces RMSE: 441.64 meV/A | validation forces MAE: 64.450 meV/A
[2025-11-04 15:23:11][INFO] - Epoch:  157 | learning rate: 1.000e-05 | training loss: 2.187e+00 | training energy RMSE (per atom):   9.10 meV | training energy MAE (per atom):   6.47 meV | training forces RMSE: 101.99 meV/A | training forces MAE: 56.951 meV/A | validation loss: 1.495e+00 | validation energy RMSE (per atom):  21.99 meV | validation energy MAE (per atom):   8.14 meV | validation forces RMSE: 441.75 meV/A | validation forces MAE: 63.934 meV/A
[2025-11-04 15:23:39][INFO] - Epoch:  158 | learning rate: 1.000e-05 | training loss: 2.201e+00 | training energy RMSE (per atom):   8.85 meV | training energy MAE (per atom):   6.27 meV | training forces RMSE: 101.94 meV/A | training forces MAE: 56.952 meV/A | validation loss: 1.496e+00 | validation energy RMSE (per atom):  22.23 meV | validation energy MAE (per atom):   7.79 meV | validation forces RMSE: 441.87 meV/A | validation forces MAE: 63.987 meV/A
[2025-11-04 15:24:06][INFO] - Epoch:  159 | learning rate: 1.000e-05 | training loss: 2.216e+00 | training energy RMSE (per atom):   8.98 meV | training energy MAE (per atom):   6.39 meV | training forces RMSE: 101.86 meV/A | training forces MAE: 56.919 meV/A | validation loss: 1.496e+00 | validation energy RMSE (per atom):  22.14 meV | validation energy MAE (per atom):   7.81 meV | validation forces RMSE: 441.83 meV/A | validation forces MAE: 64.061 meV/A
[2025-11-04 15:24:33][INFO] - Epoch:  160 | learning rate: 1.000e-05 | training loss: 2.175e+00 | training energy RMSE (per atom):   9.12 meV | training energy MAE (per atom):   6.48 meV | training forces RMSE: 101.79 meV/A | training forces MAE: 56.870 meV/A | validation loss: 1.497e+00 | validation energy RMSE (per atom):  22.07 meV | validation energy MAE (per atom):   8.01 meV | validation forces RMSE: 442.09 meV/A | validation forces MAE: 63.904 meV/A
[2025-11-04 15:25:01][INFO] - Epoch:  161 | learning rate: 1.000e-05 | training loss: 2.137e+00 | training energy RMSE (per atom):   9.07 meV | training energy MAE (per atom):   6.51 meV | training forces RMSE: 101.75 meV/A | training forces MAE: 56.872 meV/A | validation loss: 1.498e+00 | validation energy RMSE (per atom):  21.99 meV | validation energy MAE (per atom):   8.23 meV | validation forces RMSE: 442.22 meV/A | validation forces MAE: 63.985 meV/A
[2025-11-04 15:25:28][INFO] - Epoch:  162 | learning rate: 1.000e-05 | training loss: 2.168e+00 | training energy RMSE (per atom):   8.93 meV | training energy MAE (per atom):   6.31 meV | training forces RMSE: 101.74 meV/A | training forces MAE: 56.877 meV/A | validation loss: 1.499e+00 | validation energy RMSE (per atom):  22.02 meV | validation energy MAE (per atom):   8.20 meV | validation forces RMSE: 442.39 meV/A | validation forces MAE: 64.002 meV/A
[2025-11-04 15:25:56][INFO] - Epoch:  163 | learning rate: 1.000e-05 | training loss: 2.155e+00 | training energy RMSE (per atom):   9.21 meV | training energy MAE (per atom):   6.55 meV | training forces RMSE: 101.70 meV/A | training forces MAE: 56.809 meV/A | validation loss: 1.501e+00 | validation energy RMSE (per atom):  22.03 meV | validation energy MAE (per atom):   8.72 meV | validation forces RMSE: 442.61 meV/A | validation forces MAE: 63.856 meV/A
[2025-11-04 15:26:23][INFO] - Epoch:  164 | learning rate: 1.000e-05 | training loss: 2.198e+00 | training energy RMSE (per atom):   9.11 meV | training energy MAE (per atom):   6.45 meV | training forces RMSE: 101.69 meV/A | training forces MAE: 56.737 meV/A | validation loss: 1.500e+00 | validation energy RMSE (per atom):  21.86 meV | validation energy MAE (per atom):   8.13 meV | validation forces RMSE: 442.52 meV/A | validation forces MAE: 63.962 meV/A
[2025-11-04 15:26:50][INFO] - Epoch:  165 | learning rate: 1.000e-05 | training loss: 2.220e+00 | training energy RMSE (per atom):   8.91 meV | training energy MAE (per atom):   6.27 meV | training forces RMSE: 101.65 meV/A | training forces MAE: 56.769 meV/A | validation loss: 1.503e+00 | validation energy RMSE (per atom):  22.83 meV | validation energy MAE (per atom):   7.95 meV | validation forces RMSE: 442.82 meV/A | validation forces MAE: 63.895 meV/A
[2025-11-04 15:27:18][INFO] - Epoch:  166 | learning rate: 1.000e-05 | training loss: 2.173e+00 | training energy RMSE (per atom):   9.25 meV | training energy MAE (per atom):   6.54 meV | training forces RMSE: 101.56 meV/A | training forces MAE: 56.726 meV/A | validation loss: 1.503e+00 | validation energy RMSE (per atom):  22.73 meV | validation energy MAE (per atom):   7.92 meV | validation forces RMSE: 442.90 meV/A | validation forces MAE: 63.834 meV/A
[2025-11-04 15:27:45][INFO] - Epoch:  167 | learning rate: 1.000e-05 | training loss: 2.203e+00 | training energy RMSE (per atom):   8.97 meV | training energy MAE (per atom):   6.37 meV | training forces RMSE: 101.59 meV/A | training forces MAE: 56.789 meV/A | validation loss: 1.504e+00 | validation energy RMSE (per atom):  22.17 meV | validation energy MAE (per atom):   7.46 meV | validation forces RMSE: 443.06 meV/A | validation forces MAE: 63.864 meV/A
[2025-11-04 15:28:13][INFO] - Epoch:  168 | learning rate: 1.000e-05 | training loss: 2.170e+00 | training energy RMSE (per atom):   8.97 meV | training energy MAE (per atom):   6.37 meV | training forces RMSE: 101.47 meV/A | training forces MAE: 56.701 meV/A | validation loss: 1.504e+00 | validation energy RMSE (per atom):  21.88 meV | validation energy MAE (per atom):   9.08 meV | validation forces RMSE: 443.09 meV/A | validation forces MAE: 63.809 meV/A
[2025-11-04 15:28:40][INFO] - Epoch:  169 | learning rate: 1.000e-05 | training loss: 2.081e+00 | training energy RMSE (per atom):   9.09 meV | training energy MAE (per atom):   6.48 meV | training forces RMSE: 101.41 meV/A | training forces MAE: 56.694 meV/A | validation loss: 1.505e+00 | validation energy RMSE (per atom):  22.19 meV | validation energy MAE (per atom):   7.45 meV | validation forces RMSE: 443.33 meV/A | validation forces MAE: 63.801 meV/A
[2025-11-04 15:29:08][INFO] - Epoch:  170 | learning rate: 1.000e-05 | training loss: 2.167e+00 | training energy RMSE (per atom):   8.85 meV | training energy MAE (per atom):   6.30 meV | training forces RMSE: 101.40 meV/A | training forces MAE: 56.710 meV/A | validation loss: 1.505e+00 | validation energy RMSE (per atom):  22.12 meV | validation energy MAE (per atom):   7.68 meV | validation forces RMSE: 443.34 meV/A | validation forces MAE: 63.778 meV/A
[2025-11-04 15:29:35][INFO] - Epoch:  171 | learning rate: 1.000e-05 | training loss: 2.156e+00 | training energy RMSE (per atom):   8.96 meV | training energy MAE (per atom):   6.36 meV | training forces RMSE: 101.35 meV/A | training forces MAE: 56.671 meV/A | validation loss: 1.505e+00 | validation energy RMSE (per atom):  22.04 meV | validation energy MAE (per atom):   8.62 meV | validation forces RMSE: 443.35 meV/A | validation forces MAE: 63.683 meV/A
[2025-11-04 15:30:03][INFO] - Epoch:  172 | learning rate: 1.000e-05 | training loss: 2.183e+00 | training energy RMSE (per atom):   9.28 meV | training energy MAE (per atom):   6.66 meV | training forces RMSE: 101.34 meV/A | training forces MAE: 56.726 meV/A | validation loss: 1.507e+00 | validation energy RMSE (per atom):  22.40 meV | validation energy MAE (per atom):   7.65 meV | validation forces RMSE: 443.50 meV/A | validation forces MAE: 63.687 meV/A
[2025-11-04 15:30:31][INFO] - Epoch:  173 | learning rate: 1.000e-05 | training loss: 2.104e+00 | training energy RMSE (per atom):   9.08 meV | training energy MAE (per atom):   6.50 meV | training forces RMSE: 101.31 meV/A | training forces MAE: 56.635 meV/A | validation loss: 1.508e+00 | validation energy RMSE (per atom):  21.93 meV | validation energy MAE (per atom):   7.91 meV | validation forces RMSE: 443.69 meV/A | validation forces MAE: 63.716 meV/A
[2025-11-04 15:30:58][INFO] - Epoch:  174 | learning rate: 1.000e-05 | training loss: 2.139e+00 | training energy RMSE (per atom):   9.07 meV | training energy MAE (per atom):   6.44 meV | training forces RMSE: 101.22 meV/A | training forces MAE: 56.536 meV/A | validation loss: 1.508e+00 | validation energy RMSE (per atom):  22.13 meV | validation energy MAE (per atom):   9.64 meV | validation forces RMSE: 443.67 meV/A | validation forces MAE: 63.807 meV/A
[2025-11-04 15:31:26][INFO] - Epoch:  175 | learning rate: 1.000e-05 | training loss: 2.181e+00 | training energy RMSE (per atom):   9.12 meV | training energy MAE (per atom):   6.48 meV | training forces RMSE: 101.17 meV/A | training forces MAE: 56.554 meV/A | validation loss: 1.508e+00 | validation energy RMSE (per atom):  22.07 meV | validation energy MAE (per atom):   7.79 meV | validation forces RMSE: 443.71 meV/A | validation forces MAE: 63.775 meV/A
[2025-11-04 15:31:54][INFO] - Epoch:  176 | learning rate: 1.000e-05 | training loss: 2.116e+00 | training energy RMSE (per atom):   8.96 meV | training energy MAE (per atom):   6.36 meV | training forces RMSE: 101.09 meV/A | training forces MAE: 56.564 meV/A | validation loss: 1.508e+00 | validation energy RMSE (per atom):  22.04 meV | validation energy MAE (per atom):   9.19 meV | validation forces RMSE: 443.74 meV/A | validation forces MAE: 63.736 meV/A
[2025-11-04 15:32:21][INFO] - Epoch:  177 | learning rate: 1.000e-05 | training loss: 2.151e+00 | training energy RMSE (per atom):   9.04 meV | training energy MAE (per atom):   6.46 meV | training forces RMSE: 101.17 meV/A | training forces MAE: 56.564 meV/A | validation loss: 1.509e+00 | validation energy RMSE (per atom):  21.85 meV | validation energy MAE (per atom):   8.11 meV | validation forces RMSE: 443.94 meV/A | validation forces MAE: 63.650 meV/A
[2025-11-04 15:32:48][INFO] - Epoch:  178 | learning rate: 1.000e-05 | training loss: 2.168e+00 | training energy RMSE (per atom):   8.95 meV | training energy MAE (per atom):   6.32 meV | training forces RMSE: 101.05 meV/A | training forces MAE: 56.503 meV/A | validation loss: 1.509e+00 | validation energy RMSE (per atom):  22.84 meV | validation energy MAE (per atom):   8.12 meV | validation forces RMSE: 443.90 meV/A | validation forces MAE: 63.821 meV/A
[2025-11-04 15:33:16][INFO] - Epoch:  179 | learning rate: 1.000e-05 | training loss: 2.142e+00 | training energy RMSE (per atom):   9.41 meV | training energy MAE (per atom):   6.73 meV | training forces RMSE: 101.02 meV/A | training forces MAE: 56.517 meV/A | validation loss: 1.511e+00 | validation energy RMSE (per atom):  21.96 meV | validation energy MAE (per atom):   8.36 meV | validation forces RMSE: 444.16 meV/A | validation forces MAE: 63.619 meV/A
[2025-11-04 15:33:43][INFO] - Epoch:  180 | learning rate: 1.000e-05 | training loss: 2.155e+00 | training energy RMSE (per atom):   8.95 meV | training energy MAE (per atom):   6.33 meV | training forces RMSE: 100.97 meV/A | training forces MAE: 56.518 meV/A | validation loss: 1.512e+00 | validation energy RMSE (per atom):  22.04 meV | validation energy MAE (per atom):   7.99 meV | validation forces RMSE: 444.27 meV/A | validation forces MAE: 63.929 meV/A
[2025-11-04 15:34:10][INFO] - Epoch:  181 | learning rate: 1.000e-05 | training loss: 2.137e+00 | training energy RMSE (per atom):   8.91 meV | training energy MAE (per atom):   6.27 meV | training forces RMSE: 100.93 meV/A | training forces MAE: 56.478 meV/A | validation loss: 1.513e+00 | validation energy RMSE (per atom):  22.63 meV | validation energy MAE (per atom):   7.91 meV | validation forces RMSE: 444.40 meV/A | validation forces MAE: 63.632 meV/A
[2025-11-04 15:34:38][INFO] - Epoch:  182 | learning rate: 1.000e-05 | training loss: 2.194e+00 | training energy RMSE (per atom):   8.80 meV | training energy MAE (per atom):   6.22 meV | training forces RMSE: 100.93 meV/A | training forces MAE: 56.452 meV/A | validation loss: 1.512e+00 | validation energy RMSE (per atom):  21.83 meV | validation energy MAE (per atom):   8.38 meV | validation forces RMSE: 444.33 meV/A | validation forces MAE: 63.530 meV/A
[2025-11-04 15:35:05][INFO] - Epoch:  183 | learning rate: 1.000e-05 | training loss: 2.198e+00 | training energy RMSE (per atom):   9.07 meV | training energy MAE (per atom):   6.44 meV | training forces RMSE: 100.91 meV/A | training forces MAE: 56.473 meV/A | validation loss: 1.515e+00 | validation energy RMSE (per atom):  21.83 meV | validation energy MAE (per atom):   7.99 meV | validation forces RMSE: 444.87 meV/A | validation forces MAE: 63.596 meV/A
[2025-11-04 15:35:32][INFO] - Epoch:  184 | learning rate: 1.000e-05 | training loss: 2.107e+00 | training energy RMSE (per atom):   9.00 meV | training energy MAE (per atom):   6.33 meV | training forces RMSE: 100.84 meV/A | training forces MAE: 56.455 meV/A | validation loss: 1.515e+00 | validation energy RMSE (per atom):  22.09 meV | validation energy MAE (per atom):   8.21 meV | validation forces RMSE: 444.82 meV/A | validation forces MAE: 63.559 meV/A
[2025-11-04 15:36:00][INFO] - Epoch:  185 | learning rate: 1.000e-05 | training loss: 2.136e+00 | training energy RMSE (per atom):   9.18 meV | training energy MAE (per atom):   6.51 meV | training forces RMSE: 100.79 meV/A | training forces MAE: 56.348 meV/A | validation loss: 1.515e+00 | validation energy RMSE (per atom):  21.93 meV | validation energy MAE (per atom):   8.01 meV | validation forces RMSE: 444.93 meV/A | validation forces MAE: 63.568 meV/A
[2025-11-04 15:36:27][INFO] - Epoch:  186 | learning rate: 1.000e-05 | training loss: 2.139e+00 | training energy RMSE (per atom):   9.37 meV | training energy MAE (per atom):   6.74 meV | training forces RMSE: 100.73 meV/A | training forces MAE: 56.347 meV/A | validation loss: 1.516e+00 | validation energy RMSE (per atom):  22.30 meV | validation energy MAE (per atom):  10.61 meV | validation forces RMSE: 444.91 meV/A | validation forces MAE: 63.683 meV/A
[2025-11-04 15:36:55][INFO] - Epoch:  187 | learning rate: 1.000e-05 | training loss: 2.138e+00 | training energy RMSE (per atom):   9.05 meV | training energy MAE (per atom):   6.44 meV | training forces RMSE: 100.74 meV/A | training forces MAE: 56.366 meV/A | validation loss: 1.518e+00 | validation energy RMSE (per atom):  21.97 meV | validation energy MAE (per atom):   7.52 meV | validation forces RMSE: 445.26 meV/A | validation forces MAE: 63.631 meV/A
[2025-11-04 15:37:22][INFO] - Epoch:  188 | learning rate: 1.000e-05 | training loss: 2.140e+00 | training energy RMSE (per atom):   8.77 meV | training energy MAE (per atom):   6.19 meV | training forces RMSE: 100.74 meV/A | training forces MAE: 56.362 meV/A | validation loss: 1.517e+00 | validation energy RMSE (per atom):  22.12 meV | validation energy MAE (per atom):   7.87 meV | validation forces RMSE: 445.11 meV/A | validation forces MAE: 63.685 meV/A
[2025-11-04 15:37:50][INFO] - Epoch:  189 | learning rate: 1.000e-05 | training loss: 2.102e+00 | training energy RMSE (per atom):   8.96 meV | training energy MAE (per atom):   6.36 meV | training forces RMSE: 100.68 meV/A | training forces MAE: 56.383 meV/A | validation loss: 1.519e+00 | validation energy RMSE (per atom):  22.45 meV | validation energy MAE (per atom):   7.71 meV | validation forces RMSE: 445.41 meV/A | validation forces MAE: 63.622 meV/A
[2025-11-04 15:38:18][INFO] - Epoch:  190 | learning rate: 1.000e-05 | training loss: 2.110e+00 | training energy RMSE (per atom):   8.79 meV | training energy MAE (per atom):   6.17 meV | training forces RMSE: 100.61 meV/A | training forces MAE: 56.305 meV/A | validation loss: 1.519e+00 | validation energy RMSE (per atom):  22.53 meV | validation energy MAE (per atom):   7.69 meV | validation forces RMSE: 445.31 meV/A | validation forces MAE: 63.625 meV/A
[2025-11-04 15:38:45][INFO] - Epoch:  191 | learning rate: 1.000e-05 | training loss: 2.089e+00 | training energy RMSE (per atom):   8.77 meV | training energy MAE (per atom):   6.14 meV | training forces RMSE: 100.64 meV/A | training forces MAE: 56.327 meV/A | validation loss: 1.518e+00 | validation energy RMSE (per atom):  22.06 meV | validation energy MAE (per atom):   9.71 meV | validation forces RMSE: 445.32 meV/A | validation forces MAE: 63.543 meV/A
[2025-11-04 15:39:12][INFO] - Epoch:  192 | learning rate: 1.000e-05 | training loss: 2.155e+00 | training energy RMSE (per atom):   8.84 meV | training energy MAE (per atom):   6.24 meV | training forces RMSE: 100.61 meV/A | training forces MAE: 56.300 meV/A | validation loss: 1.520e+00 | validation energy RMSE (per atom):  21.92 meV | validation energy MAE (per atom):   8.05 meV | validation forces RMSE: 445.64 meV/A | validation forces MAE: 63.481 meV/A
[2025-11-04 15:39:40][INFO] - Epoch:  193 | learning rate: 1.000e-05 | training loss: 2.171e+00 | training energy RMSE (per atom):   8.83 meV | training energy MAE (per atom):   6.29 meV | training forces RMSE: 100.47 meV/A | training forces MAE: 56.286 meV/A | validation loss: 1.520e+00 | validation energy RMSE (per atom):  22.30 meV | validation energy MAE (per atom):   7.78 meV | validation forces RMSE: 445.61 meV/A | validation forces MAE: 63.464 meV/A
[2025-11-04 15:40:07][INFO] - Epoch:  194 | learning rate: 1.000e-05 | training loss: 2.108e+00 | training energy RMSE (per atom):   8.88 meV | training energy MAE (per atom):   6.30 meV | training forces RMSE: 100.49 meV/A | training forces MAE: 56.333 meV/A | validation loss: 1.521e+00 | validation energy RMSE (per atom):  22.17 meV | validation energy MAE (per atom):   7.49 meV | validation forces RMSE: 445.80 meV/A | validation forces MAE: 63.487 meV/A
[2025-11-04 15:40:35][INFO] - Epoch:  195 | learning rate: 1.000e-05 | training loss: 2.140e+00 | training energy RMSE (per atom):   8.78 meV | training energy MAE (per atom):   6.19 meV | training forces RMSE: 100.50 meV/A | training forces MAE: 56.225 meV/A | validation loss: 1.523e+00 | validation energy RMSE (per atom):  22.05 meV | validation energy MAE (per atom):   7.46 meV | validation forces RMSE: 445.99 meV/A | validation forces MAE: 63.546 meV/A
[2025-11-04 15:41:02][INFO] - Epoch:  196 | learning rate: 1.000e-05 | training loss: 2.081e+00 | training energy RMSE (per atom):   9.13 meV | training energy MAE (per atom):   6.54 meV | training forces RMSE: 100.39 meV/A | training forces MAE: 56.244 meV/A | validation loss: 1.520e+00 | validation energy RMSE (per atom):  22.56 meV | validation energy MAE (per atom):   7.88 meV | validation forces RMSE: 445.61 meV/A | validation forces MAE: 63.565 meV/A
[2025-11-04 15:41:29][INFO] - Epoch:  197 | learning rate: 1.000e-05 | training loss: 2.116e+00 | training energy RMSE (per atom):   8.83 meV | training energy MAE (per atom):   6.26 meV | training forces RMSE: 100.34 meV/A | training forces MAE: 56.248 meV/A | validation loss: 1.524e+00 | validation energy RMSE (per atom):  21.98 meV | validation energy MAE (per atom):   7.73 meV | validation forces RMSE: 446.17 meV/A | validation forces MAE: 63.506 meV/A
[2025-11-04 15:41:57][INFO] - Epoch:  198 | learning rate: 1.000e-05 | training loss: 2.133e+00 | training energy RMSE (per atom):   8.85 meV | training energy MAE (per atom):   6.26 meV | training forces RMSE: 100.36 meV/A | training forces MAE: 56.202 meV/A | validation loss: 1.525e+00 | validation energy RMSE (per atom):  22.57 meV | validation energy MAE (per atom):   7.73 meV | validation forces RMSE: 446.27 meV/A | validation forces MAE: 63.481 meV/A
[2025-11-04 15:42:24][INFO] - Epoch:  199 | learning rate: 1.000e-05 | training loss: 2.153e+00 | training energy RMSE (per atom):   8.78 meV | training energy MAE (per atom):   6.21 meV | training forces RMSE: 100.32 meV/A | training forces MAE: 56.201 meV/A | validation loss: 1.524e+00 | validation energy RMSE (per atom):  21.86 meV | validation energy MAE (per atom):   7.97 meV | validation forces RMSE: 446.32 meV/A | validation forces MAE: 63.447 meV/A
[2025-11-04 15:42:52][INFO] - Epoch:  200 | learning rate: 1.000e-05 | training loss: 2.122e+00 | training energy RMSE (per atom):   8.87 meV | training energy MAE (per atom):   6.26 meV | training forces RMSE: 100.27 meV/A | training forces MAE: 56.179 meV/A | validation loss: 1.527e+00 | validation energy RMSE (per atom):  22.64 meV | validation energy MAE (per atom):   7.81 meV | validation forces RMSE: 446.57 meV/A | validation forces MAE: 63.505 meV/A
[2025-11-04 15:43:20][INFO] - Epoch:  201 | learning rate: 1.000e-05 | training loss: 2.132e+00 | training energy RMSE (per atom):   8.86 meV | training energy MAE (per atom):   6.30 meV | training forces RMSE: 100.24 meV/A | training forces MAE: 56.146 meV/A | validation loss: 1.528e+00 | validation energy RMSE (per atom):  22.03 meV | validation energy MAE (per atom):   7.53 meV | validation forces RMSE: 446.83 meV/A | validation forces MAE: 63.432 meV/A
[2025-11-04 15:43:47][INFO] - Epoch:  202 | learning rate: 1.000e-05 | training loss: 2.104e+00 | training energy RMSE (per atom):   8.86 meV | training energy MAE (per atom):   6.30 meV | training forces RMSE: 100.17 meV/A | training forces MAE: 56.112 meV/A | validation loss: 1.527e+00 | validation energy RMSE (per atom):  22.18 meV | validation energy MAE (per atom):   9.75 meV | validation forces RMSE: 446.72 meV/A | validation forces MAE: 63.317 meV/A
[2025-11-04 15:44:15][INFO] - Epoch:  203 | learning rate: 1.000e-05 | training loss: 2.161e+00 | training energy RMSE (per atom):   8.92 meV | training energy MAE (per atom):   6.29 meV | training forces RMSE: 100.25 meV/A | training forces MAE: 56.131 meV/A | validation loss: 1.529e+00 | validation energy RMSE (per atom):  22.44 meV | validation energy MAE (per atom):   7.63 meV | validation forces RMSE: 446.90 meV/A | validation forces MAE: 63.485 meV/A
[2025-11-04 15:44:42][INFO] - Epoch:  204 | learning rate: 1.000e-05 | training loss: 2.124e+00 | training energy RMSE (per atom):   8.72 meV | training energy MAE (per atom):   6.13 meV | training forces RMSE: 100.04 meV/A | training forces MAE: 56.082 meV/A | validation loss: 1.530e+00 | validation energy RMSE (per atom):  22.22 meV | validation energy MAE (per atom):   7.65 meV | validation forces RMSE: 447.14 meV/A | validation forces MAE: 63.405 meV/A
[2025-11-04 15:45:10][INFO] - Epoch:  205 | learning rate: 1.000e-05 | training loss: 2.075e+00 | training energy RMSE (per atom):   8.83 meV | training energy MAE (per atom):   6.22 meV | training forces RMSE: 100.10 meV/A | training forces MAE: 56.151 meV/A | validation loss: 1.531e+00 | validation energy RMSE (per atom):  22.47 meV | validation energy MAE (per atom):   7.61 meV | validation forces RMSE: 447.31 meV/A | validation forces MAE: 63.383 meV/A
[2025-11-04 15:45:38][INFO] - Epoch:  206 | learning rate: 1.000e-05 | training loss: 2.097e+00 | training energy RMSE (per atom):   8.96 meV | training energy MAE (per atom):   6.29 meV | training forces RMSE: 100.09 meV/A | training forces MAE: 56.093 meV/A | validation loss: 1.531e+00 | validation energy RMSE (per atom):  21.96 meV | validation energy MAE (per atom):   8.76 meV | validation forces RMSE: 447.37 meV/A | validation forces MAE: 63.316 meV/A
[2025-11-04 15:46:05][INFO] - Epoch:  207 | learning rate: 1.000e-05 | training loss: 2.109e+00 | training energy RMSE (per atom):   8.85 meV | training energy MAE (per atom):   6.26 meV | training forces RMSE: 100.07 meV/A | training forces MAE: 56.044 meV/A | validation loss: 1.531e+00 | validation energy RMSE (per atom):  21.85 meV | validation energy MAE (per atom):   8.34 meV | validation forces RMSE: 447.38 meV/A | validation forces MAE: 63.415 meV/A
[2025-11-04 15:46:33][INFO] - Epoch:  208 | learning rate: 1.000e-05 | training loss: 2.101e+00 | training energy RMSE (per atom):   9.05 meV | training energy MAE (per atom):   6.42 meV | training forces RMSE: 100.02 meV/A | training forces MAE: 56.057 meV/A | validation loss: 1.532e+00 | validation energy RMSE (per atom):  21.94 meV | validation energy MAE (per atom):   7.72 meV | validation forces RMSE: 447.41 meV/A | validation forces MAE: 63.444 meV/A
[2025-11-04 15:47:00][INFO] - Epoch:  209 | learning rate: 1.000e-05 | training loss: 2.111e+00 | training energy RMSE (per atom):   8.66 meV | training energy MAE (per atom):   6.12 meV | training forces RMSE:  99.91 meV/A | training forces MAE: 56.002 meV/A | validation loss: 1.533e+00 | validation energy RMSE (per atom):  22.01 meV | validation energy MAE (per atom):   7.76 meV | validation forces RMSE: 447.60 meV/A | validation forces MAE: 63.340 meV/A
[2025-11-04 15:47:28][INFO] - Epoch:  210 | learning rate: 1.000e-05 | training loss: 2.134e+00 | training energy RMSE (per atom):   9.08 meV | training energy MAE (per atom):   6.56 meV | training forces RMSE:  99.90 meV/A | training forces MAE: 55.990 meV/A | validation loss: 1.533e+00 | validation energy RMSE (per atom):  21.91 meV | validation energy MAE (per atom):   7.95 meV | validation forces RMSE: 447.67 meV/A | validation forces MAE: 63.317 meV/A
[2025-11-04 15:47:55][INFO] - Epoch:  211 | learning rate: 1.000e-05 | training loss: 2.065e+00 | training energy RMSE (per atom):   8.63 meV | training energy MAE (per atom):   6.09 meV | training forces RMSE:  99.88 meV/A | training forces MAE: 56.004 meV/A | validation loss: 1.533e+00 | validation energy RMSE (per atom):  21.99 meV | validation energy MAE (per atom):   9.12 meV | validation forces RMSE: 447.58 meV/A | validation forces MAE: 63.340 meV/A
[2025-11-04 15:48:23][INFO] - Epoch:  212 | learning rate: 1.000e-05 | training loss: 2.073e+00 | training energy RMSE (per atom):   8.82 meV | training energy MAE (per atom):   6.23 meV | training forces RMSE:  99.88 meV/A | training forces MAE: 56.028 meV/A | validation loss: 1.535e+00 | validation energy RMSE (per atom):  22.05 meV | validation energy MAE (per atom):   9.62 meV | validation forces RMSE: 447.89 meV/A | validation forces MAE: 63.311 meV/A
[2025-11-04 15:48:51][INFO] - Epoch:  213 | learning rate: 1.000e-05 | training loss: 2.056e+00 | training energy RMSE (per atom):   9.01 meV | training energy MAE (per atom):   6.38 meV | training forces RMSE:  99.79 meV/A | training forces MAE: 56.014 meV/A | validation loss: 1.534e+00 | validation energy RMSE (per atom):  22.06 meV | validation energy MAE (per atom):   7.41 meV | validation forces RMSE: 447.74 meV/A | validation forces MAE: 63.375 meV/A
[2025-11-04 15:49:18][INFO] - Epoch:  214 | learning rate: 1.000e-05 | training loss: 2.038e+00 | training energy RMSE (per atom):   8.94 meV | training energy MAE (per atom):   6.31 meV | training forces RMSE:  99.83 meV/A | training forces MAE: 55.999 meV/A | validation loss: 1.535e+00 | validation energy RMSE (per atom):  21.89 meV | validation energy MAE (per atom):   7.69 meV | validation forces RMSE: 447.93 meV/A | validation forces MAE: 63.296 meV/A
[2025-11-04 15:49:46][INFO] - Epoch:  215 | learning rate: 1.000e-05 | training loss: 2.086e+00 | training energy RMSE (per atom):   8.77 meV | training energy MAE (per atom):   6.23 meV | training forces RMSE:  99.83 meV/A | training forces MAE: 55.957 meV/A | validation loss: 1.536e+00 | validation energy RMSE (per atom):  21.92 meV | validation energy MAE (per atom):   8.27 meV | validation forces RMSE: 448.05 meV/A | validation forces MAE: 63.292 meV/A
[2025-11-04 15:50:13][INFO] - Epoch:  216 | learning rate: 1.000e-05 | training loss: 2.079e+00 | training energy RMSE (per atom):   8.77 meV | training energy MAE (per atom):   6.24 meV | training forces RMSE:  99.71 meV/A | training forces MAE: 55.888 meV/A | validation loss: 1.536e+00 | validation energy RMSE (per atom):  22.30 meV | validation energy MAE (per atom):   7.49 meV | validation forces RMSE: 448.09 meV/A | validation forces MAE: 63.332 meV/A
[2025-11-04 15:50:41][INFO] - Epoch:  217 | learning rate: 1.000e-05 | training loss: 2.074e+00 | training energy RMSE (per atom):   8.71 meV | training energy MAE (per atom):   6.10 meV | training forces RMSE:  99.72 meV/A | training forces MAE: 55.931 meV/A | validation loss: 1.537e+00 | validation energy RMSE (per atom):  22.03 meV | validation energy MAE (per atom):   8.06 meV | validation forces RMSE: 448.17 meV/A | validation forces MAE: 63.228 meV/A
[2025-11-04 15:51:09][INFO] - Epoch:  218 | learning rate: 1.000e-05 | training loss: 2.077e+00 | training energy RMSE (per atom):   8.90 meV | training energy MAE (per atom):   6.29 meV | training forces RMSE:  99.65 meV/A | training forces MAE: 55.922 meV/A | validation loss: 1.538e+00 | validation energy RMSE (per atom):  22.52 meV | validation energy MAE (per atom):   7.69 meV | validation forces RMSE: 448.35 meV/A | validation forces MAE: 63.211 meV/A
[2025-11-04 15:51:36][INFO] - Epoch:  219 | learning rate: 1.000e-05 | training loss: 2.021e+00 | training energy RMSE (per atom):   9.04 meV | training energy MAE (per atom):   6.44 meV | training forces RMSE:  99.70 meV/A | training forces MAE: 55.893 meV/A | validation loss: 1.537e+00 | validation energy RMSE (per atom):  22.19 meV | validation energy MAE (per atom):   7.59 meV | validation forces RMSE: 448.19 meV/A | validation forces MAE: 63.329 meV/A
[2025-11-04 15:52:03][INFO] - Epoch:  220 | learning rate: 1.000e-05 | training loss: 2.062e+00 | training energy RMSE (per atom):   8.66 meV | training energy MAE (per atom):   6.13 meV | training forces RMSE:  99.66 meV/A | training forces MAE: 55.832 meV/A | validation loss: 1.539e+00 | validation energy RMSE (per atom):  21.86 meV | validation energy MAE (per atom):   7.54 meV | validation forces RMSE: 448.57 meV/A | validation forces MAE: 63.361 meV/A
[2025-11-04 15:52:31][INFO] - Epoch:  221 | learning rate: 1.000e-05 | training loss: 2.065e+00 | training energy RMSE (per atom):   8.90 meV | training energy MAE (per atom):   6.35 meV | training forces RMSE:  99.54 meV/A | training forces MAE: 55.827 meV/A | validation loss: 1.541e+00 | validation energy RMSE (per atom):  22.17 meV | validation energy MAE (per atom):   7.37 meV | validation forces RMSE: 448.80 meV/A | validation forces MAE: 63.216 meV/A
[2025-11-04 15:52:58][INFO] - Epoch:  222 | learning rate: 1.000e-05 | training loss: 2.081e+00 | training energy RMSE (per atom):   8.80 meV | training energy MAE (per atom):   6.21 meV | training forces RMSE:  99.53 meV/A | training forces MAE: 55.819 meV/A | validation loss: 1.543e+00 | validation energy RMSE (per atom):  22.05 meV | validation energy MAE (per atom):   7.73 meV | validation forces RMSE: 449.08 meV/A | validation forces MAE: 63.439 meV/A
[2025-11-04 15:53:26][INFO] - Epoch:  223 | learning rate: 1.000e-05 | training loss: 2.038e+00 | training energy RMSE (per atom):   8.71 meV | training energy MAE (per atom):   6.14 meV | training forces RMSE:  99.49 meV/A | training forces MAE: 55.812 meV/A | validation loss: 1.542e+00 | validation energy RMSE (per atom):  21.80 meV | validation energy MAE (per atom):   9.16 meV | validation forces RMSE: 449.07 meV/A | validation forces MAE: 63.157 meV/A
[2025-11-04 15:53:53][INFO] - Epoch:  224 | learning rate: 1.000e-05 | training loss: 2.121e+00 | training energy RMSE (per atom):   8.94 meV | training energy MAE (per atom):   6.34 meV | training forces RMSE:  99.47 meV/A | training forces MAE: 55.797 meV/A | validation loss: 1.543e+00 | validation energy RMSE (per atom):  22.76 meV | validation energy MAE (per atom):   8.00 meV | validation forces RMSE: 449.08 meV/A | validation forces MAE: 63.187 meV/A
[2025-11-04 15:54:20][INFO] - Epoch:  225 | learning rate: 1.000e-05 | training loss: 2.090e+00 | training energy RMSE (per atom):   8.95 meV | training energy MAE (per atom):   6.36 meV | training forces RMSE:  99.47 meV/A | training forces MAE: 55.769 meV/A | validation loss: 1.544e+00 | validation energy RMSE (per atom):  21.80 meV | validation energy MAE (per atom):   8.01 meV | validation forces RMSE: 449.31 meV/A | validation forces MAE: 63.129 meV/A
[2025-11-04 15:54:48][INFO] - Epoch:  226 | learning rate: 1.000e-05 | training loss: 2.160e+00 | training energy RMSE (per atom):   8.66 meV | training energy MAE (per atom):   6.11 meV | training forces RMSE:  99.45 meV/A | training forces MAE: 55.864 meV/A | validation loss: 1.545e+00 | validation energy RMSE (per atom):  22.25 meV | validation energy MAE (per atom):   7.65 meV | validation forces RMSE: 449.45 meV/A | validation forces MAE: 63.145 meV/A
[2025-11-04 15:55:15][INFO] - Epoch:  227 | learning rate: 1.000e-05 | training loss: 2.111e+00 | training energy RMSE (per atom):   8.81 meV | training energy MAE (per atom):   6.26 meV | training forces RMSE:  99.39 meV/A | training forces MAE: 55.762 meV/A | validation loss: 1.545e+00 | validation energy RMSE (per atom):  21.81 meV | validation energy MAE (per atom):   8.32 meV | validation forces RMSE: 449.48 meV/A | validation forces MAE: 63.375 meV/A
[2025-11-04 15:55:42][INFO] - Epoch:  228 | learning rate: 1.000e-05 | training loss: 2.131e+00 | training energy RMSE (per atom):   8.83 meV | training energy MAE (per atom):   6.27 meV | training forces RMSE:  99.29 meV/A | training forces MAE: 55.766 meV/A | validation loss: 1.545e+00 | validation energy RMSE (per atom):  21.84 meV | validation energy MAE (per atom):   8.70 meV | validation forces RMSE: 449.46 meV/A | validation forces MAE: 63.210 meV/A
[2025-11-04 15:56:10][INFO] - Epoch:  229 | learning rate: 1.000e-05 | training loss: 2.093e+00 | training energy RMSE (per atom):   8.80 meV | training energy MAE (per atom):   6.20 meV | training forces RMSE:  99.30 meV/A | training forces MAE: 55.711 meV/A | validation loss: 1.547e+00 | validation energy RMSE (per atom):  21.81 meV | validation energy MAE (per atom):   7.80 meV | validation forces RMSE: 449.79 meV/A | validation forces MAE: 63.138 meV/A
[2025-11-04 15:56:38][INFO] - Epoch:  230 | learning rate: 1.000e-05 | training loss: 2.059e+00 | training energy RMSE (per atom):   8.83 meV | training energy MAE (per atom):   6.24 meV | training forces RMSE:  99.32 meV/A | training forces MAE: 55.748 meV/A | validation loss: 1.547e+00 | validation energy RMSE (per atom):  22.19 meV | validation energy MAE (per atom):   7.65 meV | validation forces RMSE: 449.72 meV/A | validation forces MAE: 63.082 meV/A
[2025-11-04 15:57:06][INFO] - Epoch:  231 | learning rate: 1.000e-05 | training loss: 2.031e+00 | training energy RMSE (per atom):   8.65 meV | training energy MAE (per atom):   6.10 meV | training forces RMSE:  99.20 meV/A | training forces MAE: 55.644 meV/A | validation loss: 1.547e+00 | validation energy RMSE (per atom):  22.00 meV | validation energy MAE (per atom):   7.90 meV | validation forces RMSE: 449.73 meV/A | validation forces MAE: 63.139 meV/A
[2025-11-04 15:57:33][INFO] - Epoch:  232 | learning rate: 1.000e-05 | training loss: 2.081e+00 | training energy RMSE (per atom):   9.01 meV | training energy MAE (per atom):   6.35 meV | training forces RMSE:  99.22 meV/A | training forces MAE: 55.707 meV/A | validation loss: 1.549e+00 | validation energy RMSE (per atom):  22.76 meV | validation energy MAE (per atom):   8.19 meV | validation forces RMSE: 449.97 meV/A | validation forces MAE: 63.212 meV/A
[2025-11-04 15:58:00][INFO] - Epoch:  233 | learning rate: 1.000e-05 | training loss: 2.047e+00 | training energy RMSE (per atom):   8.78 meV | training energy MAE (per atom):   6.16 meV | training forces RMSE:  99.16 meV/A | training forces MAE: 55.692 meV/A | validation loss: 1.549e+00 | validation energy RMSE (per atom):  22.00 meV | validation energy MAE (per atom):   7.68 meV | validation forces RMSE: 450.10 meV/A | validation forces MAE: 63.079 meV/A
[2025-11-04 15:58:27][INFO] - Epoch:  234 | learning rate: 1.000e-05 | training loss: 2.033e+00 | training energy RMSE (per atom):   8.82 meV | training energy MAE (per atom):   6.23 meV | training forces RMSE:  99.22 meV/A | training forces MAE: 55.709 meV/A | validation loss: 1.549e+00 | validation energy RMSE (per atom):  21.87 meV | validation energy MAE (per atom):   8.98 meV | validation forces RMSE: 450.06 meV/A | validation forces MAE: 63.064 meV/A
[2025-11-04 15:58:55][INFO] - Epoch:  235 | learning rate: 1.000e-05 | training loss: 2.111e+00 | training energy RMSE (per atom):   8.96 meV | training energy MAE (per atom):   6.38 meV | training forces RMSE:  99.17 meV/A | training forces MAE: 55.670 meV/A | validation loss: 1.552e+00 | validation energy RMSE (per atom):  23.53 meV | validation energy MAE (per atom):  13.87 meV | validation forces RMSE: 450.34 meV/A | validation forces MAE: 63.245 meV/A
[2025-11-04 15:59:23][INFO] - Epoch:  236 | learning rate: 1.000e-05 | training loss: 2.058e+00 | training energy RMSE (per atom):   8.85 meV | training energy MAE (per atom):   6.31 meV | training forces RMSE:  99.08 meV/A | training forces MAE: 55.685 meV/A | validation loss: 1.553e+00 | validation energy RMSE (per atom):  22.60 meV | validation energy MAE (per atom):   7.89 meV | validation forces RMSE: 450.54 meV/A | validation forces MAE: 63.029 meV/A
[2025-11-04 15:59:50][INFO] - Epoch:  237 | learning rate: 1.000e-05 | training loss: 2.045e+00 | training energy RMSE (per atom):   8.77 meV | training energy MAE (per atom):   6.24 meV | training forces RMSE:  99.04 meV/A | training forces MAE: 55.626 meV/A | validation loss: 1.553e+00 | validation energy RMSE (per atom):  24.01 meV | validation energy MAE (per atom):  10.78 meV | validation forces RMSE: 450.44 meV/A | validation forces MAE: 63.289 meV/A
[2025-11-04 16:00:18][INFO] - Epoch:  238 | learning rate: 1.000e-05 | training loss: 2.056e+00 | training energy RMSE (per atom):   8.71 meV | training energy MAE (per atom):   6.13 meV | training forces RMSE:  98.91 meV/A | training forces MAE: 55.560 meV/A | validation loss: 1.552e+00 | validation energy RMSE (per atom):  21.76 meV | validation energy MAE (per atom):   8.03 meV | validation forces RMSE: 450.54 meV/A | validation forces MAE: 63.085 meV/A
[2025-11-04 16:00:45][INFO] - Epoch:  239 | learning rate: 1.000e-05 | training loss: 2.036e+00 | training energy RMSE (per atom):   8.57 meV | training energy MAE (per atom):   6.01 meV | training forces RMSE:  98.98 meV/A | training forces MAE: 55.615 meV/A | validation loss: 1.554e+00 | validation energy RMSE (per atom):  22.18 meV | validation energy MAE (per atom):   7.51 meV | validation forces RMSE: 450.80 meV/A | validation forces MAE: 63.117 meV/A
[2025-11-04 16:01:13][INFO] - Epoch:  240 | learning rate: 1.000e-05 | training loss: 2.067e+00 | training energy RMSE (per atom):   8.64 meV | training energy MAE (per atom):   6.11 meV | training forces RMSE:  98.96 meV/A | training forces MAE: 55.560 meV/A | validation loss: 1.554e+00 | validation energy RMSE (per atom):  22.21 meV | validation energy MAE (per atom):   7.68 meV | validation forces RMSE: 450.73 meV/A | validation forces MAE: 63.216 meV/A
[2025-11-04 16:01:40][INFO] - Epoch:  241 | learning rate: 1.000e-05 | training loss: 2.069e+00 | training energy RMSE (per atom):   8.89 meV | training energy MAE (per atom):   6.31 meV | training forces RMSE:  99.00 meV/A | training forces MAE: 55.630 meV/A | validation loss: 1.557e+00 | validation energy RMSE (per atom):  22.73 meV | validation energy MAE (per atom):   8.01 meV | validation forces RMSE: 451.19 meV/A | validation forces MAE: 63.144 meV/A
[2025-11-04 16:02:07][INFO] - Epoch:  242 | learning rate: 1.000e-05 | training loss: 2.026e+00 | training energy RMSE (per atom):   8.62 meV | training energy MAE (per atom):   6.06 meV | training forces RMSE:  98.91 meV/A | training forces MAE: 55.590 meV/A | validation loss: 1.555e+00 | validation energy RMSE (per atom):  22.61 meV | validation energy MAE (per atom):   7.95 meV | validation forces RMSE: 450.93 meV/A | validation forces MAE: 63.141 meV/A
[2025-11-04 16:02:35][INFO] - Epoch:  243 | learning rate: 1.000e-05 | training loss: 2.084e+00 | training energy RMSE (per atom):   8.93 meV | training energy MAE (per atom):   6.29 meV | training forces RMSE:  98.94 meV/A | training forces MAE: 55.615 meV/A | validation loss: 1.559e+00 | validation energy RMSE (per atom):  22.06 meV | validation energy MAE (per atom):   7.84 meV | validation forces RMSE: 451.50 meV/A | validation forces MAE: 63.019 meV/A
[2025-11-04 16:03:02][INFO] - Epoch:  244 | learning rate: 1.000e-05 | training loss: 2.066e+00 | training energy RMSE (per atom):   8.82 meV | training energy MAE (per atom):   6.26 meV | training forces RMSE:  98.89 meV/A | training forces MAE: 55.574 meV/A | validation loss: 1.558e+00 | validation energy RMSE (per atom):  21.89 meV | validation energy MAE (per atom):   8.21 meV | validation forces RMSE: 451.36 meV/A | validation forces MAE: 63.064 meV/A
[2025-11-04 16:03:29][INFO] - Epoch:  245 | learning rate: 1.000e-05 | training loss: 2.031e+00 | training energy RMSE (per atom):   8.69 meV | training energy MAE (per atom):   6.14 meV | training forces RMSE:  98.90 meV/A | training forces MAE: 55.606 meV/A | validation loss: 1.557e+00 | validation energy RMSE (per atom):  22.03 meV | validation energy MAE (per atom):   7.69 meV | validation forces RMSE: 451.26 meV/A | validation forces MAE: 62.976 meV/A
[2025-11-04 16:03:56][INFO] - Epoch:  246 | learning rate: 1.000e-05 | training loss: 2.058e+00 | training energy RMSE (per atom):   8.69 meV | training energy MAE (per atom):   6.19 meV | training forces RMSE:  98.75 meV/A | training forces MAE: 55.461 meV/A | validation loss: 1.559e+00 | validation energy RMSE (per atom):  22.19 meV | validation energy MAE (per atom):   7.70 meV | validation forces RMSE: 451.51 meV/A | validation forces MAE: 63.024 meV/A
[2025-11-04 16:04:23][INFO] - Epoch:  247 | learning rate: 1.000e-05 | training loss: 2.047e+00 | training energy RMSE (per atom):   8.98 meV | training energy MAE (per atom):   6.35 meV | training forces RMSE:  98.77 meV/A | training forces MAE: 55.561 meV/A | validation loss: 1.561e+00 | validation energy RMSE (per atom):  22.46 meV | validation energy MAE (per atom):   7.54 meV | validation forces RMSE: 451.90 meV/A | validation forces MAE: 62.970 meV/A
[2025-11-04 16:04:51][INFO] - Epoch:  248 | learning rate: 1.000e-05 | training loss: 2.050e+00 | training energy RMSE (per atom):   8.72 meV | training energy MAE (per atom):   6.12 meV | training forces RMSE:  98.81 meV/A | training forces MAE: 55.554 meV/A | validation loss: 1.559e+00 | validation energy RMSE (per atom):  22.07 meV | validation energy MAE (per atom):   9.36 meV | validation forces RMSE: 451.64 meV/A | validation forces MAE: 62.931 meV/A
[2025-11-04 16:05:18][INFO] - Epoch:  249 | learning rate: 1.000e-05 | training loss: 2.074e+00 | training energy RMSE (per atom):   8.76 meV | training energy MAE (per atom):   6.19 meV | training forces RMSE:  98.70 meV/A | training forces MAE: 55.523 meV/A | validation loss: 1.561e+00 | validation energy RMSE (per atom):  21.94 meV | validation energy MAE (per atom):   7.64 meV | validation forces RMSE: 451.93 meV/A | validation forces MAE: 63.041 meV/A
[2025-11-04 16:05:45][INFO] - Epoch:  250 | learning rate: 1.000e-05 | training loss: 2.000e+00 | training energy RMSE (per atom):   8.71 meV | training energy MAE (per atom):   6.15 meV | training forces RMSE:  98.67 meV/A | training forces MAE: 55.463 meV/A | validation loss: 1.561e+00 | validation energy RMSE (per atom):  22.08 meV | validation energy MAE (per atom):   7.44 meV | validation forces RMSE: 451.90 meV/A | validation forces MAE: 63.030 meV/A
[2025-11-04 16:06:13][INFO] - Epoch:  251 | learning rate: 1.000e-05 | training loss: 2.119e+00 | training energy RMSE (per atom):   8.66 meV | training energy MAE (per atom):   6.08 meV | training forces RMSE:  98.64 meV/A | training forces MAE: 55.461 meV/A | validation loss: 1.563e+00 | validation energy RMSE (per atom):  21.87 meV | validation energy MAE (per atom):   7.73 meV | validation forces RMSE: 452.16 meV/A | validation forces MAE: 62.911 meV/A
[2025-11-04 16:06:41][INFO] - Epoch:  252 | learning rate: 1.000e-05 | training loss: 2.051e+00 | training energy RMSE (per atom):   8.64 meV | training energy MAE (per atom):   6.09 meV | training forces RMSE:  98.63 meV/A | training forces MAE: 55.461 meV/A | validation loss: 1.563e+00 | validation energy RMSE (per atom):  21.87 meV | validation energy MAE (per atom):   7.82 meV | validation forces RMSE: 452.16 meV/A | validation forces MAE: 62.942 meV/A
[2025-11-04 16:07:08][INFO] - Epoch:  253 | learning rate: 1.000e-05 | training loss: 2.072e+00 | training energy RMSE (per atom):   8.58 meV | training energy MAE (per atom):   5.97 meV | training forces RMSE:  98.64 meV/A | training forces MAE: 55.401 meV/A | validation loss: 1.562e+00 | validation energy RMSE (per atom):  22.27 meV | validation energy MAE (per atom):  10.67 meV | validation forces RMSE: 452.00 meV/A | validation forces MAE: 62.853 meV/A
[2025-11-04 16:07:36][INFO] - Epoch:  254 | learning rate: 1.000e-05 | training loss: 2.044e+00 | training energy RMSE (per atom):   8.86 meV | training energy MAE (per atom):   6.28 meV | training forces RMSE:  98.61 meV/A | training forces MAE: 55.455 meV/A | validation loss: 1.563e+00 | validation energy RMSE (per atom):  21.89 meV | validation energy MAE (per atom):   7.67 meV | validation forces RMSE: 452.18 meV/A | validation forces MAE: 62.920 meV/A
[2025-11-04 16:07:36][INFO] - Changing learning rate from 1e-05 to 5e-06
[2025-11-04 16:08:03][INFO] - Epoch:  255 | learning rate: 5.000e-06 | training loss: 2.000e+00 | training energy RMSE (per atom):   8.43 meV | training energy MAE (per atom):   5.94 meV | training forces RMSE:  98.35 meV/A | training forces MAE: 55.249 meV/A | validation loss: 1.564e+00 | validation energy RMSE (per atom):  21.84 meV | validation energy MAE (per atom):   7.87 meV | validation forces RMSE: 452.39 meV/A | validation forces MAE: 62.862 meV/A
[2025-11-04 16:08:31][INFO] - Epoch:  256 | learning rate: 5.000e-06 | training loss: 2.001e+00 | training energy RMSE (per atom):   8.47 meV | training energy MAE (per atom):   5.94 meV | training forces RMSE:  98.37 meV/A | training forces MAE: 55.266 meV/A | validation loss: 1.564e+00 | validation energy RMSE (per atom):  21.75 meV | validation energy MAE (per atom):   8.08 meV | validation forces RMSE: 452.43 meV/A | validation forces MAE: 62.855 meV/A
[2025-11-04 16:08:59][INFO] - Epoch:  257 | learning rate: 5.000e-06 | training loss: 2.008e+00 | training energy RMSE (per atom):   8.49 meV | training energy MAE (per atom):   5.93 meV | training forces RMSE:  98.38 meV/A | training forces MAE: 55.274 meV/A | validation loss: 1.565e+00 | validation energy RMSE (per atom):  21.81 meV | validation energy MAE (per atom):   8.79 meV | validation forces RMSE: 452.52 meV/A | validation forces MAE: 62.868 meV/A
[2025-11-04 16:09:26][INFO] - Epoch:  258 | learning rate: 5.000e-06 | training loss: 2.035e+00 | training energy RMSE (per atom):   8.59 meV | training energy MAE (per atom):   6.02 meV | training forces RMSE:  98.38 meV/A | training forces MAE: 55.294 meV/A | validation loss: 1.565e+00 | validation energy RMSE (per atom):  21.85 meV | validation energy MAE (per atom):   8.35 meV | validation forces RMSE: 452.55 meV/A | validation forces MAE: 62.837 meV/A
[2025-11-04 16:09:54][INFO] - Epoch:  259 | learning rate: 5.000e-06 | training loss: 2.021e+00 | training energy RMSE (per atom):   8.49 meV | training energy MAE (per atom):   5.98 meV | training forces RMSE:  98.33 meV/A | training forces MAE: 55.279 meV/A | validation loss: 1.567e+00 | validation energy RMSE (per atom):  22.55 meV | validation energy MAE (per atom):   7.68 meV | validation forces RMSE: 452.75 meV/A | validation forces MAE: 62.923 meV/A
[2025-11-04 16:10:21][INFO] - Epoch:  260 | learning rate: 5.000e-06 | training loss: 1.991e+00 | training energy RMSE (per atom):   8.53 meV | training energy MAE (per atom):   5.98 meV | training forces RMSE:  98.31 meV/A | training forces MAE: 55.294 meV/A | validation loss: 1.566e+00 | validation energy RMSE (per atom):  21.86 meV | validation energy MAE (per atom):   7.53 meV | validation forces RMSE: 452.66 meV/A | validation forces MAE: 62.861 meV/A
[2025-11-04 16:10:48][INFO] - Epoch:  261 | learning rate: 5.000e-06 | training loss: 2.051e+00 | training energy RMSE (per atom):   8.46 meV | training energy MAE (per atom):   5.91 meV | training forces RMSE:  98.32 meV/A | training forces MAE: 55.279 meV/A | validation loss: 1.567e+00 | validation energy RMSE (per atom):  22.18 meV | validation energy MAE (per atom):   7.32 meV | validation forces RMSE: 452.74 meV/A | validation forces MAE: 62.869 meV/A
[2025-11-04 16:11:16][INFO] - Epoch:  262 | learning rate: 5.000e-06 | training loss: 1.977e+00 | training energy RMSE (per atom):   8.44 meV | training energy MAE (per atom):   5.94 meV | training forces RMSE:  98.29 meV/A | training forces MAE: 55.294 meV/A | validation loss: 1.569e+00 | validation energy RMSE (per atom):  22.36 meV | validation energy MAE (per atom):   7.44 meV | validation forces RMSE: 453.01 meV/A | validation forces MAE: 62.820 meV/A
[2025-11-04 16:11:44][INFO] - Epoch:  263 | learning rate: 5.000e-06 | training loss: 2.019e+00 | training energy RMSE (per atom):   8.39 meV | training energy MAE (per atom):   5.91 meV | training forces RMSE:  98.26 meV/A | training forces MAE: 55.249 meV/A | validation loss: 1.568e+00 | validation energy RMSE (per atom):  21.81 meV | validation energy MAE (per atom):   8.02 meV | validation forces RMSE: 452.98 meV/A | validation forces MAE: 62.964 meV/A
[2025-11-04 16:12:11][INFO] - Epoch:  264 | learning rate: 5.000e-06 | training loss: 2.048e+00 | training energy RMSE (per atom):   8.52 meV | training energy MAE (per atom):   5.93 meV | training forces RMSE:  98.38 meV/A | training forces MAE: 55.246 meV/A | validation loss: 1.568e+00 | validation energy RMSE (per atom):  21.91 meV | validation energy MAE (per atom):   7.53 meV | validation forces RMSE: 452.97 meV/A | validation forces MAE: 62.811 meV/A
[2025-11-04 16:12:39][INFO] - Epoch:  265 | learning rate: 5.000e-06 | training loss: 2.040e+00 | training energy RMSE (per atom):   8.46 meV | training energy MAE (per atom):   5.91 meV | training forces RMSE:  98.28 meV/A | training forces MAE: 55.238 meV/A | validation loss: 1.569e+00 | validation energy RMSE (per atom):  22.03 meV | validation energy MAE (per atom):   7.40 meV | validation forces RMSE: 453.17 meV/A | validation forces MAE: 62.850 meV/A
[2025-11-04 16:13:06][INFO] - Epoch:  266 | learning rate: 5.000e-06 | training loss: 2.053e+00 | training energy RMSE (per atom):   8.47 meV | training energy MAE (per atom):   5.93 meV | training forces RMSE:  98.31 meV/A | training forces MAE: 55.247 meV/A | validation loss: 1.569e+00 | validation energy RMSE (per atom):  21.79 meV | validation energy MAE (per atom):   7.88 meV | validation forces RMSE: 453.06 meV/A | validation forces MAE: 62.842 meV/A
[2025-11-04 16:13:34][INFO] - Epoch:  267 | learning rate: 5.000e-06 | training loss: 2.020e+00 | training energy RMSE (per atom):   8.48 meV | training energy MAE (per atom):   5.97 meV | training forces RMSE:  98.22 meV/A | training forces MAE: 55.209 meV/A | validation loss: 1.568e+00 | validation energy RMSE (per atom):  21.79 meV | validation energy MAE (per atom):   8.14 meV | validation forces RMSE: 453.00 meV/A | validation forces MAE: 62.804 meV/A
[2025-11-04 16:14:02][INFO] - Epoch:  268 | learning rate: 5.000e-06 | training loss: 2.009e+00 | training energy RMSE (per atom):   8.51 meV | training energy MAE (per atom):   5.97 meV | training forces RMSE:  98.25 meV/A | training forces MAE: 55.276 meV/A | validation loss: 1.571e+00 | validation energy RMSE (per atom):  22.06 meV | validation energy MAE (per atom):   7.38 meV | validation forces RMSE: 453.35 meV/A | validation forces MAE: 62.824 meV/A
[2025-11-04 16:14:29][INFO] - Epoch:  269 | learning rate: 5.000e-06 | training loss: 2.025e+00 | training energy RMSE (per atom):   8.43 meV | training energy MAE (per atom):   5.88 meV | training forces RMSE:  98.24 meV/A | training forces MAE: 55.232 meV/A | validation loss: 1.570e+00 | validation energy RMSE (per atom):  21.96 meV | validation energy MAE (per atom):   7.54 meV | validation forces RMSE: 453.24 meV/A | validation forces MAE: 62.847 meV/A
[2025-11-04 16:14:57][INFO] - Epoch:  270 | learning rate: 5.000e-06 | training loss: 2.013e+00 | training energy RMSE (per atom):   8.43 meV | training energy MAE (per atom):   5.89 meV | training forces RMSE:  98.15 meV/A | training forces MAE: 55.175 meV/A | validation loss: 1.571e+00 | validation energy RMSE (per atom):  21.74 meV | validation energy MAE (per atom):   7.56 meV | validation forces RMSE: 453.47 meV/A | validation forces MAE: 62.792 meV/A
[2025-11-04 16:15:24][INFO] - Epoch:  271 | learning rate: 5.000e-06 | training loss: 1.986e+00 | training energy RMSE (per atom):   8.48 meV | training energy MAE (per atom):   5.97 meV | training forces RMSE:  98.15 meV/A | training forces MAE: 55.264 meV/A | validation loss: 1.572e+00 | validation energy RMSE (per atom):  22.07 meV | validation energy MAE (per atom):   7.48 meV | validation forces RMSE: 453.52 meV/A | validation forces MAE: 62.808 meV/A
[2025-11-04 16:15:51][INFO] - Epoch:  272 | learning rate: 5.000e-06 | training loss: 1.985e+00 | training energy RMSE (per atom):   8.40 meV | training energy MAE (per atom):   5.83 meV | training forces RMSE:  98.14 meV/A | training forces MAE: 55.175 meV/A | validation loss: 1.572e+00 | validation energy RMSE (per atom):  21.81 meV | validation energy MAE (per atom):   7.88 meV | validation forces RMSE: 453.58 meV/A | validation forces MAE: 62.972 meV/A
[2025-11-04 16:16:19][INFO] - Epoch:  273 | learning rate: 5.000e-06 | training loss: 1.990e+00 | training energy RMSE (per atom):   8.46 meV | training energy MAE (per atom):   5.96 meV | training forces RMSE:  98.15 meV/A | training forces MAE: 55.225 meV/A | validation loss: 1.573e+00 | validation energy RMSE (per atom):  21.89 meV | validation energy MAE (per atom):   7.47 meV | validation forces RMSE: 453.73 meV/A | validation forces MAE: 62.879 meV/A
[2025-11-04 16:16:47][INFO] - Epoch:  274 | learning rate: 5.000e-06 | training loss: 2.002e+00 | training energy RMSE (per atom):   8.50 meV | training energy MAE (per atom):   5.99 meV | training forces RMSE:  98.17 meV/A | training forces MAE: 55.248 meV/A | validation loss: 1.573e+00 | validation energy RMSE (per atom):  22.16 meV | validation energy MAE (per atom):   7.39 meV | validation forces RMSE: 453.67 meV/A | validation forces MAE: 62.801 meV/A
[2025-11-04 16:17:14][INFO] - Epoch:  275 | learning rate: 5.000e-06 | training loss: 2.021e+00 | training energy RMSE (per atom):   8.50 meV | training energy MAE (per atom):   5.98 meV | training forces RMSE:  98.19 meV/A | training forces MAE: 55.237 meV/A | validation loss: 1.573e+00 | validation energy RMSE (per atom):  21.89 meV | validation energy MAE (per atom):   7.77 meV | validation forces RMSE: 453.75 meV/A | validation forces MAE: 62.802 meV/A
[2025-11-04 16:17:42][INFO] - Epoch:  276 | learning rate: 5.000e-06 | training loss: 2.007e+00 | training energy RMSE (per atom):   8.51 meV | training energy MAE (per atom):   5.97 meV | training forces RMSE:  98.12 meV/A | training forces MAE: 55.259 meV/A | validation loss: 1.575e+00 | validation energy RMSE (per atom):  21.87 meV | validation energy MAE (per atom):   7.81 meV | validation forces RMSE: 453.94 meV/A | validation forces MAE: 62.776 meV/A
[2025-11-04 16:18:09][INFO] - Epoch:  277 | learning rate: 5.000e-06 | training loss: 2.009e+00 | training energy RMSE (per atom):   8.52 meV | training energy MAE (per atom):   6.01 meV | training forces RMSE:  97.57 meV/A | training forces MAE: 55.127 meV/A | validation loss: 1.574e+00 | validation energy RMSE (per atom):  21.82 meV | validation energy MAE (per atom):   7.50 meV | validation forces RMSE: 453.81 meV/A | validation forces MAE: 62.831 meV/A
[2025-11-04 16:18:37][INFO] - Epoch:  278 | learning rate: 5.000e-06 | training loss: 2.032e+00 | training energy RMSE (per atom):   8.41 meV | training energy MAE (per atom):   5.87 meV | training forces RMSE:  98.03 meV/A | training forces MAE: 55.157 meV/A | validation loss: 1.575e+00 | validation energy RMSE (per atom):  21.73 meV | validation energy MAE (per atom):   7.90 meV | validation forces RMSE: 454.07 meV/A | validation forces MAE: 62.879 meV/A
[2025-11-04 16:19:04][INFO] - Epoch:  279 | learning rate: 5.000e-06 | training loss: 2.009e+00 | training energy RMSE (per atom):   8.51 meV | training energy MAE (per atom):   5.97 meV | training forces RMSE:  98.04 meV/A | training forces MAE: 55.119 meV/A | validation loss: 1.575e+00 | validation energy RMSE (per atom):  21.89 meV | validation energy MAE (per atom):   7.72 meV | validation forces RMSE: 453.96 meV/A | validation forces MAE: 62.774 meV/A
[2025-11-04 16:19:31][INFO] - Epoch:  280 | learning rate: 5.000e-06 | training loss: 2.043e+00 | training energy RMSE (per atom):   8.50 meV | training energy MAE (per atom):   5.97 meV | training forces RMSE:  98.09 meV/A | training forces MAE: 55.211 meV/A | validation loss: 1.575e+00 | validation energy RMSE (per atom):  21.88 meV | validation energy MAE (per atom):   8.11 meV | validation forces RMSE: 454.00 meV/A | validation forces MAE: 62.808 meV/A
[2025-11-04 16:19:59][INFO] - Epoch:  281 | learning rate: 5.000e-06 | training loss: 1.976e+00 | training energy RMSE (per atom):   8.49 meV | training energy MAE (per atom):   5.97 meV | training forces RMSE:  98.04 meV/A | training forces MAE: 55.188 meV/A | validation loss: 1.576e+00 | validation energy RMSE (per atom):  21.80 meV | validation energy MAE (per atom):   7.99 meV | validation forces RMSE: 454.19 meV/A | validation forces MAE: 62.809 meV/A
[2025-11-04 16:20:26][INFO] - Epoch:  282 | learning rate: 5.000e-06 | training loss: 2.073e+00 | training energy RMSE (per atom):   8.45 meV | training energy MAE (per atom):   5.95 meV | training forces RMSE:  98.02 meV/A | training forces MAE: 55.084 meV/A | validation loss: 1.576e+00 | validation energy RMSE (per atom):  21.94 meV | validation energy MAE (per atom):   7.52 meV | validation forces RMSE: 454.09 meV/A | validation forces MAE: 62.780 meV/A
[2025-11-04 16:20:54][INFO] - Epoch:  283 | learning rate: 5.000e-06 | training loss: 1.995e+00 | training energy RMSE (per atom):   8.37 meV | training energy MAE (per atom):   5.86 meV | training forces RMSE:  98.00 meV/A | training forces MAE: 55.112 meV/A | validation loss: 1.577e+00 | validation energy RMSE (per atom):  21.99 meV | validation energy MAE (per atom):   7.59 meV | validation forces RMSE: 454.35 meV/A | validation forces MAE: 62.811 meV/A
[2025-11-04 16:21:21][INFO] - Epoch:  284 | learning rate: 5.000e-06 | training loss: 1.999e+00 | training energy RMSE (per atom):   8.42 meV | training energy MAE (per atom):   5.89 meV | training forces RMSE:  97.97 meV/A | training forces MAE: 55.139 meV/A | validation loss: 1.578e+00 | validation energy RMSE (per atom):  21.97 meV | validation energy MAE (per atom):   7.47 meV | validation forces RMSE: 454.39 meV/A | validation forces MAE: 62.782 meV/A
[2025-11-04 16:21:48][INFO] - Epoch:  285 | learning rate: 5.000e-06 | training loss: 2.012e+00 | training energy RMSE (per atom):   8.59 meV | training energy MAE (per atom):   6.02 meV | training forces RMSE:  98.03 meV/A | training forces MAE: 55.101 meV/A | validation loss: 1.578e+00 | validation energy RMSE (per atom):  22.22 meV | validation energy MAE (per atom):   7.41 meV | validation forces RMSE: 454.36 meV/A | validation forces MAE: 62.771 meV/A
[2025-11-04 16:22:16][INFO] - Epoch:  286 | learning rate: 5.000e-06 | training loss: 1.998e+00 | training energy RMSE (per atom):   8.46 meV | training energy MAE (per atom):   5.92 meV | training forces RMSE:  97.95 meV/A | training forces MAE: 55.144 meV/A | validation loss: 1.577e+00 | validation energy RMSE (per atom):  21.80 meV | validation energy MAE (per atom):   8.24 meV | validation forces RMSE: 454.32 meV/A | validation forces MAE: 62.747 meV/A
[2025-11-04 16:22:44][INFO] - Epoch:  287 | learning rate: 5.000e-06 | training loss: 2.016e+00 | training energy RMSE (per atom):   8.61 meV | training energy MAE (per atom):   6.04 meV | training forces RMSE:  98.01 meV/A | training forces MAE: 55.090 meV/A | validation loss: 1.578e+00 | validation energy RMSE (per atom):  21.82 meV | validation energy MAE (per atom):   7.76 meV | validation forces RMSE: 454.46 meV/A | validation forces MAE: 62.745 meV/A
[2025-11-04 16:23:10][INFO] - Epoch:  288 | learning rate: 5.000e-06 | training loss: 1.995e+00 | training energy RMSE (per atom):   8.42 meV | training energy MAE (per atom):   5.90 meV | training forces RMSE:  97.94 meV/A | training forces MAE: 55.075 meV/A | validation loss: 1.578e+00 | validation energy RMSE (per atom):  21.85 meV | validation energy MAE (per atom):   7.51 meV | validation forces RMSE: 454.46 meV/A | validation forces MAE: 62.880 meV/A
[2025-11-04 16:23:38][INFO] - Epoch:  289 | learning rate: 5.000e-06 | training loss: 2.007e+00 | training energy RMSE (per atom):   8.47 meV | training energy MAE (per atom):   5.95 meV | training forces RMSE:  97.96 meV/A | training forces MAE: 55.063 meV/A | validation loss: 1.578e+00 | validation energy RMSE (per atom):  21.77 meV | validation energy MAE (per atom):   8.06 meV | validation forces RMSE: 454.51 meV/A | validation forces MAE: 62.719 meV/A
[2025-11-04 16:24:05][INFO] - Epoch:  290 | learning rate: 5.000e-06 | training loss: 2.017e+00 | training energy RMSE (per atom):   8.57 meV | training energy MAE (per atom):   6.03 meV | training forces RMSE:  97.88 meV/A | training forces MAE: 55.112 meV/A | validation loss: 1.578e+00 | validation energy RMSE (per atom):  21.67 meV | validation energy MAE (per atom):   8.28 meV | validation forces RMSE: 454.48 meV/A | validation forces MAE: 62.724 meV/A
[2025-11-04 16:24:33][INFO] - Epoch:  291 | learning rate: 5.000e-06 | training loss: 2.014e+00 | training energy RMSE (per atom):   8.42 meV | training energy MAE (per atom):   5.90 meV | training forces RMSE:  97.86 meV/A | training forces MAE: 55.113 meV/A | validation loss: 1.579e+00 | validation energy RMSE (per atom):  22.03 meV | validation energy MAE (per atom):   7.42 meV | validation forces RMSE: 454.53 meV/A | validation forces MAE: 62.762 meV/A
[2025-11-04 16:25:00][INFO] - Epoch:  292 | learning rate: 5.000e-06 | training loss: 2.015e+00 | training energy RMSE (per atom):   8.45 meV | training energy MAE (per atom):   5.93 meV | training forces RMSE:  97.90 meV/A | training forces MAE: 55.087 meV/A | validation loss: 1.580e+00 | validation energy RMSE (per atom):  21.78 meV | validation energy MAE (per atom):   8.01 meV | validation forces RMSE: 454.79 meV/A | validation forces MAE: 62.707 meV/A
[2025-11-04 16:25:27][INFO] - Epoch:  293 | learning rate: 5.000e-06 | training loss: 1.997e+00 | training energy RMSE (per atom):   8.38 meV | training energy MAE (per atom):   5.90 meV | training forces RMSE:  97.81 meV/A | training forces MAE: 55.040 meV/A | validation loss: 1.581e+00 | validation energy RMSE (per atom):  21.89 meV | validation energy MAE (per atom):   8.67 meV | validation forces RMSE: 454.85 meV/A | validation forces MAE: 62.730 meV/A
[2025-11-04 16:25:54][INFO] - Epoch:  294 | learning rate: 5.000e-06 | training loss: 2.028e+00 | training energy RMSE (per atom):   8.64 meV | training energy MAE (per atom):   6.07 meV | training forces RMSE:  97.82 meV/A | training forces MAE: 55.038 meV/A | validation loss: 1.582e+00 | validation energy RMSE (per atom):  21.80 meV | validation energy MAE (per atom):   8.61 meV | validation forces RMSE: 455.00 meV/A | validation forces MAE: 62.742 meV/A
[2025-11-04 16:26:21][INFO] - Epoch:  295 | learning rate: 5.000e-06 | training loss: 1.978e+00 | training energy RMSE (per atom):   8.37 meV | training energy MAE (per atom):   5.87 meV | training forces RMSE:  97.83 meV/A | training forces MAE: 55.110 meV/A | validation loss: 1.581e+00 | validation energy RMSE (per atom):  22.23 meV | validation energy MAE (per atom):   7.43 meV | validation forces RMSE: 454.89 meV/A | validation forces MAE: 62.786 meV/A
[2025-11-04 16:26:48][INFO] - Epoch:  296 | learning rate: 5.000e-06 | training loss: 2.002e+00 | training energy RMSE (per atom):   8.57 meV | training energy MAE (per atom):   6.00 meV | training forces RMSE:  97.82 meV/A | training forces MAE: 55.148 meV/A | validation loss: 1.582e+00 | validation energy RMSE (per atom):  21.84 meV | validation energy MAE (per atom):   8.08 meV | validation forces RMSE: 455.09 meV/A | validation forces MAE: 62.745 meV/A
[2025-11-04 16:27:16][INFO] - Epoch:  297 | learning rate: 5.000e-06 | training loss: 2.032e+00 | training energy RMSE (per atom):   8.71 meV | training energy MAE (per atom):   6.17 meV | training forces RMSE:  97.83 meV/A | training forces MAE: 55.034 meV/A | validation loss: 1.582e+00 | validation energy RMSE (per atom):  21.67 meV | validation energy MAE (per atom):   7.62 meV | validation forces RMSE: 455.01 meV/A | validation forces MAE: 62.772 meV/A
[2025-11-04 16:27:43][INFO] - Epoch:  298 | learning rate: 5.000e-06 | training loss: 2.012e+00 | training energy RMSE (per atom):   8.47 meV | training energy MAE (per atom):   5.92 meV | training forces RMSE:  97.75 meV/A | training forces MAE: 55.076 meV/A | validation loss: 1.582e+00 | validation energy RMSE (per atom):  21.77 meV | validation energy MAE (per atom):   8.44 meV | validation forces RMSE: 455.11 meV/A | validation forces MAE: 62.687 meV/A
[2025-11-04 16:28:10][INFO] - Epoch:  299 | learning rate: 5.000e-06 | training loss: 1.990e+00 | training energy RMSE (per atom):   8.44 meV | training energy MAE (per atom):   5.90 meV | training forces RMSE:  97.84 meV/A | training forces MAE: 55.106 meV/A | validation loss: 1.582e+00 | validation energy RMSE (per atom):  21.92 meV | validation energy MAE (per atom):   7.45 meV | validation forces RMSE: 455.12 meV/A | validation forces MAE: 62.700 meV/A
[2025-11-04 16:28:38][INFO] - Epoch:  300 | learning rate: 5.000e-06 | training loss: 2.088e+00 | training energy RMSE (per atom):   8.44 meV | training energy MAE (per atom):   5.90 meV | training forces RMSE:  97.72 meV/A | training forces MAE: 55.023 meV/A | validation loss: 1.582e+00 | validation energy RMSE (per atom):  21.88 meV | validation energy MAE (per atom):   7.79 meV | validation forces RMSE: 455.11 meV/A | validation forces MAE: 62.747 meV/A
[2025-11-04 16:29:05][INFO] - Epoch:  301 | learning rate: 5.000e-06 | training loss: 1.947e+00 | training energy RMSE (per atom):   8.43 meV | training energy MAE (per atom):   5.89 meV | training forces RMSE:  97.75 meV/A | training forces MAE: 55.064 meV/A | validation loss: 1.584e+00 | validation energy RMSE (per atom):  21.82 meV | validation energy MAE (per atom):   9.09 meV | validation forces RMSE: 455.34 meV/A | validation forces MAE: 62.733 meV/A
[2025-11-04 16:29:32][INFO] - Epoch:  302 | learning rate: 5.000e-06 | training loss: 2.001e+00 | training energy RMSE (per atom):   8.52 meV | training energy MAE (per atom):   5.97 meV | training forces RMSE:  97.74 meV/A | training forces MAE: 54.966 meV/A | validation loss: 1.585e+00 | validation energy RMSE (per atom):  21.92 meV | validation energy MAE (per atom):   7.66 meV | validation forces RMSE: 455.48 meV/A | validation forces MAE: 62.680 meV/A
[2025-11-04 16:29:59][INFO] - Epoch:  303 | learning rate: 5.000e-06 | training loss: 1.987e+00 | training energy RMSE (per atom):   8.42 meV | training energy MAE (per atom):   5.88 meV | training forces RMSE:  97.76 meV/A | training forces MAE: 55.021 meV/A | validation loss: 1.584e+00 | validation energy RMSE (per atom):  21.84 meV | validation energy MAE (per atom):   7.98 meV | validation forces RMSE: 455.38 meV/A | validation forces MAE: 62.826 meV/A
[2025-11-04 16:30:27][INFO] - Epoch:  304 | learning rate: 5.000e-06 | training loss: 2.018e+00 | training energy RMSE (per atom):   8.62 meV | training energy MAE (per atom):   6.04 meV | training forces RMSE:  97.72 meV/A | training forces MAE: 54.998 meV/A | validation loss: 1.584e+00 | validation energy RMSE (per atom):  21.73 meV | validation energy MAE (per atom):   8.20 meV | validation forces RMSE: 455.32 meV/A | validation forces MAE: 62.766 meV/A
[2025-11-04 16:30:54][INFO] - Epoch:  305 | learning rate: 5.000e-06 | training loss: 1.996e+00 | training energy RMSE (per atom):   8.47 meV | training energy MAE (per atom):   5.91 meV | training forces RMSE:  97.70 meV/A | training forces MAE: 54.997 meV/A | validation loss: 1.584e+00 | validation energy RMSE (per atom):  21.64 meV | validation energy MAE (per atom):   8.01 meV | validation forces RMSE: 455.44 meV/A | validation forces MAE: 62.777 meV/A
[2025-11-04 16:31:22][INFO] - Epoch:  306 | learning rate: 5.000e-06 | training loss: 2.012e+00 | training energy RMSE (per atom):   8.38 meV | training energy MAE (per atom):   5.82 meV | training forces RMSE:  97.70 meV/A | training forces MAE: 55.015 meV/A | validation loss: 1.585e+00 | validation energy RMSE (per atom):  21.81 meV | validation energy MAE (per atom):   8.88 meV | validation forces RMSE: 455.56 meV/A | validation forces MAE: 62.672 meV/A
[2025-11-04 16:31:49][INFO] - Epoch:  307 | learning rate: 5.000e-06 | training loss: 1.976e+00 | training energy RMSE (per atom):   8.51 meV | training energy MAE (per atom):   5.97 meV | training forces RMSE:  97.65 meV/A | training forces MAE: 55.005 meV/A | validation loss: 1.585e+00 | validation energy RMSE (per atom):  21.81 meV | validation energy MAE (per atom):   8.00 meV | validation forces RMSE: 455.59 meV/A | validation forces MAE: 62.677 meV/A
[2025-11-04 16:32:16][INFO] - Epoch:  308 | learning rate: 5.000e-06 | training loss: 2.012e+00 | training energy RMSE (per atom):   8.52 meV | training energy MAE (per atom):   5.94 meV | training forces RMSE:  97.67 meV/A | training forces MAE: 54.971 meV/A | validation loss: 1.586e+00 | validation energy RMSE (per atom):  21.84 meV | validation energy MAE (per atom):   8.93 meV | validation forces RMSE: 455.57 meV/A | validation forces MAE: 62.843 meV/A
[2025-11-04 16:32:44][INFO] - Epoch:  309 | learning rate: 5.000e-06 | training loss: 2.018e+00 | training energy RMSE (per atom):   8.44 meV | training energy MAE (per atom):   5.93 meV | training forces RMSE:  97.63 meV/A | training forces MAE: 54.967 meV/A | validation loss: 1.587e+00 | validation energy RMSE (per atom):  21.80 meV | validation energy MAE (per atom):   7.70 meV | validation forces RMSE: 455.74 meV/A | validation forces MAE: 62.845 meV/A
[2025-11-04 16:33:11][INFO] - Epoch:  310 | learning rate: 5.000e-06 | training loss: 1.987e+00 | training energy RMSE (per atom):   8.45 meV | training energy MAE (per atom):   5.92 meV | training forces RMSE:  97.61 meV/A | training forces MAE: 54.951 meV/A | validation loss: 1.588e+00 | validation energy RMSE (per atom):  22.09 meV | validation energy MAE (per atom):   7.46 meV | validation forces RMSE: 455.88 meV/A | validation forces MAE: 62.652 meV/A
[2025-11-04 16:33:39][INFO] - Epoch:  311 | learning rate: 5.000e-06 | training loss: 2.008e+00 | training energy RMSE (per atom):   8.45 meV | training energy MAE (per atom):   5.91 meV | training forces RMSE:  97.58 meV/A | training forces MAE: 54.986 meV/A | validation loss: 1.587e+00 | validation energy RMSE (per atom):  21.90 meV | validation energy MAE (per atom):   7.58 meV | validation forces RMSE: 455.84 meV/A | validation forces MAE: 62.643 meV/A
[2025-11-04 16:34:06][INFO] - Epoch:  312 | learning rate: 5.000e-06 | training loss: 1.972e+00 | training energy RMSE (per atom):   8.45 meV | training energy MAE (per atom):   5.90 meV | training forces RMSE:  97.56 meV/A | training forces MAE: 54.973 meV/A | validation loss: 1.587e+00 | validation energy RMSE (per atom):  21.72 meV | validation energy MAE (per atom):   8.08 meV | validation forces RMSE: 455.85 meV/A | validation forces MAE: 62.663 meV/A
[2025-11-04 16:34:34][INFO] - Epoch:  313 | learning rate: 5.000e-06 | training loss: 2.043e+00 | training energy RMSE (per atom):   8.55 meV | training energy MAE (per atom):   6.04 meV | training forces RMSE:  97.61 meV/A | training forces MAE: 54.939 meV/A | validation loss: 1.588e+00 | validation energy RMSE (per atom):  21.80 meV | validation energy MAE (per atom):   8.92 meV | validation forces RMSE: 455.91 meV/A | validation forces MAE: 62.641 meV/A
[2025-11-04 16:35:01][INFO] - Epoch:  314 | learning rate: 5.000e-06 | training loss: 2.012e+00 | training energy RMSE (per atom):   8.41 meV | training energy MAE (per atom):   5.88 meV | training forces RMSE:  97.52 meV/A | training forces MAE: 54.964 meV/A | validation loss: 1.589e+00 | validation energy RMSE (per atom):  21.82 meV | validation energy MAE (per atom):   7.49 meV | validation forces RMSE: 456.04 meV/A | validation forces MAE: 62.636 meV/A
[2025-11-04 16:35:28][INFO] - Epoch:  315 | learning rate: 5.000e-06 | training loss: 2.017e+00 | training energy RMSE (per atom):   8.49 meV | training energy MAE (per atom):   5.96 meV | training forces RMSE:  97.54 meV/A | training forces MAE: 54.988 meV/A | validation loss: 1.590e+00 | validation energy RMSE (per atom):  22.46 meV | validation energy MAE (per atom):   7.60 meV | validation forces RMSE: 456.16 meV/A | validation forces MAE: 62.656 meV/A
[2025-11-04 16:35:56][INFO] - Epoch:  316 | learning rate: 5.000e-06 | training loss: 1.953e+00 | training energy RMSE (per atom):   8.49 meV | training energy MAE (per atom):   5.95 meV | training forces RMSE:  97.53 meV/A | training forces MAE: 54.911 meV/A | validation loss: 1.591e+00 | validation energy RMSE (per atom):  22.31 meV | validation energy MAE (per atom):   7.47 meV | validation forces RMSE: 456.33 meV/A | validation forces MAE: 62.664 meV/A
[2025-11-04 16:36:23][INFO] - Epoch:  317 | learning rate: 5.000e-06 | training loss: 2.003e+00 | training energy RMSE (per atom):   8.43 meV | training energy MAE (per atom):   5.91 meV | training forces RMSE:  97.58 meV/A | training forces MAE: 54.953 meV/A | validation loss: 1.591e+00 | validation energy RMSE (per atom):  21.80 meV | validation energy MAE (per atom):   8.93 meV | validation forces RMSE: 456.38 meV/A | validation forces MAE: 62.693 meV/A
[2025-11-04 16:36:51][INFO] - Epoch:  318 | learning rate: 5.000e-06 | training loss: 1.989e+00 | training energy RMSE (per atom):   8.47 meV | training energy MAE (per atom):   5.96 meV | training forces RMSE:  97.57 meV/A | training forces MAE: 55.003 meV/A | validation loss: 1.591e+00 | validation energy RMSE (per atom):  21.89 meV | validation energy MAE (per atom):   7.81 meV | validation forces RMSE: 456.35 meV/A | validation forces MAE: 62.741 meV/A
[2025-11-04 16:37:18][INFO] - Epoch:  319 | learning rate: 5.000e-06 | training loss: 1.988e+00 | training energy RMSE (per atom):   8.43 meV | training energy MAE (per atom):   5.90 meV | training forces RMSE:  97.47 meV/A | training forces MAE: 54.908 meV/A | validation loss: 1.590e+00 | validation energy RMSE (per atom):  21.76 meV | validation energy MAE (per atom):   7.83 meV | validation forces RMSE: 456.30 meV/A | validation forces MAE: 62.655 meV/A
[2025-11-04 16:37:46][INFO] - Epoch:  320 | learning rate: 5.000e-06 | training loss: 1.983e+00 | training energy RMSE (per atom):   8.38 meV | training energy MAE (per atom):   5.87 meV | training forces RMSE:  97.49 meV/A | training forces MAE: 54.915 meV/A | validation loss: 1.592e+00 | validation energy RMSE (per atom):  21.86 meV | validation energy MAE (per atom):   7.44 meV | validation forces RMSE: 456.47 meV/A | validation forces MAE: 62.620 meV/A
[2025-11-04 16:38:13][INFO] - Epoch:  321 | learning rate: 5.000e-06 | training loss: 1.995e+00 | training energy RMSE (per atom):   8.35 meV | training energy MAE (per atom):   5.84 meV | training forces RMSE:  97.49 meV/A | training forces MAE: 54.878 meV/A | validation loss: 1.592e+00 | validation energy RMSE (per atom):  22.28 meV | validation energy MAE (per atom):   7.43 meV | validation forces RMSE: 456.49 meV/A | validation forces MAE: 62.628 meV/A
[2025-11-04 16:38:41][INFO] - Epoch:  322 | learning rate: 5.000e-06 | training loss: 1.974e+00 | training energy RMSE (per atom):   8.42 meV | training energy MAE (per atom):   5.91 meV | training forces RMSE:  97.52 meV/A | training forces MAE: 54.872 meV/A | validation loss: 1.592e+00 | validation energy RMSE (per atom):  21.74 meV | validation energy MAE (per atom):   7.51 meV | validation forces RMSE: 456.57 meV/A | validation forces MAE: 62.702 meV/A
[2025-11-04 16:39:08][INFO] - Epoch:  323 | learning rate: 5.000e-06 | training loss: 2.007e+00 | training energy RMSE (per atom):   8.52 meV | training energy MAE (per atom):   5.97 meV | training forces RMSE:  97.47 meV/A | training forces MAE: 54.969 meV/A | validation loss: 1.593e+00 | validation energy RMSE (per atom):  22.07 meV | validation energy MAE (per atom):   7.35 meV | validation forces RMSE: 456.70 meV/A | validation forces MAE: 62.662 meV/A
[2025-11-04 16:39:35][INFO] - Epoch:  324 | learning rate: 5.000e-06 | training loss: 1.953e+00 | training energy RMSE (per atom):   8.48 meV | training energy MAE (per atom):   5.92 meV | training forces RMSE:  97.49 meV/A | training forces MAE: 54.945 meV/A | validation loss: 1.593e+00 | validation energy RMSE (per atom):  21.81 meV | validation energy MAE (per atom):   7.73 meV | validation forces RMSE: 456.71 meV/A | validation forces MAE: 62.629 meV/A
[2025-11-04 16:40:03][INFO] - Epoch:  325 | learning rate: 5.000e-06 | training loss: 1.989e+00 | training energy RMSE (per atom):   8.39 meV | training energy MAE (per atom):   5.86 meV | training forces RMSE:  97.42 meV/A | training forces MAE: 54.884 meV/A | validation loss: 1.594e+00 | validation energy RMSE (per atom):  21.75 meV | validation energy MAE (per atom):   7.48 meV | validation forces RMSE: 456.80 meV/A | validation forces MAE: 62.670 meV/A
[2025-11-04 16:40:30][INFO] - Epoch:  326 | learning rate: 5.000e-06 | training loss: 1.993e+00 | training energy RMSE (per atom):   8.55 meV | training energy MAE (per atom):   6.01 meV | training forces RMSE:  97.43 meV/A | training forces MAE: 54.969 meV/A | validation loss: 1.594e+00 | validation energy RMSE (per atom):  21.78 meV | validation energy MAE (per atom):   7.99 meV | validation forces RMSE: 456.90 meV/A | validation forces MAE: 62.620 meV/A
[2025-11-04 16:40:58][INFO] - Epoch:  327 | learning rate: 5.000e-06 | training loss: 2.012e+00 | training energy RMSE (per atom):   8.36 meV | training energy MAE (per atom):   5.83 meV | training forces RMSE:  97.43 meV/A | training forces MAE: 54.869 meV/A | validation loss: 1.594e+00 | validation energy RMSE (per atom):  21.75 meV | validation energy MAE (per atom):   8.88 meV | validation forces RMSE: 456.84 meV/A | validation forces MAE: 62.639 meV/A
[2025-11-04 16:41:25][INFO] - Epoch:  328 | learning rate: 5.000e-06 | training loss: 1.997e+00 | training energy RMSE (per atom):   8.57 meV | training energy MAE (per atom):   6.02 meV | training forces RMSE:  97.32 meV/A | training forces MAE: 54.878 meV/A | validation loss: 1.595e+00 | validation energy RMSE (per atom):  21.78 meV | validation energy MAE (per atom):   7.69 meV | validation forces RMSE: 457.04 meV/A | validation forces MAE: 62.605 meV/A
[2025-11-04 16:41:52][INFO] - Epoch:  329 | learning rate: 5.000e-06 | training loss: 1.987e+00 | training energy RMSE (per atom):   8.41 meV | training energy MAE (per atom):   5.87 meV | training forces RMSE:  97.35 meV/A | training forces MAE: 54.913 meV/A | validation loss: 1.595e+00 | validation energy RMSE (per atom):  21.80 meV | validation energy MAE (per atom):   7.62 meV | validation forces RMSE: 456.97 meV/A | validation forces MAE: 62.693 meV/A
[2025-11-04 16:42:20][INFO] - Epoch:  330 | learning rate: 5.000e-06 | training loss: 1.960e+00 | training energy RMSE (per atom):   8.34 meV | training energy MAE (per atom):   5.79 meV | training forces RMSE:  97.38 meV/A | training forces MAE: 54.856 meV/A | validation loss: 1.596e+00 | validation energy RMSE (per atom):  21.92 meV | validation energy MAE (per atom):   7.51 meV | validation forces RMSE: 457.13 meV/A | validation forces MAE: 62.613 meV/A
[2025-11-04 16:42:47][INFO] - Epoch:  331 | learning rate: 5.000e-06 | training loss: 2.013e+00 | training energy RMSE (per atom):   8.47 meV | training energy MAE (per atom):   5.94 meV | training forces RMSE:  97.37 meV/A | training forces MAE: 54.884 meV/A | validation loss: 1.598e+00 | validation energy RMSE (per atom):  22.43 meV | validation energy MAE (per atom):   7.54 meV | validation forces RMSE: 457.36 meV/A | validation forces MAE: 62.647 meV/A
[2025-11-04 16:43:15][INFO] - Epoch:  332 | learning rate: 5.000e-06 | training loss: 1.945e+00 | training energy RMSE (per atom):   8.41 meV | training energy MAE (per atom):   5.89 meV | training forces RMSE:  97.30 meV/A | training forces MAE: 54.835 meV/A | validation loss: 1.598e+00 | validation energy RMSE (per atom):  22.17 meV | validation energy MAE (per atom):   7.25 meV | validation forces RMSE: 457.48 meV/A | validation forces MAE: 62.627 meV/A
[2025-11-04 16:43:42][INFO] - Epoch:  333 | learning rate: 5.000e-06 | training loss: 1.998e+00 | training energy RMSE (per atom):   8.37 meV | training energy MAE (per atom):   5.86 meV | training forces RMSE:  97.34 meV/A | training forces MAE: 54.843 meV/A | validation loss: 1.596e+00 | validation energy RMSE (per atom):  21.81 meV | validation energy MAE (per atom):   8.62 meV | validation forces RMSE: 457.10 meV/A | validation forces MAE: 62.630 meV/A
[2025-11-04 16:44:10][INFO] - Epoch:  334 | learning rate: 5.000e-06 | training loss: 2.012e+00 | training energy RMSE (per atom):   8.35 meV | training energy MAE (per atom):   5.83 meV | training forces RMSE:  97.32 meV/A | training forces MAE: 54.784 meV/A | validation loss: 1.598e+00 | validation energy RMSE (per atom):  21.88 meV | validation energy MAE (per atom):   7.63 meV | validation forces RMSE: 457.40 meV/A | validation forces MAE: 62.639 meV/A
[2025-11-04 16:44:37][INFO] - Epoch:  335 | learning rate: 5.000e-06 | training loss: 1.993e+00 | training energy RMSE (per atom):   8.37 meV | training energy MAE (per atom):   5.88 meV | training forces RMSE:  97.28 meV/A | training forces MAE: 54.745 meV/A | validation loss: 1.598e+00 | validation energy RMSE (per atom):  21.92 meV | validation energy MAE (per atom):   7.35 meV | validation forces RMSE: 457.42 meV/A | validation forces MAE: 62.644 meV/A
[2025-11-04 16:45:04][INFO] - Epoch:  336 | learning rate: 5.000e-06 | training loss: 2.004e+00 | training energy RMSE (per atom):   8.37 meV | training energy MAE (per atom):   5.81 meV | training forces RMSE:  97.27 meV/A | training forces MAE: 54.831 meV/A | validation loss: 1.598e+00 | validation energy RMSE (per atom):  21.87 meV | validation energy MAE (per atom):   7.39 meV | validation forces RMSE: 457.37 meV/A | validation forces MAE: 62.708 meV/A
[2025-11-04 16:45:32][INFO] - Epoch:  337 | learning rate: 5.000e-06 | training loss: 1.976e+00 | training energy RMSE (per atom):   8.42 meV | training energy MAE (per atom):   5.92 meV | training forces RMSE:  97.26 meV/A | training forces MAE: 54.896 meV/A | validation loss: 1.598e+00 | validation energy RMSE (per atom):  21.69 meV | validation energy MAE (per atom):   8.04 meV | validation forces RMSE: 457.51 meV/A | validation forces MAE: 62.756 meV/A
[2025-11-04 16:45:59][INFO] - Epoch:  338 | learning rate: 5.000e-06 | training loss: 2.008e+00 | training energy RMSE (per atom):   8.39 meV | training energy MAE (per atom):   5.88 meV | training forces RMSE:  97.27 meV/A | training forces MAE: 54.849 meV/A | validation loss: 1.599e+00 | validation energy RMSE (per atom):  21.79 meV | validation energy MAE (per atom):   7.71 meV | validation forces RMSE: 457.58 meV/A | validation forces MAE: 62.571 meV/A
[2025-11-04 16:46:27][INFO] - Epoch:  339 | learning rate: 5.000e-06 | training loss: 1.953e+00 | training energy RMSE (per atom):   8.42 meV | training energy MAE (per atom):   5.88 meV | training forces RMSE:  97.18 meV/A | training forces MAE: 54.821 meV/A | validation loss: 1.601e+00 | validation energy RMSE (per atom):  22.95 meV | validation energy MAE (per atom):   8.41 meV | validation forces RMSE: 457.72 meV/A | validation forces MAE: 62.613 meV/A
[2025-11-04 16:46:55][INFO] - Epoch:  340 | learning rate: 5.000e-06 | training loss: 1.926e+00 | training energy RMSE (per atom):   8.46 meV | training energy MAE (per atom):   5.90 meV | training forces RMSE:  97.23 meV/A | training forces MAE: 54.775 meV/A | validation loss: 1.600e+00 | validation energy RMSE (per atom):  22.05 meV | validation energy MAE (per atom):   7.42 meV | validation forces RMSE: 457.79 meV/A | validation forces MAE: 62.586 meV/A
[2025-11-04 16:47:22][INFO] - Epoch:  341 | learning rate: 5.000e-06 | training loss: 1.952e+00 | training energy RMSE (per atom):   8.39 meV | training energy MAE (per atom):   5.86 meV | training forces RMSE:  97.27 meV/A | training forces MAE: 54.789 meV/A | validation loss: 1.601e+00 | validation energy RMSE (per atom):  22.13 meV | validation energy MAE (per atom):   7.25 meV | validation forces RMSE: 457.87 meV/A | validation forces MAE: 62.614 meV/A
[2025-11-04 16:47:49][INFO] - Epoch:  342 | learning rate: 5.000e-06 | training loss: 2.031e+00 | training energy RMSE (per atom):   8.38 meV | training energy MAE (per atom):   5.81 meV | training forces RMSE:  97.23 meV/A | training forces MAE: 54.863 meV/A | validation loss: 1.600e+00 | validation energy RMSE (per atom):  21.81 meV | validation energy MAE (per atom):   7.66 meV | validation forces RMSE: 457.80 meV/A | validation forces MAE: 62.600 meV/A
[2025-11-04 16:48:17][INFO] - Epoch:  343 | learning rate: 5.000e-06 | training loss: 1.966e+00 | training energy RMSE (per atom):   8.40 meV | training energy MAE (per atom):   5.87 meV | training forces RMSE:  97.16 meV/A | training forces MAE: 54.733 meV/A | validation loss: 1.601e+00 | validation energy RMSE (per atom):  21.78 meV | validation energy MAE (per atom):   7.50 meV | validation forces RMSE: 457.83 meV/A | validation forces MAE: 62.597 meV/A
[2025-11-04 16:48:45][INFO] - Epoch:  344 | learning rate: 5.000e-06 | training loss: 1.954e+00 | training energy RMSE (per atom):   8.42 meV | training energy MAE (per atom):   5.89 meV | training forces RMSE:  97.20 meV/A | training forces MAE: 54.793 meV/A | validation loss: 1.601e+00 | validation energy RMSE (per atom):  21.94 meV | validation energy MAE (per atom):   7.46 meV | validation forces RMSE: 457.92 meV/A | validation forces MAE: 62.574 meV/A
[2025-11-04 16:49:12][INFO] - Epoch:  345 | learning rate: 5.000e-06 | training loss: 1.991e+00 | training energy RMSE (per atom):   8.48 meV | training energy MAE (per atom):   5.96 meV | training forces RMSE:  97.23 meV/A | training forces MAE: 54.806 meV/A | validation loss: 1.601e+00 | validation energy RMSE (per atom):  21.91 meV | validation energy MAE (per atom):   7.48 meV | validation forces RMSE: 457.86 meV/A | validation forces MAE: 62.570 meV/A
[2025-11-04 16:49:40][INFO] - Epoch:  346 | learning rate: 5.000e-06 | training loss: 1.995e+00 | training energy RMSE (per atom):   8.43 meV | training energy MAE (per atom):   5.90 meV | training forces RMSE:  97.19 meV/A | training forces MAE: 54.824 meV/A | validation loss: 1.602e+00 | validation energy RMSE (per atom):  21.74 meV | validation energy MAE (per atom):   7.86 meV | validation forces RMSE: 458.00 meV/A | validation forces MAE: 62.542 meV/A
[2025-11-04 16:50:07][INFO] - Epoch:  347 | learning rate: 5.000e-06 | training loss: 1.965e+00 | training energy RMSE (per atom):   8.51 meV | training energy MAE (per atom):   5.97 meV | training forces RMSE:  97.12 meV/A | training forces MAE: 54.807 meV/A | validation loss: 1.603e+00 | validation energy RMSE (per atom):  21.82 meV | validation energy MAE (per atom):   7.89 meV | validation forces RMSE: 458.12 meV/A | validation forces MAE: 62.560 meV/A
[2025-11-04 16:50:35][INFO] - Epoch:  348 | learning rate: 5.000e-06 | training loss: 2.021e+00 | training energy RMSE (per atom):   8.48 meV | training energy MAE (per atom):   5.94 meV | training forces RMSE:  97.15 meV/A | training forces MAE: 54.751 meV/A | validation loss: 1.602e+00 | validation energy RMSE (per atom):  21.91 meV | validation energy MAE (per atom):   9.16 meV | validation forces RMSE: 458.08 meV/A | validation forces MAE: 62.621 meV/A
[2025-11-04 16:51:02][INFO] - Epoch:  349 | learning rate: 5.000e-06 | training loss: 1.976e+00 | training energy RMSE (per atom):   8.62 meV | training energy MAE (per atom):   6.06 meV | training forces RMSE:  97.06 meV/A | training forces MAE: 54.864 meV/A | validation loss: 1.603e+00 | validation energy RMSE (per atom):  22.00 meV | validation energy MAE (per atom):   7.33 meV | validation forces RMSE: 458.11 meV/A | validation forces MAE: 62.632 meV/A
[2025-11-04 16:51:30][INFO] - Epoch:  350 | learning rate: 5.000e-06 | training loss: 1.977e+00 | training energy RMSE (per atom):   8.39 meV | training energy MAE (per atom):   5.86 meV | training forces RMSE:  97.13 meV/A | training forces MAE: 54.744 meV/A | validation loss: 1.604e+00 | validation energy RMSE (per atom):  21.68 meV | validation energy MAE (per atom):   7.82 meV | validation forces RMSE: 458.31 meV/A | validation forces MAE: 62.560 meV/A
[2025-11-04 16:51:57][INFO] - Epoch:  351 | learning rate: 5.000e-06 | training loss: 2.014e+00 | training energy RMSE (per atom):   8.40 meV | training energy MAE (per atom):   5.88 meV | training forces RMSE:  97.11 meV/A | training forces MAE: 54.733 meV/A | validation loss: 1.604e+00 | validation energy RMSE (per atom):  22.33 meV | validation energy MAE (per atom):   7.43 meV | validation forces RMSE: 458.36 meV/A | validation forces MAE: 62.643 meV/A
[2025-11-04 16:52:25][INFO] - Epoch:  352 | learning rate: 5.000e-06 | training loss: 1.976e+00 | training energy RMSE (per atom):   8.57 meV | training energy MAE (per atom):   5.99 meV | training forces RMSE:  97.15 meV/A | training forces MAE: 54.787 meV/A | validation loss: 1.605e+00 | validation energy RMSE (per atom):  21.84 meV | validation energy MAE (per atom):   7.38 meV | validation forces RMSE: 458.52 meV/A | validation forces MAE: 62.550 meV/A
[2025-11-04 16:52:53][INFO] - Epoch:  353 | learning rate: 5.000e-06 | training loss: 1.969e+00 | training energy RMSE (per atom):   8.36 meV | training energy MAE (per atom):   5.84 meV | training forces RMSE:  97.09 meV/A | training forces MAE: 54.823 meV/A | validation loss: 1.604e+00 | validation energy RMSE (per atom):  21.89 meV | validation energy MAE (per atom):   9.26 meV | validation forces RMSE: 458.40 meV/A | validation forces MAE: 62.664 meV/A
[2025-11-04 16:53:20][INFO] - Epoch:  354 | learning rate: 5.000e-06 | training loss: 2.025e+00 | training energy RMSE (per atom):   8.29 meV | training energy MAE (per atom):   5.81 meV | training forces RMSE:  97.07 meV/A | training forces MAE: 54.769 meV/A | validation loss: 1.605e+00 | validation energy RMSE (per atom):  22.02 meV | validation energy MAE (per atom):   9.25 meV | validation forces RMSE: 458.48 meV/A | validation forces MAE: 62.597 meV/A
[2025-11-04 16:53:48][INFO] - Epoch:  355 | learning rate: 5.000e-06 | training loss: 1.980e+00 | training energy RMSE (per atom):   8.38 meV | training energy MAE (per atom):   5.87 meV | training forces RMSE:  97.03 meV/A | training forces MAE: 54.739 meV/A | validation loss: 1.606e+00 | validation energy RMSE (per atom):  21.85 meV | validation energy MAE (per atom):   7.70 meV | validation forces RMSE: 458.62 meV/A | validation forces MAE: 62.539 meV/A
[2025-11-04 16:54:15][INFO] - Epoch:  356 | learning rate: 5.000e-06 | training loss: 1.967e+00 | training energy RMSE (per atom):   8.44 meV | training energy MAE (per atom):   5.89 meV | training forces RMSE:  96.99 meV/A | training forces MAE: 54.688 meV/A | validation loss: 1.607e+00 | validation energy RMSE (per atom):  22.12 meV | validation energy MAE (per atom):   7.31 meV | validation forces RMSE: 458.73 meV/A | validation forces MAE: 62.639 meV/A
[2025-11-04 16:54:43][INFO] - Epoch:  357 | learning rate: 5.000e-06 | training loss: 1.970e+00 | training energy RMSE (per atom):   8.39 meV | training energy MAE (per atom):   5.88 meV | training forces RMSE:  97.05 meV/A | training forces MAE: 54.749 meV/A | validation loss: 1.606e+00 | validation energy RMSE (per atom):  21.71 meV | validation energy MAE (per atom):   7.66 meV | validation forces RMSE: 458.61 meV/A | validation forces MAE: 62.538 meV/A
[2025-11-04 16:55:10][INFO] - Epoch:  358 | learning rate: 5.000e-06 | training loss: 1.975e+00 | training energy RMSE (per atom):   8.40 meV | training energy MAE (per atom):   5.87 meV | training forces RMSE:  97.04 meV/A | training forces MAE: 54.718 meV/A | validation loss: 1.606e+00 | validation energy RMSE (per atom):  21.77 meV | validation energy MAE (per atom):   8.59 meV | validation forces RMSE: 458.65 meV/A | validation forces MAE: 62.581 meV/A
[2025-11-04 16:55:38][INFO] - Epoch:  359 | learning rate: 5.000e-06 | training loss: 1.958e+00 | training energy RMSE (per atom):   8.41 meV | training energy MAE (per atom):   5.84 meV | training forces RMSE:  97.01 meV/A | training forces MAE: 54.676 meV/A | validation loss: 1.607e+00 | validation energy RMSE (per atom):  21.91 meV | validation energy MAE (per atom):   7.52 meV | validation forces RMSE: 458.72 meV/A | validation forces MAE: 62.586 meV/A
[2025-11-04 16:56:05][INFO] - Epoch:  360 | learning rate: 5.000e-06 | training loss: 1.973e+00 | training energy RMSE (per atom):   8.49 meV | training energy MAE (per atom):   5.99 meV | training forces RMSE:  96.97 meV/A | training forces MAE: 54.694 meV/A | validation loss: 1.608e+00 | validation energy RMSE (per atom):  21.87 meV | validation energy MAE (per atom):   7.49 meV | validation forces RMSE: 458.99 meV/A | validation forces MAE: 62.513 meV/A
[2025-11-04 16:56:33][INFO] - Epoch:  361 | learning rate: 5.000e-06 | training loss: 1.983e+00 | training energy RMSE (per atom):   8.48 meV | training energy MAE (per atom):   5.95 meV | training forces RMSE:  96.92 meV/A | training forces MAE: 54.703 meV/A | validation loss: 1.608e+00 | validation energy RMSE (per atom):  21.81 meV | validation energy MAE (per atom):   7.74 meV | validation forces RMSE: 459.00 meV/A | validation forces MAE: 62.547 meV/A
[2025-11-04 16:57:01][INFO] - Epoch:  362 | learning rate: 5.000e-06 | training loss: 1.954e+00 | training energy RMSE (per atom):   8.39 meV | training energy MAE (per atom):   5.88 meV | training forces RMSE:  96.92 meV/A | training forces MAE: 54.696 meV/A | validation loss: 1.608e+00 | validation energy RMSE (per atom):  22.14 meV | validation energy MAE (per atom):   7.35 meV | validation forces RMSE: 458.87 meV/A | validation forces MAE: 62.485 meV/A
[2025-11-04 16:57:28][INFO] - Epoch:  363 | learning rate: 5.000e-06 | training loss: 1.973e+00 | training energy RMSE (per atom):   8.38 meV | training energy MAE (per atom):   5.86 meV | training forces RMSE:  96.95 meV/A | training forces MAE: 54.705 meV/A | validation loss: 1.608e+00 | validation energy RMSE (per atom):  21.65 meV | validation energy MAE (per atom):   8.22 meV | validation forces RMSE: 458.89 meV/A | validation forces MAE: 62.548 meV/A
[2025-11-04 16:57:56][INFO] - Epoch:  364 | learning rate: 5.000e-06 | training loss: 1.964e+00 | training energy RMSE (per atom):   8.27 meV | training energy MAE (per atom):   5.77 meV | training forces RMSE:  96.94 meV/A | training forces MAE: 54.762 meV/A | validation loss: 1.608e+00 | validation energy RMSE (per atom):  21.76 meV | validation energy MAE (per atom):   7.93 meV | validation forces RMSE: 459.00 meV/A | validation forces MAE: 62.516 meV/A
[2025-11-04 16:58:23][INFO] - Epoch:  365 | learning rate: 5.000e-06 | training loss: 1.974e+00 | training energy RMSE (per atom):   8.32 meV | training energy MAE (per atom):   5.78 meV | training forces RMSE:  96.91 meV/A | training forces MAE: 54.666 meV/A | validation loss: 1.609e+00 | validation energy RMSE (per atom):  21.90 meV | validation energy MAE (per atom):   7.73 meV | validation forces RMSE: 459.02 meV/A | validation forces MAE: 62.517 meV/A
[2025-11-04 16:58:50][INFO] - Epoch:  366 | learning rate: 5.000e-06 | training loss: 1.948e+00 | training energy RMSE (per atom):   8.33 meV | training energy MAE (per atom):   5.86 meV | training forces RMSE:  96.91 meV/A | training forces MAE: 54.670 meV/A | validation loss: 1.609e+00 | validation energy RMSE (per atom):  22.11 meV | validation energy MAE (per atom):   7.29 meV | validation forces RMSE: 459.04 meV/A | validation forces MAE: 62.592 meV/A
[2025-11-04 16:59:18][INFO] - Epoch:  367 | learning rate: 5.000e-06 | training loss: 1.982e+00 | training energy RMSE (per atom):   8.67 meV | training energy MAE (per atom):   6.14 meV | training forces RMSE:  96.86 meV/A | training forces MAE: 54.675 meV/A | validation loss: 1.611e+00 | validation energy RMSE (per atom):  22.06 meV | validation energy MAE (per atom):   7.27 meV | validation forces RMSE: 459.29 meV/A | validation forces MAE: 62.525 meV/A
[2025-11-04 16:59:45][INFO] - Epoch:  368 | learning rate: 5.000e-06 | training loss: 1.974e+00 | training energy RMSE (per atom):   8.42 meV | training energy MAE (per atom):   5.83 meV | training forces RMSE:  96.98 meV/A | training forces MAE: 54.682 meV/A | validation loss: 1.610e+00 | validation energy RMSE (per atom):  21.97 meV | validation energy MAE (per atom):   7.57 meV | validation forces RMSE: 459.16 meV/A | validation forces MAE: 62.496 meV/A
[2025-11-04 17:00:12][INFO] - Epoch:  369 | learning rate: 5.000e-06 | training loss: 1.980e+00 | training energy RMSE (per atom):   8.39 meV | training energy MAE (per atom):   5.89 meV | training forces RMSE:  96.91 meV/A | training forces MAE: 54.613 meV/A | validation loss: 1.611e+00 | validation energy RMSE (per atom):  21.93 meV | validation energy MAE (per atom):   7.26 meV | validation forces RMSE: 459.39 meV/A | validation forces MAE: 62.554 meV/A
[2025-11-04 17:00:40][INFO] - Epoch:  370 | learning rate: 5.000e-06 | training loss: 1.945e+00 | training energy RMSE (per atom):   8.80 meV | training energy MAE (per atom):   6.26 meV | training forces RMSE:  96.78 meV/A | training forces MAE: 54.628 meV/A | validation loss: 1.612e+00 | validation energy RMSE (per atom):  22.23 meV | validation energy MAE (per atom):   7.31 meV | validation forces RMSE: 459.49 meV/A | validation forces MAE: 62.518 meV/A
[2025-11-04 17:01:07][INFO] - Epoch:  371 | learning rate: 5.000e-06 | training loss: 1.950e+00 | training energy RMSE (per atom):   8.32 meV | training energy MAE (per atom):   5.81 meV | training forces RMSE:  96.88 meV/A | training forces MAE: 54.710 meV/A | validation loss: 1.612e+00 | validation energy RMSE (per atom):  22.54 meV | validation energy MAE (per atom):   7.70 meV | validation forces RMSE: 459.52 meV/A | validation forces MAE: 62.515 meV/A
[2025-11-04 17:01:34][INFO] - Epoch:  372 | learning rate: 5.000e-06 | training loss: 1.954e+00 | training energy RMSE (per atom):   8.36 meV | training energy MAE (per atom):   5.84 meV | training forces RMSE:  96.78 meV/A | training forces MAE: 54.599 meV/A | validation loss: 1.612e+00 | validation energy RMSE (per atom):  21.81 meV | validation energy MAE (per atom):   8.75 meV | validation forces RMSE: 459.49 meV/A | validation forces MAE: 62.554 meV/A
[2025-11-04 17:02:02][INFO] - Epoch:  373 | learning rate: 5.000e-06 | training loss: 1.962e+00 | training energy RMSE (per atom):   8.29 meV | training energy MAE (per atom):   5.81 meV | training forces RMSE:  96.87 meV/A | training forces MAE: 54.686 meV/A | validation loss: 1.612e+00 | validation energy RMSE (per atom):  21.85 meV | validation energy MAE (per atom):   7.53 meV | validation forces RMSE: 459.57 meV/A | validation forces MAE: 62.491 meV/A
[2025-11-04 17:02:29][INFO] - Epoch:  374 | learning rate: 5.000e-06 | training loss: 1.927e+00 | training energy RMSE (per atom):   8.39 meV | training energy MAE (per atom):   5.88 meV | training forces RMSE:  96.77 meV/A | training forces MAE: 54.646 meV/A | validation loss: 1.612e+00 | validation energy RMSE (per atom):  21.89 meV | validation energy MAE (per atom):   7.46 meV | validation forces RMSE: 459.55 meV/A | validation forces MAE: 62.536 meV/A
[2025-11-04 17:02:57][INFO] - Epoch:  375 | learning rate: 5.000e-06 | training loss: 1.984e+00 | training energy RMSE (per atom):   8.36 meV | training energy MAE (per atom):   5.85 meV | training forces RMSE:  96.78 meV/A | training forces MAE: 54.655 meV/A | validation loss: 1.613e+00 | validation energy RMSE (per atom):  21.79 meV | validation energy MAE (per atom):   7.96 meV | validation forces RMSE: 459.70 meV/A | validation forces MAE: 62.539 meV/A
[2025-11-04 17:03:25][INFO] - Epoch:  376 | learning rate: 5.000e-06 | training loss: 1.926e+00 | training energy RMSE (per atom):   8.50 meV | training energy MAE (per atom):   6.00 meV | training forces RMSE:  96.80 meV/A | training forces MAE: 54.649 meV/A | validation loss: 1.614e+00 | validation energy RMSE (per atom):  22.24 meV | validation energy MAE (per atom):   7.28 meV | validation forces RMSE: 459.79 meV/A | validation forces MAE: 62.570 meV/A
[2025-11-04 17:03:52][INFO] - Epoch:  377 | learning rate: 5.000e-06 | training loss: 1.928e+00 | training energy RMSE (per atom):   8.41 meV | training energy MAE (per atom):   5.86 meV | training forces RMSE:  96.74 meV/A | training forces MAE: 54.622 meV/A | validation loss: 1.614e+00 | validation energy RMSE (per atom):  21.72 meV | validation energy MAE (per atom):   7.66 meV | validation forces RMSE: 459.85 meV/A | validation forces MAE: 62.502 meV/A
[2025-11-04 17:04:20][INFO] - Epoch:  378 | learning rate: 5.000e-06 | training loss: 1.928e+00 | training energy RMSE (per atom):   8.39 meV | training energy MAE (per atom):   5.85 meV | training forces RMSE:  96.65 meV/A | training forces MAE: 54.597 meV/A | validation loss: 1.615e+00 | validation energy RMSE (per atom):  22.05 meV | validation energy MAE (per atom):   7.40 meV | validation forces RMSE: 459.90 meV/A | validation forces MAE: 62.501 meV/A
[2025-11-04 17:04:47][INFO] - Epoch:  379 | learning rate: 5.000e-06 | training loss: 2.006e+00 | training energy RMSE (per atom):   8.38 meV | training energy MAE (per atom):   5.86 meV | training forces RMSE:  96.77 meV/A | training forces MAE: 54.631 meV/A | validation loss: 1.615e+00 | validation energy RMSE (per atom):  21.74 meV | validation energy MAE (per atom):   7.52 meV | validation forces RMSE: 459.93 meV/A | validation forces MAE: 62.473 meV/A
[2025-11-04 17:05:15][INFO] - Epoch:  380 | learning rate: 5.000e-06 | training loss: 1.988e+00 | training energy RMSE (per atom):   8.39 meV | training energy MAE (per atom):   5.85 meV | training forces RMSE:  96.76 meV/A | training forces MAE: 54.606 meV/A | validation loss: 1.615e+00 | validation energy RMSE (per atom):  22.02 meV | validation energy MAE (per atom):   7.31 meV | validation forces RMSE: 459.95 meV/A | validation forces MAE: 62.465 meV/A
[2025-11-04 17:05:43][INFO] - Epoch:  381 | learning rate: 5.000e-06 | training loss: 1.920e+00 | training energy RMSE (per atom):   8.41 meV | training energy MAE (per atom):   5.89 meV | training forces RMSE:  96.75 meV/A | training forces MAE: 54.554 meV/A | validation loss: 1.616e+00 | validation energy RMSE (per atom):  21.77 meV | validation energy MAE (per atom):   7.95 meV | validation forces RMSE: 460.08 meV/A | validation forces MAE: 62.565 meV/A
[2025-11-04 17:06:10][INFO] - Epoch:  382 | learning rate: 5.000e-06 | training loss: 1.973e+00 | training energy RMSE (per atom):   8.32 meV | training energy MAE (per atom):   5.79 meV | training forces RMSE:  96.71 meV/A | training forces MAE: 54.592 meV/A | validation loss: 1.615e+00 | validation energy RMSE (per atom):  21.67 meV | validation energy MAE (per atom):   8.16 meV | validation forces RMSE: 460.06 meV/A | validation forces MAE: 62.459 meV/A
[2025-11-04 17:06:38][INFO] - Epoch:  383 | learning rate: 5.000e-06 | training loss: 1.971e+00 | training energy RMSE (per atom):   8.35 meV | training energy MAE (per atom):   5.79 meV | training forces RMSE:  96.69 meV/A | training forces MAE: 54.608 meV/A | validation loss: 1.616e+00 | validation energy RMSE (per atom):  22.72 meV | validation energy MAE (per atom):   8.08 meV | validation forces RMSE: 460.07 meV/A | validation forces MAE: 62.479 meV/A
[2025-11-04 17:07:05][INFO] - Epoch:  384 | learning rate: 5.000e-06 | training loss: 2.001e+00 | training energy RMSE (per atom):   8.37 meV | training energy MAE (per atom):   5.88 meV | training forces RMSE:  96.68 meV/A | training forces MAE: 54.589 meV/A | validation loss: 1.617e+00 | validation energy RMSE (per atom):  21.77 meV | validation energy MAE (per atom):   8.09 meV | validation forces RMSE: 460.34 meV/A | validation forces MAE: 62.505 meV/A
[2025-11-04 17:07:32][INFO] - Epoch:  385 | learning rate: 5.000e-06 | training loss: 1.984e+00 | training energy RMSE (per atom):   8.41 meV | training energy MAE (per atom):   5.82 meV | training forces RMSE:  96.75 meV/A | training forces MAE: 54.611 meV/A | validation loss: 1.618e+00 | validation energy RMSE (per atom):  22.16 meV | validation energy MAE (per atom):   7.27 meV | validation forces RMSE: 460.43 meV/A | validation forces MAE: 62.516 meV/A
[2025-11-04 17:08:00][INFO] - Epoch:  386 | learning rate: 5.000e-06 | training loss: 1.975e+00 | training energy RMSE (per atom):   8.53 meV | training energy MAE (per atom):   5.95 meV | training forces RMSE:  96.63 meV/A | training forces MAE: 54.600 meV/A | validation loss: 1.618e+00 | validation energy RMSE (per atom):  21.86 meV | validation energy MAE (per atom):   7.33 meV | validation forces RMSE: 460.44 meV/A | validation forces MAE: 62.465 meV/A
[2025-11-04 17:08:27][INFO] - Epoch:  387 | learning rate: 5.000e-06 | training loss: 1.971e+00 | training energy RMSE (per atom):   8.34 meV | training energy MAE (per atom):   5.79 meV | training forces RMSE:  96.67 meV/A | training forces MAE: 54.573 meV/A | validation loss: 1.618e+00 | validation energy RMSE (per atom):  21.84 meV | validation energy MAE (per atom):   7.41 meV | validation forces RMSE: 460.41 meV/A | validation forces MAE: 62.415 meV/A
[2025-11-04 17:08:55][INFO] - Epoch:  388 | learning rate: 5.000e-06 | training loss: 1.963e+00 | training energy RMSE (per atom):   8.30 meV | training energy MAE (per atom):   5.82 meV | training forces RMSE:  96.62 meV/A | training forces MAE: 54.592 meV/A | validation loss: 1.618e+00 | validation energy RMSE (per atom):  22.08 meV | validation energy MAE (per atom):   7.30 meV | validation forces RMSE: 460.45 meV/A | validation forces MAE: 62.495 meV/A
[2025-11-04 17:09:23][INFO] - Epoch:  389 | learning rate: 5.000e-06 | training loss: 1.979e+00 | training energy RMSE (per atom):   8.41 meV | training energy MAE (per atom):   5.91 meV | training forces RMSE:  96.69 meV/A | training forces MAE: 54.589 meV/A | validation loss: 1.619e+00 | validation energy RMSE (per atom):  21.73 meV | validation energy MAE (per atom):   7.56 meV | validation forces RMSE: 460.59 meV/A | validation forces MAE: 62.444 meV/A
[2025-11-04 17:09:50][INFO] - Epoch:  390 | learning rate: 5.000e-06 | training loss: 1.943e+00 | training energy RMSE (per atom):   8.34 meV | training energy MAE (per atom):   5.85 meV | training forces RMSE:  96.63 meV/A | training forces MAE: 54.539 meV/A | validation loss: 1.619e+00 | validation energy RMSE (per atom):  21.93 meV | validation energy MAE (per atom):   7.24 meV | validation forces RMSE: 460.60 meV/A | validation forces MAE: 62.473 meV/A
[2025-11-04 17:10:17][INFO] - Epoch:  391 | learning rate: 5.000e-06 | training loss: 1.956e+00 | training energy RMSE (per atom):   8.54 meV | training energy MAE (per atom):   5.94 meV | training forces RMSE:  96.65 meV/A | training forces MAE: 54.544 meV/A | validation loss: 1.620e+00 | validation energy RMSE (per atom):  21.70 meV | validation energy MAE (per atom):   8.62 meV | validation forces RMSE: 460.73 meV/A | validation forces MAE: 62.497 meV/A
[2025-11-04 17:10:45][INFO] - Epoch:  392 | learning rate: 5.000e-06 | training loss: 1.969e+00 | training energy RMSE (per atom):   8.29 meV | training energy MAE (per atom):   5.77 meV | training forces RMSE:  96.55 meV/A | training forces MAE: 54.597 meV/A | validation loss: 1.621e+00 | validation energy RMSE (per atom):  22.05 meV | validation energy MAE (per atom):   7.19 meV | validation forces RMSE: 460.82 meV/A | validation forces MAE: 62.571 meV/A
[2025-11-04 17:11:13][INFO] - Epoch:  393 | learning rate: 5.000e-06 | training loss: 1.945e+00 | training energy RMSE (per atom):   8.49 meV | training energy MAE (per atom):   5.95 meV | training forces RMSE:  96.59 meV/A | training forces MAE: 54.517 meV/A | validation loss: 1.622e+00 | validation energy RMSE (per atom):  22.45 meV | validation energy MAE (per atom):   7.55 meV | validation forces RMSE: 460.87 meV/A | validation forces MAE: 62.474 meV/A
[2025-11-04 17:11:40][INFO] - Epoch:  394 | learning rate: 5.000e-06 | training loss: 1.933e+00 | training energy RMSE (per atom):   8.51 meV | training energy MAE (per atom):   5.94 meV | training forces RMSE:  96.59 meV/A | training forces MAE: 54.513 meV/A | validation loss: 1.622e+00 | validation energy RMSE (per atom):  22.19 meV | validation energy MAE (per atom):   7.29 meV | validation forces RMSE: 460.89 meV/A | validation forces MAE: 62.564 meV/A
[2025-11-04 17:12:08][INFO] - Epoch:  395 | learning rate: 5.000e-06 | training loss: 1.953e+00 | training energy RMSE (per atom):   8.33 meV | training energy MAE (per atom):   5.82 meV | training forces RMSE:  96.55 meV/A | training forces MAE: 54.525 meV/A | validation loss: 1.622e+00 | validation energy RMSE (per atom):  21.89 meV | validation energy MAE (per atom):   7.12 meV | validation forces RMSE: 460.95 meV/A | validation forces MAE: 62.517 meV/A
[2025-11-04 17:12:36][INFO] - Epoch:  396 | learning rate: 5.000e-06 | training loss: 1.975e+00 | training energy RMSE (per atom):   8.41 meV | training energy MAE (per atom):   5.85 meV | training forces RMSE:  96.49 meV/A | training forces MAE: 54.486 meV/A | validation loss: 1.622e+00 | validation energy RMSE (per atom):  21.82 meV | validation energy MAE (per atom):   7.31 meV | validation forces RMSE: 461.07 meV/A | validation forces MAE: 62.454 meV/A
[2025-11-04 17:13:03][INFO] - Epoch:  397 | learning rate: 5.000e-06 | training loss: 1.967e+00 | training energy RMSE (per atom):   8.26 meV | training energy MAE (per atom):   5.77 meV | training forces RMSE:  96.58 meV/A | training forces MAE: 54.527 meV/A | validation loss: 1.622e+00 | validation energy RMSE (per atom):  21.98 meV | validation energy MAE (per atom):   7.26 meV | validation forces RMSE: 460.99 meV/A | validation forces MAE: 62.432 meV/A
[2025-11-04 17:13:31][INFO] - Epoch:  398 | learning rate: 5.000e-06 | training loss: 1.959e+00 | training energy RMSE (per atom):   8.44 meV | training energy MAE (per atom):   5.87 meV | training forces RMSE:  96.46 meV/A | training forces MAE: 54.471 meV/A | validation loss: 1.623e+00 | validation energy RMSE (per atom):  22.33 meV | validation energy MAE (per atom):   7.44 meV | validation forces RMSE: 461.10 meV/A | validation forces MAE: 62.418 meV/A
[2025-11-04 17:13:58][INFO] - Epoch:  399 | learning rate: 5.000e-06 | training loss: 1.918e+00 | training energy RMSE (per atom):   8.41 meV | training energy MAE (per atom):   5.86 meV | training forces RMSE:  96.53 meV/A | training forces MAE: 54.535 meV/A | validation loss: 1.623e+00 | validation energy RMSE (per atom):  21.77 meV | validation energy MAE (per atom):   7.77 meV | validation forces RMSE: 461.11 meV/A | validation forces MAE: 62.416 meV/A
[2025-11-04 17:14:26][INFO] - Epoch:  400 | learning rate: 5.000e-06 | training loss: 1.942e+00 | training energy RMSE (per atom):   8.36 meV | training energy MAE (per atom):   5.85 meV | training forces RMSE:  96.57 meV/A | training forces MAE: 54.539 meV/A | validation loss: 1.624e+00 | validation energy RMSE (per atom):  21.76 meV | validation energy MAE (per atom):   7.60 meV | validation forces RMSE: 461.29 meV/A | validation forces MAE: 62.401 meV/A
[2025-11-04 17:14:54][INFO] - Epoch:  401 | learning rate: 5.000e-06 | training loss: 1.990e+00 | training energy RMSE (per atom):   8.32 meV | training energy MAE (per atom):   5.80 meV | training forces RMSE:  96.48 meV/A | training forces MAE: 54.520 meV/A | validation loss: 1.623e+00 | validation energy RMSE (per atom):  21.79 meV | validation energy MAE (per atom):   9.13 meV | validation forces RMSE: 461.24 meV/A | validation forces MAE: 62.443 meV/A
[2025-11-04 17:15:21][INFO] - Epoch:  402 | learning rate: 5.000e-06 | training loss: 1.972e+00 | training energy RMSE (per atom):   8.43 meV | training energy MAE (per atom):   5.90 meV | training forces RMSE:  96.49 meV/A | training forces MAE: 54.537 meV/A | validation loss: 1.624e+00 | validation energy RMSE (per atom):  21.95 meV | validation energy MAE (per atom):   7.20 meV | validation forces RMSE: 461.24 meV/A | validation forces MAE: 62.384 meV/A
[2025-11-04 17:15:48][INFO] - Epoch:  403 | learning rate: 5.000e-06 | training loss: 1.981e+00 | training energy RMSE (per atom):   8.34 meV | training energy MAE (per atom):   5.82 meV | training forces RMSE:  96.46 meV/A | training forces MAE: 54.467 meV/A | validation loss: 1.623e+00 | validation energy RMSE (per atom):  22.03 meV | validation energy MAE (per atom):   7.32 meV | validation forces RMSE: 461.10 meV/A | validation forces MAE: 62.539 meV/A
[2025-11-04 17:16:15][INFO] - Epoch:  404 | learning rate: 5.000e-06 | training loss: 1.947e+00 | training energy RMSE (per atom):   8.35 meV | training energy MAE (per atom):   5.82 meV | training forces RMSE:  96.44 meV/A | training forces MAE: 54.478 meV/A | validation loss: 1.624e+00 | validation energy RMSE (per atom):  21.66 meV | validation energy MAE (per atom):   7.67 meV | validation forces RMSE: 461.27 meV/A | validation forces MAE: 62.389 meV/A
[2025-11-04 17:16:43][INFO] - Epoch:  405 | learning rate: 5.000e-06 | training loss: 1.934e+00 | training energy RMSE (per atom):   8.40 meV | training energy MAE (per atom):   5.82 meV | training forces RMSE:  96.39 meV/A | training forces MAE: 54.403 meV/A | validation loss: 1.624e+00 | validation energy RMSE (per atom):  21.74 meV | validation energy MAE (per atom):   8.68 meV | validation forces RMSE: 461.25 meV/A | validation forces MAE: 62.430 meV/A
[2025-11-04 17:17:10][INFO] - Epoch:  406 | learning rate: 5.000e-06 | training loss: 1.963e+00 | training energy RMSE (per atom):   8.35 meV | training energy MAE (per atom):   5.82 meV | training forces RMSE:  96.46 meV/A | training forces MAE: 54.489 meV/A | validation loss: 1.625e+00 | validation energy RMSE (per atom):  21.74 meV | validation energy MAE (per atom):   7.68 meV | validation forces RMSE: 461.46 meV/A | validation forces MAE: 62.545 meV/A
[2025-11-04 17:17:38][INFO] - Epoch:  407 | learning rate: 5.000e-06 | training loss: 1.914e+00 | training energy RMSE (per atom):   8.33 meV | training energy MAE (per atom):   5.78 meV | training forces RMSE:  96.41 meV/A | training forces MAE: 54.488 meV/A | validation loss: 1.625e+00 | validation energy RMSE (per atom):  21.71 meV | validation energy MAE (per atom):   7.70 meV | validation forces RMSE: 461.40 meV/A | validation forces MAE: 62.468 meV/A
[2025-11-04 17:18:06][INFO] - Epoch:  408 | learning rate: 5.000e-06 | training loss: 1.964e+00 | training energy RMSE (per atom):   8.32 meV | training energy MAE (per atom):   5.83 meV | training forces RMSE:  96.35 meV/A | training forces MAE: 54.489 meV/A | validation loss: 1.626e+00 | validation energy RMSE (per atom):  21.86 meV | validation energy MAE (per atom):   7.63 meV | validation forces RMSE: 461.59 meV/A | validation forces MAE: 62.387 meV/A
[2025-11-04 17:18:33][INFO] - Epoch:  409 | learning rate: 5.000e-06 | training loss: 1.992e+00 | training energy RMSE (per atom):   8.45 meV | training energy MAE (per atom):   5.93 meV | training forces RMSE:  96.38 meV/A | training forces MAE: 54.490 meV/A | validation loss: 1.627e+00 | validation energy RMSE (per atom):  21.75 meV | validation energy MAE (per atom):   7.58 meV | validation forces RMSE: 461.79 meV/A | validation forces MAE: 62.366 meV/A
[2025-11-04 17:19:01][INFO] - Epoch:  410 | learning rate: 5.000e-06 | training loss: 1.956e+00 | training energy RMSE (per atom):   8.49 meV | training energy MAE (per atom):   5.93 meV | training forces RMSE:  96.34 meV/A | training forces MAE: 54.438 meV/A | validation loss: 1.627e+00 | validation energy RMSE (per atom):  22.07 meV | validation energy MAE (per atom):   7.27 meV | validation forces RMSE: 461.72 meV/A | validation forces MAE: 62.421 meV/A
[2025-11-04 17:19:28][INFO] - Epoch:  411 | learning rate: 5.000e-06 | training loss: 1.948e+00 | training energy RMSE (per atom):   8.36 meV | training energy MAE (per atom):   5.88 meV | training forces RMSE:  96.33 meV/A | training forces MAE: 54.454 meV/A | validation loss: 1.627e+00 | validation energy RMSE (per atom):  21.92 meV | validation energy MAE (per atom):   7.28 meV | validation forces RMSE: 461.77 meV/A | validation forces MAE: 62.403 meV/A
[2025-11-04 17:19:55][INFO] - Epoch:  412 | learning rate: 5.000e-06 | training loss: 1.963e+00 | training energy RMSE (per atom):   8.55 meV | training energy MAE (per atom):   6.01 meV | training forces RMSE:  96.35 meV/A | training forces MAE: 54.411 meV/A | validation loss: 1.628e+00 | validation energy RMSE (per atom):  21.61 meV | validation energy MAE (per atom):   7.81 meV | validation forces RMSE: 461.87 meV/A | validation forces MAE: 62.384 meV/A
[2025-11-04 17:20:23][INFO] - Epoch:  413 | learning rate: 5.000e-06 | training loss: 1.924e+00 | training energy RMSE (per atom):   8.32 meV | training energy MAE (per atom):   5.80 meV | training forces RMSE:  96.43 meV/A | training forces MAE: 54.413 meV/A | validation loss: 1.627e+00 | validation energy RMSE (per atom):  21.85 meV | validation energy MAE (per atom):   7.36 meV | validation forces RMSE: 461.74 meV/A | validation forces MAE: 62.450 meV/A
[2025-11-04 17:20:51][INFO] - Epoch:  414 | learning rate: 5.000e-06 | training loss: 1.932e+00 | training energy RMSE (per atom):   8.24 meV | training energy MAE (per atom):   5.74 meV | training forces RMSE:  96.36 meV/A | training forces MAE: 54.449 meV/A | validation loss: 1.627e+00 | validation energy RMSE (per atom):  21.62 meV | validation energy MAE (per atom):   8.00 meV | validation forces RMSE: 461.74 meV/A | validation forces MAE: 62.440 meV/A
[2025-11-04 17:21:18][INFO] - Epoch:  415 | learning rate: 5.000e-06 | training loss: 1.908e+00 | training energy RMSE (per atom):   8.37 meV | training energy MAE (per atom):   5.88 meV | training forces RMSE:  96.38 meV/A | training forces MAE: 54.428 meV/A | validation loss: 1.628e+00 | validation energy RMSE (per atom):  21.69 meV | validation energy MAE (per atom):   7.82 meV | validation forces RMSE: 461.92 meV/A | validation forces MAE: 62.358 meV/A
[2025-11-04 17:21:45][INFO] - Epoch:  416 | learning rate: 5.000e-06 | training loss: 1.966e+00 | training energy RMSE (per atom):   8.36 meV | training energy MAE (per atom):   5.85 meV | training forces RMSE:  96.36 meV/A | training forces MAE: 54.437 meV/A | validation loss: 1.628e+00 | validation energy RMSE (per atom):  21.75 meV | validation energy MAE (per atom):   7.67 meV | validation forces RMSE: 461.92 meV/A | validation forces MAE: 62.389 meV/A
[2025-11-04 17:22:13][INFO] - Epoch:  417 | learning rate: 5.000e-06 | training loss: 1.946e+00 | training energy RMSE (per atom):   8.40 meV | training energy MAE (per atom):   5.90 meV | training forces RMSE:  96.32 meV/A | training forces MAE: 54.484 meV/A | validation loss: 1.628e+00 | validation energy RMSE (per atom):  21.82 meV | validation energy MAE (per atom):   9.30 meV | validation forces RMSE: 461.91 meV/A | validation forces MAE: 62.362 meV/A
[2025-11-04 17:22:40][INFO] - Epoch:  418 | learning rate: 5.000e-06 | training loss: 1.948e+00 | training energy RMSE (per atom):   8.40 meV | training energy MAE (per atom):   5.85 meV | training forces RMSE:  96.27 meV/A | training forces MAE: 54.423 meV/A | validation loss: 1.630e+00 | validation energy RMSE (per atom):  21.79 meV | validation energy MAE (per atom):   7.72 meV | validation forces RMSE: 462.24 meV/A | validation forces MAE: 62.318 meV/A
[2025-11-04 17:23:08][INFO] - Epoch:  419 | learning rate: 5.000e-06 | training loss: 1.961e+00 | training energy RMSE (per atom):   8.33 meV | training energy MAE (per atom):   5.81 meV | training forces RMSE:  96.31 meV/A | training forces MAE: 54.356 meV/A | validation loss: 1.630e+00 | validation energy RMSE (per atom):  21.64 meV | validation energy MAE (per atom):   7.54 meV | validation forces RMSE: 462.22 meV/A | validation forces MAE: 62.443 meV/A
[2025-11-04 17:23:35][INFO] - Epoch:  420 | learning rate: 5.000e-06 | training loss: 1.893e+00 | training energy RMSE (per atom):   8.30 meV | training energy MAE (per atom):   5.80 meV | training forces RMSE:  96.23 meV/A | training forces MAE: 54.431 meV/A | validation loss: 1.630e+00 | validation energy RMSE (per atom):  21.63 meV | validation energy MAE (per atom):   8.32 meV | validation forces RMSE: 462.20 meV/A | validation forces MAE: 62.380 meV/A
[2025-11-04 17:24:03][INFO] - Epoch:  421 | learning rate: 5.000e-06 | training loss: 1.990e+00 | training energy RMSE (per atom):   8.60 meV | training energy MAE (per atom):   6.09 meV | training forces RMSE:  96.35 meV/A | training forces MAE: 54.444 meV/A | validation loss: 1.631e+00 | validation energy RMSE (per atom):  21.93 meV | validation energy MAE (per atom):   7.32 meV | validation forces RMSE: 462.27 meV/A | validation forces MAE: 62.374 meV/A
[2025-11-04 17:24:30][INFO] - Epoch:  422 | learning rate: 5.000e-06 | training loss: 1.969e+00 | training energy RMSE (per atom):   8.28 meV | training energy MAE (per atom):   5.74 meV | training forces RMSE:  96.28 meV/A | training forces MAE: 54.441 meV/A | validation loss: 1.631e+00 | validation energy RMSE (per atom):  21.71 meV | validation energy MAE (per atom):   8.27 meV | validation forces RMSE: 462.33 meV/A | validation forces MAE: 62.407 meV/A
[2025-11-04 17:24:57][INFO] - Epoch:  423 | learning rate: 5.000e-06 | training loss: 1.941e+00 | training energy RMSE (per atom):   8.35 meV | training energy MAE (per atom):   5.82 meV | training forces RMSE:  96.26 meV/A | training forces MAE: 54.423 meV/A | validation loss: 1.630e+00 | validation energy RMSE (per atom):  21.71 meV | validation energy MAE (per atom):   8.23 meV | validation forces RMSE: 462.28 meV/A | validation forces MAE: 62.352 meV/A
[2025-11-04 17:25:25][INFO] - Epoch:  424 | learning rate: 5.000e-06 | training loss: 1.921e+00 | training energy RMSE (per atom):   8.30 meV | training energy MAE (per atom):   5.77 meV | training forces RMSE:  96.21 meV/A | training forces MAE: 54.407 meV/A | validation loss: 1.632e+00 | validation energy RMSE (per atom):  21.87 meV | validation energy MAE (per atom):   7.37 meV | validation forces RMSE: 462.51 meV/A | validation forces MAE: 62.345 meV/A
[2025-11-04 17:25:52][INFO] - Epoch:  425 | learning rate: 5.000e-06 | training loss: 1.928e+00 | training energy RMSE (per atom):   8.28 meV | training energy MAE (per atom):   5.79 meV | training forces RMSE:  96.18 meV/A | training forces MAE: 54.372 meV/A | validation loss: 1.632e+00 | validation energy RMSE (per atom):  21.67 meV | validation energy MAE (per atom):   7.68 meV | validation forces RMSE: 462.57 meV/A | validation forces MAE: 62.382 meV/A
[2025-11-04 17:26:20][INFO] - Epoch:  426 | learning rate: 5.000e-06 | training loss: 1.992e+00 | training energy RMSE (per atom):   8.41 meV | training energy MAE (per atom):   5.93 meV | training forces RMSE:  96.25 meV/A | training forces MAE: 54.391 meV/A | validation loss: 1.633e+00 | validation energy RMSE (per atom):  21.71 meV | validation energy MAE (per atom):   8.12 meV | validation forces RMSE: 462.58 meV/A | validation forces MAE: 62.372 meV/A
[2025-11-04 17:26:47][INFO] - Epoch:  427 | learning rate: 5.000e-06 | training loss: 1.946e+00 | training energy RMSE (per atom):   8.23 meV | training energy MAE (per atom):   5.71 meV | training forces RMSE:  96.19 meV/A | training forces MAE: 54.392 meV/A | validation loss: 1.633e+00 | validation energy RMSE (per atom):  21.99 meV | validation energy MAE (per atom):   7.30 meV | validation forces RMSE: 462.55 meV/A | validation forces MAE: 62.430 meV/A
[2025-11-04 17:27:15][INFO] - Epoch:  428 | learning rate: 5.000e-06 | training loss: 1.942e+00 | training energy RMSE (per atom):   8.30 meV | training energy MAE (per atom):   5.75 meV | training forces RMSE:  96.16 meV/A | training forces MAE: 54.360 meV/A | validation loss: 1.633e+00 | validation energy RMSE (per atom):  22.06 meV | validation energy MAE (per atom):   7.21 meV | validation forces RMSE: 462.58 meV/A | validation forces MAE: 62.399 meV/A
[2025-11-04 17:27:42][INFO] - Epoch:  429 | learning rate: 5.000e-06 | training loss: 1.948e+00 | training energy RMSE (per atom):   8.28 meV | training energy MAE (per atom):   5.75 meV | training forces RMSE:  96.16 meV/A | training forces MAE: 54.376 meV/A | validation loss: 1.632e+00 | validation energy RMSE (per atom):  21.76 meV | validation energy MAE (per atom):   8.03 meV | validation forces RMSE: 462.54 meV/A | validation forces MAE: 62.400 meV/A
[2025-11-04 17:28:10][INFO] - Epoch:  430 | learning rate: 5.000e-06 | training loss: 1.946e+00 | training energy RMSE (per atom):   8.36 meV | training energy MAE (per atom):   5.84 meV | training forces RMSE:  96.06 meV/A | training forces MAE: 54.414 meV/A | validation loss: 1.634e+00 | validation energy RMSE (per atom):  22.10 meV | validation energy MAE (per atom):   7.28 meV | validation forces RMSE: 462.71 meV/A | validation forces MAE: 62.370 meV/A
[2025-11-04 17:28:38][INFO] - Epoch:  431 | learning rate: 5.000e-06 | training loss: 1.922e+00 | training energy RMSE (per atom):   8.51 meV | training energy MAE (per atom):   5.95 meV | training forces RMSE:  96.17 meV/A | training forces MAE: 54.355 meV/A | validation loss: 1.635e+00 | validation energy RMSE (per atom):  21.66 meV | validation energy MAE (per atom):   7.96 meV | validation forces RMSE: 462.94 meV/A | validation forces MAE: 62.384 meV/A
[2025-11-04 17:29:05][INFO] - Epoch:  432 | learning rate: 5.000e-06 | training loss: 1.950e+00 | training energy RMSE (per atom):   8.62 meV | training energy MAE (per atom):   6.06 meV | training forces RMSE:  96.10 meV/A | training forces MAE: 54.399 meV/A | validation loss: 1.635e+00 | validation energy RMSE (per atom):  21.95 meV | validation energy MAE (per atom):   7.32 meV | validation forces RMSE: 462.92 meV/A | validation forces MAE: 62.336 meV/A
[2025-11-04 17:29:33][INFO] - Epoch:  433 | learning rate: 5.000e-06 | training loss: 1.967e+00 | training energy RMSE (per atom):   8.49 meV | training energy MAE (per atom):   5.93 meV | training forces RMSE:  96.16 meV/A | training forces MAE: 54.393 meV/A | validation loss: 1.635e+00 | validation energy RMSE (per atom):  22.13 meV | validation energy MAE (per atom):   7.25 meV | validation forces RMSE: 462.93 meV/A | validation forces MAE: 62.313 meV/A
[2025-11-04 17:30:00][INFO] - Epoch:  434 | learning rate: 5.000e-06 | training loss: 1.901e+00 | training energy RMSE (per atom):   8.39 meV | training energy MAE (per atom):   5.88 meV | training forces RMSE:  96.14 meV/A | training forces MAE: 54.340 meV/A | validation loss: 1.636e+00 | validation energy RMSE (per atom):  22.14 meV | validation energy MAE (per atom):   7.29 meV | validation forces RMSE: 463.02 meV/A | validation forces MAE: 62.371 meV/A
[2025-11-04 17:30:28][INFO] - Epoch:  435 | learning rate: 5.000e-06 | training loss: 1.921e+00 | training energy RMSE (per atom):   8.23 meV | training energy MAE (per atom):   5.71 meV | training forces RMSE:  96.10 meV/A | training forces MAE: 54.383 meV/A | validation loss: 1.636e+00 | validation energy RMSE (per atom):  22.18 meV | validation energy MAE (per atom):  10.37 meV | validation forces RMSE: 463.09 meV/A | validation forces MAE: 62.428 meV/A
[2025-11-04 17:30:55][INFO] - Epoch:  436 | learning rate: 5.000e-06 | training loss: 1.904e+00 | training energy RMSE (per atom):   8.41 meV | training energy MAE (per atom):   5.88 meV | training forces RMSE:  96.11 meV/A | training forces MAE: 54.359 meV/A | validation loss: 1.636e+00 | validation energy RMSE (per atom):  21.88 meV | validation energy MAE (per atom):   7.42 meV | validation forces RMSE: 463.04 meV/A | validation forces MAE: 62.408 meV/A
[2025-11-04 17:31:23][INFO] - Epoch:  437 | learning rate: 5.000e-06 | training loss: 1.962e+00 | training energy RMSE (per atom):   8.27 meV | training energy MAE (per atom):   5.76 meV | training forces RMSE:  96.14 meV/A | training forces MAE: 54.406 meV/A | validation loss: 1.638e+00 | validation energy RMSE (per atom):  22.00 meV | validation energy MAE (per atom):   7.31 meV | validation forces RMSE: 463.30 meV/A | validation forces MAE: 62.383 meV/A
[2025-11-04 17:31:51][INFO] - Epoch:  438 | learning rate: 5.000e-06 | training loss: 1.947e+00 | training energy RMSE (per atom):   8.52 meV | training energy MAE (per atom):   5.89 meV | training forces RMSE:  96.15 meV/A | training forces MAE: 54.382 meV/A | validation loss: 1.637e+00 | validation energy RMSE (per atom):  21.66 meV | validation energy MAE (per atom):   7.93 meV | validation forces RMSE: 463.21 meV/A | validation forces MAE: 62.354 meV/A
[2025-11-04 17:32:18][INFO] - Epoch:  439 | learning rate: 5.000e-06 | training loss: 1.944e+00 | training energy RMSE (per atom):   8.35 meV | training energy MAE (per atom):   5.83 meV | training forces RMSE:  96.08 meV/A | training forces MAE: 54.353 meV/A | validation loss: 1.637e+00 | validation energy RMSE (per atom):  21.66 meV | validation energy MAE (per atom):   8.06 meV | validation forces RMSE: 463.19 meV/A | validation forces MAE: 62.280 meV/A
[2025-11-04 17:32:45][INFO] - Epoch:  440 | learning rate: 5.000e-06 | training loss: 1.929e+00 | training energy RMSE (per atom):   8.50 meV | training energy MAE (per atom):   6.00 meV | training forces RMSE:  96.04 meV/A | training forces MAE: 54.325 meV/A | validation loss: 1.637e+00 | validation energy RMSE (per atom):  21.68 meV | validation energy MAE (per atom):   8.18 meV | validation forces RMSE: 463.21 meV/A | validation forces MAE: 62.464 meV/A
[2025-11-04 17:33:13][INFO] - Epoch:  441 | learning rate: 5.000e-06 | training loss: 1.938e+00 | training energy RMSE (per atom):   8.32 meV | training energy MAE (per atom):   5.81 meV | training forces RMSE:  96.08 meV/A | training forces MAE: 54.294 meV/A | validation loss: 1.638e+00 | validation energy RMSE (per atom):  21.92 meV | validation energy MAE (per atom):   7.32 meV | validation forces RMSE: 463.38 meV/A | validation forces MAE: 62.388 meV/A
[2025-11-04 17:33:40][INFO] - Epoch:  442 | learning rate: 5.000e-06 | training loss: 1.895e+00 | training energy RMSE (per atom):   8.28 meV | training energy MAE (per atom):   5.79 meV | training forces RMSE:  95.97 meV/A | training forces MAE: 54.345 meV/A | validation loss: 1.638e+00 | validation energy RMSE (per atom):  21.70 meV | validation energy MAE (per atom):   8.85 meV | validation forces RMSE: 463.38 meV/A | validation forces MAE: 62.315 meV/A
[2025-11-04 17:34:08][INFO] - Epoch:  443 | learning rate: 5.000e-06 | training loss: 1.955e+00 | training energy RMSE (per atom):   8.39 meV | training energy MAE (per atom):   5.89 meV | training forces RMSE:  96.07 meV/A | training forces MAE: 54.318 meV/A | validation loss: 1.638e+00 | validation energy RMSE (per atom):  22.32 meV | validation energy MAE (per atom):   7.47 meV | validation forces RMSE: 463.35 meV/A | validation forces MAE: 62.321 meV/A
[2025-11-04 17:34:35][INFO] - Epoch:  444 | learning rate: 5.000e-06 | training loss: 1.931e+00 | training energy RMSE (per atom):   8.36 meV | training energy MAE (per atom):   5.84 meV | training forces RMSE:  96.02 meV/A | training forces MAE: 54.308 meV/A | validation loss: 1.639e+00 | validation energy RMSE (per atom):  22.18 meV | validation energy MAE (per atom):   7.31 meV | validation forces RMSE: 463.54 meV/A | validation forces MAE: 62.279 meV/A
[2025-11-04 17:35:03][INFO] - Epoch:  445 | learning rate: 5.000e-06 | training loss: 1.872e+00 | training energy RMSE (per atom):   8.36 meV | training energy MAE (per atom):   5.80 meV | training forces RMSE:  96.00 meV/A | training forces MAE: 54.308 meV/A | validation loss: 1.639e+00 | validation energy RMSE (per atom):  21.87 meV | validation energy MAE (per atom):   7.40 meV | validation forces RMSE: 463.53 meV/A | validation forces MAE: 62.326 meV/A
[2025-11-04 17:35:30][INFO] - Epoch:  446 | learning rate: 5.000e-06 | training loss: 1.923e+00 | training energy RMSE (per atom):   8.29 meV | training energy MAE (per atom):   5.80 meV | training forces RMSE:  95.96 meV/A | training forces MAE: 54.283 meV/A | validation loss: 1.640e+00 | validation energy RMSE (per atom):  21.64 meV | validation energy MAE (per atom):   7.70 meV | validation forces RMSE: 463.60 meV/A | validation forces MAE: 62.344 meV/A
[2025-11-04 17:35:57][INFO] - Epoch:  447 | learning rate: 5.000e-06 | training loss: 1.899e+00 | training energy RMSE (per atom):   8.30 meV | training energy MAE (per atom):   5.78 meV | training forces RMSE:  95.95 meV/A | training forces MAE: 54.286 meV/A | validation loss: 1.640e+00 | validation energy RMSE (per atom):  21.71 meV | validation energy MAE (per atom):   7.72 meV | validation forces RMSE: 463.68 meV/A | validation forces MAE: 62.330 meV/A
[2025-11-04 17:36:24][INFO] - Epoch:  448 | learning rate: 5.000e-06 | training loss: 1.911e+00 | training energy RMSE (per atom):   8.34 meV | training energy MAE (per atom):   5.82 meV | training forces RMSE:  95.99 meV/A | training forces MAE: 54.296 meV/A | validation loss: 1.641e+00 | validation energy RMSE (per atom):  21.70 meV | validation energy MAE (per atom):   8.88 meV | validation forces RMSE: 463.78 meV/A | validation forces MAE: 62.322 meV/A
[2025-11-04 17:36:51][INFO] - Epoch:  449 | learning rate: 5.000e-06 | training loss: 1.964e+00 | training energy RMSE (per atom):   8.20 meV | training energy MAE (per atom):   5.72 meV | training forces RMSE:  95.96 meV/A | training forces MAE: 54.221 meV/A | validation loss: 1.642e+00 | validation energy RMSE (per atom):  22.03 meV | validation energy MAE (per atom):   7.22 meV | validation forces RMSE: 463.93 meV/A | validation forces MAE: 62.357 meV/A
[2025-11-04 17:37:19][INFO] - Epoch:  450 | learning rate: 5.000e-06 | training loss: 1.962e+00 | training energy RMSE (per atom):   8.27 meV | training energy MAE (per atom):   5.77 meV | training forces RMSE:  95.97 meV/A | training forces MAE: 54.344 meV/A | validation loss: 1.642e+00 | validation energy RMSE (per atom):  21.79 meV | validation energy MAE (per atom):   7.41 meV | validation forces RMSE: 464.02 meV/A | validation forces MAE: 62.272 meV/A
[2025-11-04 17:37:46][INFO] - Epoch:  451 | learning rate: 5.000e-06 | training loss: 1.915e+00 | training energy RMSE (per atom):   8.37 meV | training energy MAE (per atom):   5.80 meV | training forces RMSE:  95.88 meV/A | training forces MAE: 54.305 meV/A | validation loss: 1.642e+00 | validation energy RMSE (per atom):  21.98 meV | validation energy MAE (per atom):   7.31 meV | validation forces RMSE: 463.89 meV/A | validation forces MAE: 62.333 meV/A
[2025-11-04 17:38:14][INFO] - Epoch:  452 | learning rate: 5.000e-06 | training loss: 1.966e+00 | training energy RMSE (per atom):   8.41 meV | training energy MAE (per atom):   5.95 meV | training forces RMSE:  95.94 meV/A | training forces MAE: 54.233 meV/A | validation loss: 1.643e+00 | validation energy RMSE (per atom):  22.01 meV | validation energy MAE (per atom):   7.19 meV | validation forces RMSE: 464.04 meV/A | validation forces MAE: 62.324 meV/A
[2025-11-04 17:38:41][INFO] - Epoch:  453 | learning rate: 5.000e-06 | training loss: 1.923e+00 | training energy RMSE (per atom):   8.35 meV | training energy MAE (per atom):   5.84 meV | training forces RMSE:  95.94 meV/A | training forces MAE: 54.280 meV/A | validation loss: 1.643e+00 | validation energy RMSE (per atom):  21.92 meV | validation energy MAE (per atom):   7.28 meV | validation forces RMSE: 464.12 meV/A | validation forces MAE: 62.293 meV/A
[2025-11-04 17:39:07][INFO] - Epoch:  454 | learning rate: 5.000e-06 | training loss: 1.950e+00 | training energy RMSE (per atom):   8.20 meV | training energy MAE (per atom):   5.70 meV | training forces RMSE:  95.87 meV/A | training forces MAE: 54.273 meV/A | validation loss: 1.642e+00 | validation energy RMSE (per atom):  21.72 meV | validation energy MAE (per atom):   7.76 meV | validation forces RMSE: 463.97 meV/A | validation forces MAE: 62.283 meV/A
[2025-11-04 17:39:35][INFO] - Epoch:  455 | learning rate: 5.000e-06 | training loss: 1.930e+00 | training energy RMSE (per atom):   8.27 meV | training energy MAE (per atom):   5.73 meV | training forces RMSE:  95.88 meV/A | training forces MAE: 54.244 meV/A | validation loss: 1.643e+00 | validation energy RMSE (per atom):  21.90 meV | validation energy MAE (per atom):   7.33 meV | validation forces RMSE: 464.02 meV/A | validation forces MAE: 62.284 meV/A
[2025-11-04 17:40:03][INFO] - Epoch:  456 | learning rate: 5.000e-06 | training loss: 1.931e+00 | training energy RMSE (per atom):   8.33 meV | training energy MAE (per atom):   5.77 meV | training forces RMSE:  95.87 meV/A | training forces MAE: 54.315 meV/A | validation loss: 1.644e+00 | validation energy RMSE (per atom):  22.06 meV | validation energy MAE (per atom):   7.21 meV | validation forces RMSE: 464.28 meV/A | validation forces MAE: 62.278 meV/A
[2025-11-04 17:40:30][INFO] - Epoch:  457 | learning rate: 5.000e-06 | training loss: 1.898e+00 | training energy RMSE (per atom):   8.47 meV | training energy MAE (per atom):   6.00 meV | training forces RMSE:  95.87 meV/A | training forces MAE: 54.252 meV/A | validation loss: 1.644e+00 | validation energy RMSE (per atom):  22.07 meV | validation energy MAE (per atom):   7.23 meV | validation forces RMSE: 464.21 meV/A | validation forces MAE: 62.390 meV/A
[2025-11-04 17:40:57][INFO] - Epoch:  458 | learning rate: 5.000e-06 | training loss: 1.947e+00 | training energy RMSE (per atom):   8.34 meV | training energy MAE (per atom):   5.82 meV | training forces RMSE:  95.85 meV/A | training forces MAE: 54.247 meV/A | validation loss: 1.645e+00 | validation energy RMSE (per atom):  21.71 meV | validation energy MAE (per atom):   7.82 meV | validation forces RMSE: 464.34 meV/A | validation forces MAE: 62.320 meV/A
[2025-11-04 17:41:25][INFO] - Epoch:  459 | learning rate: 5.000e-06 | training loss: 1.934e+00 | training energy RMSE (per atom):   8.43 meV | training energy MAE (per atom):   5.85 meV | training forces RMSE:  95.85 meV/A | training forces MAE: 54.189 meV/A | validation loss: 1.645e+00 | validation energy RMSE (per atom):  21.74 meV | validation energy MAE (per atom):   7.63 meV | validation forces RMSE: 464.42 meV/A | validation forces MAE: 62.245 meV/A
[2025-11-04 17:41:53][INFO] - Epoch:  460 | learning rate: 5.000e-06 | training loss: 1.913e+00 | training energy RMSE (per atom):   8.34 meV | training energy MAE (per atom):   5.87 meV | training forces RMSE:  95.84 meV/A | training forces MAE: 54.205 meV/A | validation loss: 1.645e+00 | validation energy RMSE (per atom):  21.81 meV | validation energy MAE (per atom):   7.21 meV | validation forces RMSE: 464.41 meV/A | validation forces MAE: 62.258 meV/A
[2025-11-04 17:42:20][INFO] - Epoch:  461 | learning rate: 5.000e-06 | training loss: 1.958e+00 | training energy RMSE (per atom):   8.24 meV | training energy MAE (per atom):   5.73 meV | training forces RMSE:  95.83 meV/A | training forces MAE: 54.269 meV/A | validation loss: 1.645e+00 | validation energy RMSE (per atom):  21.88 meV | validation energy MAE (per atom):   9.15 meV | validation forces RMSE: 464.39 meV/A | validation forces MAE: 62.322 meV/A
[2025-11-04 17:42:47][INFO] - Epoch:  462 | learning rate: 5.000e-06 | training loss: 1.927e+00 | training energy RMSE (per atom):   8.27 meV | training energy MAE (per atom):   5.77 meV | training forces RMSE:  95.75 meV/A | training forces MAE: 54.152 meV/A | validation loss: 1.647e+00 | validation energy RMSE (per atom):  22.02 meV | validation energy MAE (per atom):   7.19 meV | validation forces RMSE: 464.65 meV/A | validation forces MAE: 62.319 meV/A
[2025-11-04 17:43:14][INFO] - Epoch:  463 | learning rate: 5.000e-06 | training loss: 1.827e+00 | training energy RMSE (per atom):   8.20 meV | training energy MAE (per atom):   5.74 meV | training forces RMSE:  93.65 meV/A | training forces MAE: 54.156 meV/A | validation loss: 1.646e+00 | validation energy RMSE (per atom):  21.65 meV | validation energy MAE (per atom):   7.66 meV | validation forces RMSE: 464.61 meV/A | validation forces MAE: 62.301 meV/A
[2025-11-04 17:43:42][INFO] - Epoch:  464 | learning rate: 5.000e-06 | training loss: 1.907e+00 | training energy RMSE (per atom):   8.25 meV | training energy MAE (per atom):   5.76 meV | training forces RMSE:  95.75 meV/A | training forces MAE: 54.226 meV/A | validation loss: 1.647e+00 | validation energy RMSE (per atom):  22.01 meV | validation energy MAE (per atom):   7.17 meV | validation forces RMSE: 464.60 meV/A | validation forces MAE: 62.614 meV/A
[2025-11-04 17:44:09][INFO] - Epoch:  465 | learning rate: 5.000e-06 | training loss: 1.913e+00 | training energy RMSE (per atom):   8.34 meV | training energy MAE (per atom):   5.82 meV | training forces RMSE:  95.82 meV/A | training forces MAE: 54.195 meV/A | validation loss: 1.647e+00 | validation energy RMSE (per atom):  21.88 meV | validation energy MAE (per atom):   9.56 meV | validation forces RMSE: 464.62 meV/A | validation forces MAE: 62.318 meV/A
[2025-11-04 17:44:37][INFO] - Epoch:  466 | learning rate: 5.000e-06 | training loss: 1.930e+00 | training energy RMSE (per atom):   8.29 meV | training energy MAE (per atom):   5.77 meV | training forces RMSE:  95.81 meV/A | training forces MAE: 54.185 meV/A | validation loss: 1.647e+00 | validation energy RMSE (per atom):  21.75 meV | validation energy MAE (per atom):   8.75 meV | validation forces RMSE: 464.70 meV/A | validation forces MAE: 62.274 meV/A
[2025-11-04 17:45:04][INFO] - Epoch:  467 | learning rate: 5.000e-06 | training loss: 1.920e+00 | training energy RMSE (per atom):   8.48 meV | training energy MAE (per atom):   5.91 meV | training forces RMSE:  95.73 meV/A | training forces MAE: 54.195 meV/A | validation loss: 1.647e+00 | validation energy RMSE (per atom):  21.77 meV | validation energy MAE (per atom):   8.54 meV | validation forces RMSE: 464.76 meV/A | validation forces MAE: 62.263 meV/A
[2025-11-04 17:45:32][INFO] - Epoch:  468 | learning rate: 5.000e-06 | training loss: 1.872e+00 | training energy RMSE (per atom):   8.30 meV | training energy MAE (per atom):   5.78 meV | training forces RMSE:  95.68 meV/A | training forces MAE: 54.204 meV/A | validation loss: 1.649e+00 | validation energy RMSE (per atom):  21.86 meV | validation energy MAE (per atom):   7.16 meV | validation forces RMSE: 464.93 meV/A | validation forces MAE: 62.243 meV/A
[2025-11-04 17:46:00][INFO] - Epoch:  469 | learning rate: 5.000e-06 | training loss: 1.949e+00 | training energy RMSE (per atom):   8.32 meV | training energy MAE (per atom):   5.79 meV | training forces RMSE:  95.70 meV/A | training forces MAE: 54.169 meV/A | validation loss: 1.648e+00 | validation energy RMSE (per atom):  21.73 meV | validation energy MAE (per atom):   7.72 meV | validation forces RMSE: 464.90 meV/A | validation forces MAE: 62.233 meV/A
[2025-11-04 17:46:28][INFO] - Epoch:  470 | learning rate: 5.000e-06 | training loss: 1.905e+00 | training energy RMSE (per atom):   8.28 meV | training energy MAE (per atom):   5.78 meV | training forces RMSE:  95.75 meV/A | training forces MAE: 54.185 meV/A | validation loss: 1.649e+00 | validation energy RMSE (per atom):  21.83 meV | validation energy MAE (per atom):   7.36 meV | validation forces RMSE: 464.96 meV/A | validation forces MAE: 62.261 meV/A
[2025-11-04 17:46:55][INFO] - Epoch:  471 | learning rate: 5.000e-06 | training loss: 1.933e+00 | training energy RMSE (per atom):   8.28 meV | training energy MAE (per atom):   5.79 meV | training forces RMSE:  95.78 meV/A | training forces MAE: 54.201 meV/A | validation loss: 1.649e+00 | validation energy RMSE (per atom):  21.97 meV | validation energy MAE (per atom):   7.16 meV | validation forces RMSE: 464.94 meV/A | validation forces MAE: 62.204 meV/A
[2025-11-04 17:47:23][INFO] - Epoch:  472 | learning rate: 5.000e-06 | training loss: 1.919e+00 | training energy RMSE (per atom):   8.28 meV | training energy MAE (per atom):   5.77 meV | training forces RMSE:  95.80 meV/A | training forces MAE: 54.195 meV/A | validation loss: 1.649e+00 | validation energy RMSE (per atom):  22.49 meV | validation energy MAE (per atom):   7.77 meV | validation forces RMSE: 464.97 meV/A | validation forces MAE: 62.335 meV/A
[2025-11-04 17:47:50][INFO] - Epoch:  473 | learning rate: 5.000e-06 | training loss: 1.903e+00 | training energy RMSE (per atom):   8.42 meV | training energy MAE (per atom):   5.86 meV | training forces RMSE:  95.72 meV/A | training forces MAE: 54.224 meV/A | validation loss: 1.649e+00 | validation energy RMSE (per atom):  21.75 meV | validation energy MAE (per atom):   8.42 meV | validation forces RMSE: 464.94 meV/A | validation forces MAE: 62.277 meV/A
[2025-11-04 17:48:17][INFO] - Epoch:  474 | learning rate: 5.000e-06 | training loss: 1.897e+00 | training energy RMSE (per atom):   8.27 meV | training energy MAE (per atom):   5.76 meV | training forces RMSE:  95.78 meV/A | training forces MAE: 54.167 meV/A | validation loss: 1.649e+00 | validation energy RMSE (per atom):  21.74 meV | validation energy MAE (per atom):   8.01 meV | validation forces RMSE: 465.05 meV/A | validation forces MAE: 62.205 meV/A
[2025-11-04 17:48:44][INFO] - Epoch:  475 | learning rate: 5.000e-06 | training loss: 1.926e+00 | training energy RMSE (per atom):   8.28 meV | training energy MAE (per atom):   5.74 meV | training forces RMSE:  95.66 meV/A | training forces MAE: 54.201 meV/A | validation loss: 1.651e+00 | validation energy RMSE (per atom):  21.89 meV | validation energy MAE (per atom):   7.21 meV | validation forces RMSE: 465.27 meV/A | validation forces MAE: 62.291 meV/A
[2025-11-04 17:49:12][INFO] - Epoch:  476 | learning rate: 5.000e-06 | training loss: 1.937e+00 | training energy RMSE (per atom):   8.43 meV | training energy MAE (per atom):   5.90 meV | training forces RMSE:  95.65 meV/A | training forces MAE: 54.113 meV/A | validation loss: 1.650e+00 | validation energy RMSE (per atom):  21.63 meV | validation energy MAE (per atom):   7.96 meV | validation forces RMSE: 465.18 meV/A | validation forces MAE: 62.281 meV/A
[2025-11-04 17:49:39][INFO] - Epoch:  477 | learning rate: 5.000e-06 | training loss: 1.908e+00 | training energy RMSE (per atom):   8.26 meV | training energy MAE (per atom):   5.78 meV | training forces RMSE:  95.60 meV/A | training forces MAE: 54.135 meV/A | validation loss: 1.651e+00 | validation energy RMSE (per atom):  21.80 meV | validation energy MAE (per atom):   7.34 meV | validation forces RMSE: 465.30 meV/A | validation forces MAE: 62.314 meV/A
[2025-11-04 17:50:06][INFO] - Epoch:  478 | learning rate: 5.000e-06 | training loss: 1.949e+00 | training energy RMSE (per atom):   8.29 meV | training energy MAE (per atom):   5.78 meV | training forces RMSE:  95.63 meV/A | training forces MAE: 54.168 meV/A | validation loss: 1.652e+00 | validation energy RMSE (per atom):  22.04 meV | validation energy MAE (per atom):   7.09 meV | validation forces RMSE: 465.43 meV/A | validation forces MAE: 62.358 meV/A
[2025-11-04 17:50:33][INFO] - Epoch:  479 | learning rate: 5.000e-06 | training loss: 1.926e+00 | training energy RMSE (per atom):   8.25 meV | training energy MAE (per atom):   5.76 meV | training forces RMSE:  95.62 meV/A | training forces MAE: 54.103 meV/A | validation loss: 1.652e+00 | validation energy RMSE (per atom):  21.59 meV | validation energy MAE (per atom):   7.86 meV | validation forces RMSE: 465.41 meV/A | validation forces MAE: 62.292 meV/A
[2025-11-04 17:51:00][INFO] - Epoch:  480 | learning rate: 5.000e-06 | training loss: 1.919e+00 | training energy RMSE (per atom):   8.31 meV | training energy MAE (per atom):   5.82 meV | training forces RMSE:  95.58 meV/A | training forces MAE: 54.188 meV/A | validation loss: 1.652e+00 | validation energy RMSE (per atom):  22.45 meV | validation energy MAE (per atom):   7.58 meV | validation forces RMSE: 465.35 meV/A | validation forces MAE: 62.240 meV/A
[2025-11-04 17:51:28][INFO] - Epoch:  481 | learning rate: 5.000e-06 | training loss: 1.885e+00 | training energy RMSE (per atom):   8.25 meV | training energy MAE (per atom):   5.75 meV | training forces RMSE:  95.63 meV/A | training forces MAE: 54.155 meV/A | validation loss: 1.652e+00 | validation energy RMSE (per atom):  21.82 meV | validation energy MAE (per atom):   7.40 meV | validation forces RMSE: 465.43 meV/A | validation forces MAE: 62.235 meV/A
[2025-11-04 17:51:56][INFO] - Epoch:  482 | learning rate: 5.000e-06 | training loss: 1.890e+00 | training energy RMSE (per atom):   8.27 meV | training energy MAE (per atom):   5.78 meV | training forces RMSE:  95.57 meV/A | training forces MAE: 54.130 meV/A | validation loss: 1.653e+00 | validation energy RMSE (per atom):  21.73 meV | validation energy MAE (per atom):   7.57 meV | validation forces RMSE: 465.57 meV/A | validation forces MAE: 62.196 meV/A
[2025-11-04 17:52:23][INFO] - Epoch:  483 | learning rate: 5.000e-06 | training loss: 1.902e+00 | training energy RMSE (per atom):   8.37 meV | training energy MAE (per atom):   5.85 meV | training forces RMSE:  95.59 meV/A | training forces MAE: 54.158 meV/A | validation loss: 1.654e+00 | validation energy RMSE (per atom):  21.85 meV | validation energy MAE (per atom):   7.33 meV | validation forces RMSE: 465.64 meV/A | validation forces MAE: 62.252 meV/A
[2025-11-04 17:52:51][INFO] - Epoch:  484 | learning rate: 5.000e-06 | training loss: 1.900e+00 | training energy RMSE (per atom):   8.42 meV | training energy MAE (per atom):   5.83 meV | training forces RMSE:  95.57 meV/A | training forces MAE: 54.122 meV/A | validation loss: 1.654e+00 | validation energy RMSE (per atom):  21.66 meV | validation energy MAE (per atom):   8.41 meV | validation forces RMSE: 465.68 meV/A | validation forces MAE: 62.214 meV/A
[2025-11-04 17:53:18][INFO] - Epoch:  485 | learning rate: 5.000e-06 | training loss: 1.889e+00 | training energy RMSE (per atom):   8.35 meV | training energy MAE (per atom):   5.81 meV | training forces RMSE:  95.58 meV/A | training forces MAE: 54.166 meV/A | validation loss: 1.654e+00 | validation energy RMSE (per atom):  21.88 meV | validation energy MAE (per atom):   7.14 meV | validation forces RMSE: 465.75 meV/A | validation forces MAE: 62.264 meV/A
[2025-11-04 17:53:46][INFO] - Epoch:  486 | learning rate: 5.000e-06 | training loss: 1.945e+00 | training energy RMSE (per atom):   8.28 meV | training energy MAE (per atom):   5.74 meV | training forces RMSE:  95.60 meV/A | training forces MAE: 54.103 meV/A | validation loss: 1.655e+00 | validation energy RMSE (per atom):  21.67 meV | validation energy MAE (per atom):   7.61 meV | validation forces RMSE: 465.87 meV/A | validation forces MAE: 62.284 meV/A
[2025-11-04 17:54:13][INFO] - Epoch:  487 | learning rate: 5.000e-06 | training loss: 1.899e+00 | training energy RMSE (per atom):   8.46 meV | training energy MAE (per atom):   5.93 meV | training forces RMSE:  95.57 meV/A | training forces MAE: 54.124 meV/A | validation loss: 1.656e+00 | validation energy RMSE (per atom):  21.84 meV | validation energy MAE (per atom):   7.30 meV | validation forces RMSE: 465.93 meV/A | validation forces MAE: 62.206 meV/A
[2025-11-04 17:54:41][INFO] - Epoch:  488 | learning rate: 5.000e-06 | training loss: 1.933e+00 | training energy RMSE (per atom):   8.32 meV | training energy MAE (per atom):   5.81 meV | training forces RMSE:  95.53 meV/A | training forces MAE: 54.041 meV/A | validation loss: 1.654e+00 | validation energy RMSE (per atom):  21.87 meV | validation energy MAE (per atom):   9.59 meV | validation forces RMSE: 465.76 meV/A | validation forces MAE: 62.194 meV/A
[2025-11-04 17:55:08][INFO] - Epoch:  489 | learning rate: 5.000e-06 | training loss: 1.935e+00 | training energy RMSE (per atom):   8.39 meV | training energy MAE (per atom):   5.83 meV | training forces RMSE:  95.53 meV/A | training forces MAE: 54.134 meV/A | validation loss: 1.655e+00 | validation energy RMSE (per atom):  21.66 meV | validation energy MAE (per atom):   7.93 meV | validation forces RMSE: 465.92 meV/A | validation forces MAE: 62.226 meV/A
[2025-11-04 17:55:36][INFO] - Epoch:  490 | learning rate: 5.000e-06 | training loss: 1.903e+00 | training energy RMSE (per atom):   8.26 meV | training energy MAE (per atom):   5.79 meV | training forces RMSE:  95.50 meV/A | training forces MAE: 54.081 meV/A | validation loss: 1.656e+00 | validation energy RMSE (per atom):  21.71 meV | validation energy MAE (per atom):   7.58 meV | validation forces RMSE: 466.08 meV/A | validation forces MAE: 62.228 meV/A
[2025-11-04 17:56:04][INFO] - Epoch:  491 | learning rate: 5.000e-06 | training loss: 1.862e+00 | training energy RMSE (per atom):   8.41 meV | training energy MAE (per atom):   5.87 meV | training forces RMSE:  95.54 meV/A | training forces MAE: 54.116 meV/A | validation loss: 1.657e+00 | validation energy RMSE (per atom):  21.80 meV | validation energy MAE (per atom):   7.51 meV | validation forces RMSE: 466.06 meV/A | validation forces MAE: 62.209 meV/A
[2025-11-04 17:56:31][INFO] - Epoch:  492 | learning rate: 5.000e-06 | training loss: 1.884e+00 | training energy RMSE (per atom):   8.22 meV | training energy MAE (per atom):   5.72 meV | training forces RMSE:  95.39 meV/A | training forces MAE: 54.093 meV/A | validation loss: 1.657e+00 | validation energy RMSE (per atom):  22.26 meV | validation energy MAE (per atom):   7.36 meV | validation forces RMSE: 466.16 meV/A | validation forces MAE: 62.242 meV/A
[2025-11-04 17:56:59][INFO] - Epoch:  493 | learning rate: 5.000e-06 | training loss: 1.905e+00 | training energy RMSE (per atom):   8.52 meV | training energy MAE (per atom):   5.99 meV | training forces RMSE:  95.46 meV/A | training forces MAE: 54.098 meV/A | validation loss: 1.658e+00 | validation energy RMSE (per atom):  21.79 meV | validation energy MAE (per atom):   7.41 meV | validation forces RMSE: 466.32 meV/A | validation forces MAE: 62.240 meV/A
[2025-11-04 17:57:26][INFO] - Epoch:  494 | learning rate: 5.000e-06 | training loss: 1.910e+00 | training energy RMSE (per atom):   8.21 meV | training energy MAE (per atom):   5.72 meV | training forces RMSE:  95.42 meV/A | training forces MAE: 54.100 meV/A | validation loss: 1.657e+00 | validation energy RMSE (per atom):  21.69 meV | validation energy MAE (per atom):   9.07 meV | validation forces RMSE: 466.20 meV/A | validation forces MAE: 62.287 meV/A
[2025-11-04 17:57:53][INFO] - Epoch:  495 | learning rate: 5.000e-06 | training loss: 1.900e+00 | training energy RMSE (per atom):   8.38 meV | training energy MAE (per atom):   5.81 meV | training forces RMSE:  95.45 meV/A | training forces MAE: 54.118 meV/A | validation loss: 1.658e+00 | validation energy RMSE (per atom):  21.66 meV | validation energy MAE (per atom):   8.22 meV | validation forces RMSE: 466.29 meV/A | validation forces MAE: 62.242 meV/A
[2025-11-04 17:58:20][INFO] - Epoch:  496 | learning rate: 5.000e-06 | training loss: 1.871e+00 | training energy RMSE (per atom):   8.18 meV | training energy MAE (per atom):   5.72 meV | training forces RMSE:  95.41 meV/A | training forces MAE: 54.072 meV/A | validation loss: 1.658e+00 | validation energy RMSE (per atom):  21.69 meV | validation energy MAE (per atom):   7.83 meV | validation forces RMSE: 466.28 meV/A | validation forces MAE: 62.183 meV/A
[2025-11-04 17:58:48][INFO] - Epoch:  497 | learning rate: 5.000e-06 | training loss: 1.940e+00 | training energy RMSE (per atom):   8.28 meV | training energy MAE (per atom):   5.81 meV | training forces RMSE:  95.39 meV/A | training forces MAE: 54.090 meV/A | validation loss: 1.659e+00 | validation energy RMSE (per atom):  21.78 meV | validation energy MAE (per atom):   7.27 meV | validation forces RMSE: 466.46 meV/A | validation forces MAE: 62.293 meV/A
[2025-11-04 17:59:15][INFO] - Epoch:  498 | learning rate: 5.000e-06 | training loss: 1.900e+00 | training energy RMSE (per atom):   8.33 meV | training energy MAE (per atom):   5.79 meV | training forces RMSE:  95.49 meV/A | training forces MAE: 54.102 meV/A | validation loss: 1.659e+00 | validation energy RMSE (per atom):  21.77 meV | validation energy MAE (per atom):   7.26 meV | validation forces RMSE: 466.45 meV/A | validation forces MAE: 62.263 meV/A
[2025-11-04 17:59:42][INFO] - Epoch:  499 | learning rate: 5.000e-06 | training loss: 1.900e+00 | training energy RMSE (per atom):   8.34 meV | training energy MAE (per atom):   5.84 meV | training forces RMSE:  95.42 meV/A | training forces MAE: 53.982 meV/A | validation loss: 1.660e+00 | validation energy RMSE (per atom):  21.81 meV | validation energy MAE (per atom):   7.41 meV | validation forces RMSE: 466.57 meV/A | validation forces MAE: 62.197 meV/A
[2025-11-04 17:59:42][INFO] - Training finished!
[2025-11-04 17:59:42][INFO] - Using best model from epoch 66
[2025-11-04 17:59:43][INFO] - Applied finetuning strategy: heads
[2025-11-04 17:59:43][INFO] - Number of trainable parameters: 198148 [6.94% %]
[2025-11-04 17:59:43][INFO] - Final checkpoint: /scratch/tisi/cartospeed/head_finetuning/2/model.ckpt
[2025-11-04 17:59:43][INFO] - Exported model: /scratch/tisi/cartospeed/head_finetuning/2/model.pt
[2025-11-04 17:59:43][INFO] - Running final evaluation with batch size 16
[2025-11-04 17:59:43][INFO] - Evaluating training dataset
[2025-11-04 17:59:45][INFO] - Running on device cuda with dtype torch.float32
[2025-11-04 18:00:00][INFO] - energy RMSE (per atom): 9.2258 meV | energy MAE (per atom): 7.0288 meV | forces RMSE: 107.82 meV/A | forces MAE: 59.012 meV/A
[2025-11-04 18:00:00][INFO] - Evaluation time: 9.35 s [0.0461 ± 0.0127 ms per atom]
[2025-11-04 18:00:00][INFO] - Evaluating validation dataset
[2025-11-04 18:00:00][INFO] - Running on device cuda with dtype torch.float32
[2025-11-04 18:00:01][INFO] - energy RMSE (per atom): 22.123 meV | energy MAE (per atom): 8.7953 meV | forces RMSE: 432.07 meV/A | forces MAE: 66.176 meV/A
[2025-11-04 18:00:01][INFO] - Evaluation time: 0.59 s [0.0479 ± 0.0121 ms per atom]
[2025-11-04 18:00:01][INFO] - Evaluating test dataset
[2025-11-04 18:00:02][INFO] - Running on device cuda with dtype torch.float32
[2025-11-04 18:00:03][INFO] - energy RMSE (per atom): 8.5733 meV | energy MAE (per atom): 6.9763 meV | forces RMSE: 96.300 meV/A | forces MAE: 58.283 meV/A
[2025-11-04 18:00:03][INFO] - Evaluation time: 1.13 s [0.0455 ± 0.0121 ms per atom]
