[2025-10-13 11:41:27][INFO] - This log is also available at '/scratch/tisi/cartospeed/bespoke/pet-mad-parms/outputs/2025-10-13/11-41-27/train.log'.
[2025-10-13 11:41:27][INFO] - Package version: 2025.10
[2025-10-13 11:41:27][INFO] - Package directory: /home/tisi/miniforge3/envs/cartospeed_2025_9/lib/python3.13/site-packages/metatrain
[2025-10-13 11:41:27][INFO] - Working directory: /scratch/tisi/cartospeed/bespoke/pet-mad-parms
[2025-10-13 11:41:27][INFO] - Executed command: mtt train options-c.yaml
[2025-10-13 11:41:27][INFO] - Running training for 'pet' architecture
[2025-10-13 11:41:28][INFO] - Random seed of this run is 22
[2025-10-13 11:41:28][INFO] - Setting up training set
[2025-10-13 11:41:32][INFO] - Forces found in section 'energy', we will use this gradient to train the model
[2025-10-13 11:41:33][WARNING] - No stress found in section 'energy'.
[2025-10-13 11:41:33][INFO] - Setting up validation set
[2025-10-13 11:41:33][INFO] - Forces found in section 'energy', we will use this gradient to train the model
[2025-10-13 11:41:34][WARNING] - No stress found in section 'energy'.
[2025-10-13 11:41:34][INFO] - Setting up test set
[2025-10-13 11:41:34][INFO] - Forces found in section 'energy', we will use this gradient to train the model
[2025-10-13 11:41:34][WARNING] - No stress found in section 'energy'.
[2025-10-13 11:41:34][INFO] - Atomic types inferred from training and validation datasets
[2025-10-13 11:41:34][INFO] - Model defined for atomic types: [1, 3, 8, 15, 16]
[2025-10-13 11:41:34][INFO] - Training dataset:
    Dataset containing 3473 structures
    Mean and standard deviation of targets:
    - energy: 
      - mean -251.1 eV
      - std  195.5 eV
[2025-10-13 11:41:34][INFO] - Validation dataset:
    Dataset containing 202 structures
    Mean and standard deviation of targets:
    - energy: 
      - mean -254.5 eV
      - std  202.4 eV
[2025-10-13 11:41:34][INFO] - Test dataset:
    Dataset containing 412 structures
    Mean and standard deviation of targets:
    - energy: 
      - mean -253.8 eV
      - std  197.9 eV
[2025-10-13 11:41:34][INFO] - Restart options: /scratch/tisi/cartospeed/bespoke/pet-mad-parms/outputs/2025-10-13/11-41-27/options_restart.yaml
[2025-10-13 11:41:34][INFO] - Setting up model
[2025-10-13 11:41:34][INFO] - Starting training from scratch
[2025-10-13 11:41:34][INFO] - The model has 2.8M parameters (actual number: 2775044).
[2025-10-13 11:41:34][INFO] - Calling trainer
[2025-10-13 11:41:34][INFO] - Intermediate checkpoints (if available): /scratch/tisi/cartospeed/bespoke/pet-mad-parms/outputs/2025-10-13/11-41-27
[2025-10-13 11:41:34][INFO] - Training on device cuda with dtype torch.float32
[2025-10-13 11:41:34][INFO] - Calculating neighbor lists for the datasets
[2025-10-13 11:41:38][INFO] - Calculating composition weights
[2025-10-13 11:41:42][INFO] - Setting up data loaders
[2025-10-13 11:41:42][INFO] - Using the following loss functions:
[2025-10-13 11:41:42][INFO] - energy:
[2025-10-13 11:41:42][INFO] - {'type': 'mse', 'weight': 1, 'reduction': 'mean', 'sliding_factor': None}
[2025-10-13 11:41:42][INFO] - With gradients:
[2025-10-13 11:41:42][INFO] - 	energy::positions: {'type': 'mse', 'weight': 0.05, 'reduction': 'mean', 'sliding_factor': None}
[2025-10-13 11:41:57][INFO] - Base learning rate: 5e-05
[2025-10-13 11:41:57][INFO] - Initial learning rate: 0.0
[2025-10-13 11:41:57][INFO] - Starting training
[2025-10-13 11:42:38][INFO] - Epoch:    0 | learning rate: 0.000e+00 | training loss: 4.044e+02 | training energy RMSE (per atom): 1342.6 meV | training energy MAE (per atom): 1303.1 meV | training forces RMSE: 1104.6 meV/A | training forces MAE: 732.71 meV/A | validation loss: 2.425e+01 | validation energy RMSE (per atom): 1347.2 meV | validation energy MAE (per atom): 1309.7 meV | validation forces RMSE: 1042.5 meV/A | validation forces MAE: 698.91 meV/A
[2025-10-13 11:43:16][INFO] - Epoch:    1 | learning rate: 1.000e-05 | training loss: 4.134e+01 | training energy RMSE (per atom):  376.6 meV | training energy MAE (per atom):  210.4 meV | training forces RMSE:  985.8 meV/A | training forces MAE: 612.68 meV/A | validation loss: 7.179e-01 | validation energy RMSE (per atom):  131.7 meV | validation energy MAE (per atom):   90.7 meV | validation forces RMSE:  897.9 meV/A | validation forces MAE: 552.31 meV/A
[2025-10-13 11:43:54][INFO] - Epoch:    2 | learning rate: 2.000e-05 | training loss: 1.449e+01 | training energy RMSE (per atom):  145.2 meV | training energy MAE (per atom):   95.9 meV | training forces RMSE:  955.2 meV/A | training forces MAE: 577.40 meV/A | validation loss: 6.819e-01 | validation energy RMSE (per atom):  126.1 meV | validation energy MAE (per atom):   91.5 meV | validation forces RMSE:  882.2 meV/A | validation forces MAE: 531.36 meV/A
[2025-10-13 11:44:32][INFO] - Epoch:    3 | learning rate: 3.000e-05 | training loss: 1.389e+01 | training energy RMSE (per atom):  137.4 meV | training energy MAE (per atom):   90.8 meV | training forces RMSE:  947.3 meV/A | training forces MAE: 566.95 meV/A | validation loss: 6.402e-01 | validation energy RMSE (per atom):  112.6 meV | validation energy MAE (per atom):   75.6 meV | validation forces RMSE:  880.8 meV/A | validation forces MAE: 531.57 meV/A
[2025-10-13 11:45:10][INFO] - Epoch:    4 | learning rate: 4.000e-05 | training loss: 1.371e+01 | training energy RMSE (per atom):  134.1 meV | training energy MAE (per atom):   89.7 meV | training forces RMSE:  946.8 meV/A | training forces MAE: 568.54 meV/A | validation loss: 6.669e-01 | validation energy RMSE (per atom):  122.8 meV | validation energy MAE (per atom):  101.3 meV | validation forces RMSE:  875.5 meV/A | validation forces MAE: 524.93 meV/A
[2025-10-13 11:45:10][INFO] - Finished warm-up. Now training with learning rate 5e-05
[2025-10-13 11:45:48][INFO] - Epoch:    5 | learning rate: 5.000e-05 | training loss: 1.359e+01 | training energy RMSE (per atom):  133.5 meV | training energy MAE (per atom):   91.9 meV | training forces RMSE:  947.8 meV/A | training forces MAE: 570.87 meV/A | validation loss: 6.340e-01 | validation energy RMSE (per atom):  107.7 meV | validation energy MAE (per atom):   73.8 meV | validation forces RMSE:  885.8 meV/A | validation forces MAE: 540.65 meV/A
[2025-10-13 11:46:26][INFO] - Epoch:    6 | learning rate: 5.000e-05 | training loss: 1.345e+01 | training energy RMSE (per atom):  131.9 meV | training energy MAE (per atom):   92.5 meV | training forces RMSE:  946.4 meV/A | training forces MAE: 568.65 meV/A | validation loss: 7.161e-01 | validation energy RMSE (per atom):  138.0 meV | validation energy MAE (per atom):  121.2 meV | validation forces RMSE:  872.1 meV/A | validation forces MAE: 521.08 meV/A
[2025-10-13 11:47:05][INFO] - Epoch:    7 | learning rate: 5.000e-05 | training loss: 1.390e+01 | training energy RMSE (per atom):  139.9 meV | training energy MAE (per atom):  100.3 meV | training forces RMSE:  945.8 meV/A | training forces MAE: 568.74 meV/A | validation loss: 6.134e-01 | validation energy RMSE (per atom):  104.5 meV | validation energy MAE (per atom):   81.6 meV | validation forces RMSE:  874.2 meV/A | validation forces MAE: 524.63 meV/A
[2025-10-13 11:47:42][INFO] - Epoch:    8 | learning rate: 5.000e-05 | training loss: 1.318e+01 | training energy RMSE (per atom):  126.7 meV | training energy MAE (per atom):   87.6 meV | training forces RMSE:  943.7 meV/A | training forces MAE: 566.08 meV/A | validation loss: 6.063e-01 | validation energy RMSE (per atom):  101.6 meV | validation energy MAE (per atom):   70.5 meV | validation forces RMSE:  876.5 meV/A | validation forces MAE: 530.08 meV/A
[2025-10-13 11:48:20][INFO] - Epoch:    9 | learning rate: 5.000e-05 | training loss: 1.316e+01 | training energy RMSE (per atom):  126.8 meV | training energy MAE (per atom):   87.3 meV | training forces RMSE:  941.8 meV/A | training forces MAE: 564.13 meV/A | validation loss: 5.978e-01 | validation energy RMSE (per atom):   98.3 meV | validation energy MAE (per atom):   68.6 meV | validation forces RMSE:  875.3 meV/A | validation forces MAE: 528.52 meV/A
[2025-10-13 11:48:59][INFO] - Epoch:   10 | learning rate: 5.000e-05 | training loss: 1.302e+01 | training energy RMSE (per atom):  125.2 meV | training energy MAE (per atom):   86.1 meV | training forces RMSE:  940.5 meV/A | training forces MAE: 562.86 meV/A | validation loss: 6.747e-01 | validation energy RMSE (per atom):  127.3 meV | validation energy MAE (per atom):  110.0 meV | validation forces RMSE:  867.1 meV/A | validation forces MAE: 517.15 meV/A
[2025-10-13 11:49:37][INFO] - Epoch:   11 | learning rate: 5.000e-05 | training loss: 1.323e+01 | training energy RMSE (per atom):  129.7 meV | training energy MAE (per atom):   91.4 meV | training forces RMSE:  939.7 meV/A | training forces MAE: 562.62 meV/A | validation loss: 5.950e-01 | validation energy RMSE (per atom):  101.0 meV | validation energy MAE (per atom):   78.8 meV | validation forces RMSE:  866.1 meV/A | validation forces MAE: 516.34 meV/A
[2025-10-13 11:50:15][INFO] - Epoch:   12 | learning rate: 5.000e-05 | training loss: 1.288e+01 | training energy RMSE (per atom):  125.1 meV | training energy MAE (per atom):   86.8 meV | training forces RMSE:  937.5 meV/A | training forces MAE: 560.04 meV/A | validation loss: 6.190e-01 | validation energy RMSE (per atom):  108.2 meV | validation energy MAE (per atom):   76.2 meV | validation forces RMSE:  871.9 meV/A | validation forces MAE: 526.25 meV/A
[2025-10-13 11:50:53][INFO] - Epoch:   13 | learning rate: 5.000e-05 | training loss: 1.339e+01 | training energy RMSE (per atom):  133.0 meV | training energy MAE (per atom):   95.5 meV | training forces RMSE:  936.3 meV/A | training forces MAE: 558.88 meV/A | validation loss: 6.454e-01 | validation energy RMSE (per atom):  118.3 meV | validation energy MAE (per atom):   99.5 meV | validation forces RMSE:  865.1 meV/A | validation forces MAE: 516.27 meV/A
[2025-10-13 11:51:31][INFO] - Epoch:   14 | learning rate: 5.000e-05 | training loss: 1.330e+01 | training energy RMSE (per atom):  132.6 meV | training energy MAE (per atom):   96.8 meV | training forces RMSE:  936.2 meV/A | training forces MAE: 559.72 meV/A | validation loss: 6.565e-01 | validation energy RMSE (per atom):  121.9 meV | validation energy MAE (per atom):  103.9 meV | validation forces RMSE:  864.7 meV/A | validation forces MAE: 518.07 meV/A
[2025-10-13 11:52:09][INFO] - Epoch:   15 | learning rate: 5.000e-05 | training loss: 1.298e+01 | training energy RMSE (per atom):  126.8 meV | training energy MAE (per atom):   91.5 meV | training forces RMSE:  936.2 meV/A | training forces MAE: 560.82 meV/A | validation loss: 6.163e-01 | validation energy RMSE (per atom):  108.6 meV | validation energy MAE (per atom):   87.7 meV | validation forces RMSE:  864.0 meV/A | validation forces MAE: 516.54 meV/A
[2025-10-13 11:52:48][INFO] - Epoch:   16 | learning rate: 5.000e-05 | training loss: 1.268e+01 | training energy RMSE (per atom):  121.5 meV | training energy MAE (per atom):   86.8 meV | training forces RMSE:  934.1 meV/A | training forces MAE: 559.63 meV/A | validation loss: 5.770e-01 | validation energy RMSE (per atom):   93.6 meV | validation energy MAE (per atom):   67.3 meV | validation forces RMSE:  866.3 meV/A | validation forces MAE: 521.14 meV/A
[2025-10-13 11:53:26][INFO] - Epoch:   17 | learning rate: 5.000e-05 | training loss: 1.262e+01 | training energy RMSE (per atom):  121.4 meV | training energy MAE (per atom):   87.4 meV | training forces RMSE:  932.9 meV/A | training forces MAE: 558.17 meV/A | validation loss: 5.746e-01 | validation energy RMSE (per atom):   92.7 meV | validation energy MAE (per atom):   70.8 meV | validation forces RMSE:  863.9 meV/A | validation forces MAE: 519.55 meV/A
[2025-10-13 11:54:04][INFO] - Epoch:   18 | learning rate: 5.000e-05 | training loss: 1.228e+01 | training energy RMSE (per atom):  115.7 meV | training energy MAE (per atom):   82.7 meV | training forces RMSE:  930.0 meV/A | training forces MAE: 556.95 meV/A | validation loss: 5.800e-01 | validation energy RMSE (per atom):   94.1 meV | validation energy MAE (per atom):   67.0 meV | validation forces RMSE:  867.3 meV/A | validation forces MAE: 526.78 meV/A
[2025-10-13 11:54:42][INFO] - Epoch:   19 | learning rate: 5.000e-05 | training loss: 1.239e+01 | training energy RMSE (per atom):  117.1 meV | training energy MAE (per atom):   85.9 meV | training forces RMSE:  926.2 meV/A | training forces MAE: 555.39 meV/A | validation loss: 5.653e-01 | validation energy RMSE (per atom):   93.6 meV | validation energy MAE (per atom):   72.6 meV | validation forces RMSE:  854.4 meV/A | validation forces MAE: 512.93 meV/A
[2025-10-13 11:55:20][INFO] - Epoch:   20 | learning rate: 5.000e-05 | training loss: 1.239e+01 | training energy RMSE (per atom):  122.5 meV | training energy MAE (per atom):   91.6 meV | training forces RMSE:  916.4 meV/A | training forces MAE: 548.64 meV/A | validation loss: 5.333e-01 | validation energy RMSE (per atom):   83.7 meV | validation energy MAE (per atom):   64.6 meV | validation forces RMSE:  846.6 meV/A | validation forces MAE: 511.19 meV/A
[2025-10-13 11:55:58][INFO] - Epoch:   21 | learning rate: 5.000e-05 | training loss: 1.089e+01 | training energy RMSE (per atom):  102.1 meV | training energy MAE (per atom):   75.6 meV | training forces RMSE:  893.4 meV/A | training forces MAE: 533.40 meV/A | validation loss: 5.197e-01 | validation energy RMSE (per atom):   95.2 meV | validation energy MAE (per atom):   70.5 meV | validation forces RMSE:  815.0 meV/A | validation forces MAE: 488.85 meV/A
[2025-10-13 11:56:36][INFO] - Epoch:   22 | learning rate: 5.000e-05 | training loss: 9.884e+00 | training energy RMSE (per atom):   91.8 meV | training energy MAE (per atom):   67.6 meV | training forces RMSE:  862.1 meV/A | training forces MAE: 513.92 meV/A | validation loss: 4.329e-01 | validation energy RMSE (per atom):   66.1 meV | validation energy MAE (per atom):   48.0 meV | validation forces RMSE:  791.4 meV/A | validation forces MAE: 473.42 meV/A
[2025-10-13 11:57:14][INFO] - Epoch:   23 | learning rate: 5.000e-05 | training loss: 9.154e+00 | training energy RMSE (per atom):   85.8 meV | training energy MAE (per atom):   63.3 meV | training forces RMSE:  834.6 meV/A | training forces MAE: 495.44 meV/A | validation loss: 4.472e-01 | validation energy RMSE (per atom):   97.7 meV | validation energy MAE (per atom):   87.8 meV | validation forces RMSE:  744.3 meV/A | validation forces MAE: 440.18 meV/A
[2025-10-13 11:57:53][INFO] - Epoch:   24 | learning rate: 5.000e-05 | training loss: 8.120e+00 | training energy RMSE (per atom):   85.5 meV | training energy MAE (per atom):   64.4 meV | training forces RMSE:  776.6 meV/A | training forces MAE: 455.42 meV/A | validation loss: 3.084e-01 | validation energy RMSE (per atom):   62.3 meV | validation energy MAE (per atom):   50.8 meV | validation forces RMSE:  684.9 meV/A | validation forces MAE: 392.22 meV/A
[2025-10-13 11:58:31][INFO] - Epoch:   25 | learning rate: 5.000e-05 | training loss: 6.802e+00 | training energy RMSE (per atom):   74.3 meV | training energy MAE (per atom):   54.9 meV | training forces RMSE:  717.5 meV/A | training forces MAE: 413.05 meV/A | validation loss: 3.131e-01 | validation energy RMSE (per atom):   81.2 meV | validation energy MAE (per atom):   73.3 meV | validation forces RMSE:  647.3 meV/A | validation forces MAE: 369.41 meV/A
[2025-10-13 11:59:09][INFO] - Epoch:   26 | learning rate: 5.000e-05 | training loss: 5.957e+00 | training energy RMSE (per atom):   67.7 meV | training energy MAE (per atom):   51.5 meV | training forces RMSE:  677.5 meV/A | training forces MAE: 390.19 meV/A | validation loss: 2.269e-01 | validation energy RMSE (per atom):   43.8 meV | validation energy MAE (per atom):   32.4 meV | validation forces RMSE:  613.1 meV/A | validation forces MAE: 348.87 meV/A
[2025-10-13 11:59:47][INFO] - Epoch:   27 | learning rate: 5.000e-05 | training loss: 4.938e+00 | training energy RMSE (per atom):   55.9 meV | training energy MAE (per atom):   42.2 meV | training forces RMSE:  628.6 meV/A | training forces MAE: 366.02 meV/A | validation loss: 2.006e-01 | validation energy RMSE (per atom):   43.3 meV | validation energy MAE (per atom):   34.4 meV | validation forces RMSE:  574.1 meV/A | validation forces MAE: 329.96 meV/A
[2025-10-13 12:00:25][INFO] - Epoch:   28 | learning rate: 5.000e-05 | training loss: 4.725e+00 | training energy RMSE (per atom):   70.6 meV | training energy MAE (per atom):   54.1 meV | training forces RMSE:  580.3 meV/A | training forces MAE: 340.36 meV/A | validation loss: 2.332e-01 | validation energy RMSE (per atom):   76.0 meV | validation energy MAE (per atom):   67.4 meV | validation forces RMSE:  542.3 meV/A | validation forces MAE: 313.35 meV/A
[2025-10-13 12:01:03][INFO] - Epoch:   29 | learning rate: 5.000e-05 | training loss: 3.852e+00 | training energy RMSE (per atom):   58.2 meV | training energy MAE (per atom):   44.3 meV | training forces RMSE:  536.6 meV/A | training forces MAE: 316.98 meV/A | validation loss: 1.763e-01 | validation energy RMSE (per atom):   39.8 meV | validation energy MAE (per atom):   33.0 meV | validation forces RMSE:  528.8 meV/A | validation forces MAE: 318.39 meV/A
[2025-10-13 12:01:42][INFO] - Epoch:   30 | learning rate: 5.000e-05 | training loss: 3.777e+00 | training energy RMSE (per atom):   59.8 meV | training energy MAE (per atom):   43.7 meV | training forces RMSE:  528.2 meV/A | training forces MAE: 317.94 meV/A | validation loss: 1.470e-01 | validation energy RMSE (per atom):   33.0 meV | validation energy MAE (per atom):   24.8 meV | validation forces RMSE:  492.7 meV/A | validation forces MAE: 292.02 meV/A
[2025-10-13 12:02:20][INFO] - Epoch:   31 | learning rate: 5.000e-05 | training loss: 3.145e+00 | training energy RMSE (per atom):   46.7 meV | training energy MAE (per atom):   36.0 meV | training forces RMSE:  495.3 meV/A | training forces MAE: 298.49 meV/A | validation loss: 1.379e-01 | validation energy RMSE (per atom):   36.9 meV | validation energy MAE (per atom):   27.5 meV | validation forces RMSE:  465.5 meV/A | validation forces MAE: 274.69 meV/A
[2025-10-13 12:02:58][INFO] - Epoch:   32 | learning rate: 5.000e-05 | training loss: 3.171e+00 | training energy RMSE (per atom):   53.4 meV | training energy MAE (per atom):   40.6 meV | training forces RMSE:  484.9 meV/A | training forces MAE: 293.26 meV/A | validation loss: 1.327e-01 | validation energy RMSE (per atom):   33.6 meV | validation energy MAE (per atom):   26.6 meV | validation forces RMSE:  458.2 meV/A | validation forces MAE: 272.97 meV/A
[2025-10-13 12:03:37][INFO] - Epoch:   33 | learning rate: 5.000e-05 | training loss: 2.967e+00 | training energy RMSE (per atom):   51.8 meV | training energy MAE (per atom):   40.2 meV | training forces RMSE:  467.0 meV/A | training forces MAE: 286.13 meV/A | validation loss: 1.649e-01 | validation energy RMSE (per atom):   44.4 meV | validation energy MAE (per atom):   36.3 meV | validation forces RMSE:  498.5 meV/A | validation forces MAE: 315.65 meV/A
[2025-10-13 12:04:15][INFO] - Epoch:   34 | learning rate: 5.000e-05 | training loss: 2.788e+00 | training energy RMSE (per atom):   48.6 meV | training energy MAE (per atom):   38.1 meV | training forces RMSE:  457.0 meV/A | training forces MAE: 280.52 meV/A | validation loss: 1.210e-01 | validation energy RMSE (per atom):   31.6 meV | validation energy MAE (per atom):   25.4 meV | validation forces RMSE:  432.7 meV/A | validation forces MAE: 266.33 meV/A
[2025-10-13 12:04:52][INFO] - Epoch:   35 | learning rate: 5.000e-05 | training loss: 2.721e+00 | training energy RMSE (per atom):   53.2 meV | training energy MAE (per atom):   40.0 meV | training forces RMSE:  440.8 meV/A | training forces MAE: 274.42 meV/A | validation loss: 1.116e-01 | validation energy RMSE (per atom):   29.3 meV | validation energy MAE (per atom):   23.2 meV | validation forces RMSE:  416.5 meV/A | validation forces MAE: 261.21 meV/A
[2025-10-13 12:05:31][INFO] - Epoch:   36 | learning rate: 5.000e-05 | training loss: 2.424e+00 | training energy RMSE (per atom):   49.0 meV | training energy MAE (per atom):   37.7 meV | training forces RMSE:  418.3 meV/A | training forces MAE: 263.45 meV/A | validation loss: 1.296e-01 | validation energy RMSE (per atom):   52.3 meV | validation energy MAE (per atom):   43.6 meV | validation forces RMSE:  398.9 meV/A | validation forces MAE: 254.60 meV/A
[2025-10-13 12:06:09][INFO] - Epoch:   37 | learning rate: 5.000e-05 | training loss: 2.361e+00 | training energy RMSE (per atom):   46.9 meV | training energy MAE (per atom):   34.8 meV | training forces RMSE:  418.9 meV/A | training forces MAE: 265.64 meV/A | validation loss: 1.103e-01 | validation energy RMSE (per atom):   35.0 meV | validation energy MAE (per atom):   25.8 meV | validation forces RMSE:  400.8 meV/A | validation forces MAE: 251.11 meV/A
[2025-10-13 12:06:47][INFO] - Epoch:   38 | learning rate: 5.000e-05 | training loss: 2.651e+00 | training energy RMSE (per atom):   51.7 meV | training energy MAE (per atom):   40.0 meV | training forces RMSE:  434.5 meV/A | training forces MAE: 278.54 meV/A | validation loss: 1.290e-01 | validation energy RMSE (per atom):   41.5 meV | validation energy MAE (per atom):   33.0 meV | validation forces RMSE:  430.6 meV/A | validation forces MAE: 275.84 meV/A
[2025-10-13 12:07:25][INFO] - Epoch:   39 | learning rate: 5.000e-05 | training loss: 2.386e+00 | training energy RMSE (per atom):   44.8 meV | training energy MAE (per atom):   34.7 meV | training forces RMSE:  425.2 meV/A | training forces MAE: 271.32 meV/A | validation loss: 1.041e-01 | validation energy RMSE (per atom):   31.0 meV | validation energy MAE (per atom):   23.5 meV | validation forces RMSE:  387.4 meV/A | validation forces MAE: 257.14 meV/A
[2025-10-13 12:08:03][INFO] - Epoch:   40 | learning rate: 5.000e-05 | training loss: 2.167e+00 | training energy RMSE (per atom):   43.8 meV | training energy MAE (per atom):   33.8 meV | training forces RMSE:  401.6 meV/A | training forces MAE: 259.87 meV/A | validation loss: 1.050e-01 | validation energy RMSE (per atom):   34.1 meV | validation energy MAE (per atom):   28.1 meV | validation forces RMSE:  384.7 meV/A | validation forces MAE: 254.35 meV/A
[2025-10-13 12:08:41][INFO] - Epoch:   41 | learning rate: 5.000e-05 | training loss: 2.100e+00 | training energy RMSE (per atom):   44.3 meV | training energy MAE (per atom):   34.5 meV | training forces RMSE:  393.7 meV/A | training forces MAE: 255.13 meV/A | validation loss: 9.502e-02 | validation energy RMSE (per atom):   29.5 meV | validation energy MAE (per atom):   22.2 meV | validation forces RMSE:  370.4 meV/A | validation forces MAE: 239.81 meV/A
[2025-10-13 12:09:19][INFO] - Epoch:   42 | learning rate: 5.000e-05 | training loss: 1.962e+00 | training energy RMSE (per atom):   41.9 meV | training energy MAE (per atom):   32.6 meV | training forces RMSE:  381.6 meV/A | training forces MAE: 248.20 meV/A | validation loss: 9.959e-02 | validation energy RMSE (per atom):   39.4 meV | validation energy MAE (per atom):   30.7 meV | validation forces RMSE:  357.3 meV/A | validation forces MAE: 240.36 meV/A
[2025-10-13 12:09:57][INFO] - Epoch:   43 | learning rate: 5.000e-05 | training loss: 1.889e+00 | training energy RMSE (per atom):   43.6 meV | training energy MAE (per atom):   34.1 meV | training forces RMSE:  368.3 meV/A | training forces MAE: 240.42 meV/A | validation loss: 8.993e-02 | validation energy RMSE (per atom):   30.7 meV | validation energy MAE (per atom):   22.7 meV | validation forces RMSE:  352.5 meV/A | validation forces MAE: 235.09 meV/A
[2025-10-13 12:10:35][INFO] - Epoch:   44 | learning rate: 5.000e-05 | training loss: 2.187e+00 | training energy RMSE (per atom):   49.3 meV | training energy MAE (per atom):   38.0 meV | training forces RMSE:  389.9 meV/A | training forces MAE: 254.06 meV/A | validation loss: 8.670e-02 | validation energy RMSE (per atom):   30.2 meV | validation energy MAE (per atom):   21.5 meV | validation forces RMSE:  347.6 meV/A | validation forces MAE: 227.61 meV/A
[2025-10-13 12:11:13][INFO] - Epoch:   45 | learning rate: 5.000e-05 | training loss: 1.948e+00 | training energy RMSE (per atom):   41.1 meV | training energy MAE (per atom):   31.8 meV | training forces RMSE:  382.5 meV/A | training forces MAE: 248.47 meV/A | validation loss: 7.913e-02 | validation energy RMSE (per atom):   26.8 meV | validation energy MAE (per atom):   21.2 meV | validation forces RMSE:  334.4 meV/A | validation forces MAE: 222.76 meV/A
[2025-10-13 12:11:52][INFO] - Epoch:   46 | learning rate: 5.000e-05 | training loss: 1.899e+00 | training energy RMSE (per atom):   40.2 meV | training energy MAE (per atom):   30.7 meV | training forces RMSE:  377.6 meV/A | training forces MAE: 245.37 meV/A | validation loss: 9.139e-02 | validation energy RMSE (per atom):   42.0 meV | validation energy MAE (per atom):   33.7 meV | validation forces RMSE:  332.3 meV/A | validation forces MAE: 220.98 meV/A
[2025-10-13 12:12:29][INFO] - Epoch:   47 | learning rate: 5.000e-05 | training loss: 1.701e+00 | training energy RMSE (per atom):   38.5 meV | training energy MAE (per atom):   29.6 meV | training forces RMSE:  357.3 meV/A | training forces MAE: 233.68 meV/A | validation loss: 8.362e-02 | validation energy RMSE (per atom):   26.1 meV | validation energy MAE (per atom):   19.4 meV | validation forces RMSE:  349.4 meV/A | validation forces MAE: 232.56 meV/A
[2025-10-13 12:13:07][INFO] - Epoch:   48 | learning rate: 5.000e-05 | training loss: 1.668e+00 | training energy RMSE (per atom):   36.6 meV | training energy MAE (per atom):   28.3 meV | training forces RMSE:  356.7 meV/A | training forces MAE: 232.70 meV/A | validation loss: 1.391e-01 | validation energy RMSE (per atom):   65.8 meV | validation energy MAE (per atom):   60.2 meV | validation forces RMSE:  366.8 meV/A | validation forces MAE: 250.41 meV/A
[2025-10-13 12:13:45][INFO] - Epoch:   49 | learning rate: 5.000e-05 | training loss: 1.738e+00 | training energy RMSE (per atom):   44.3 meV | training energy MAE (per atom):   34.9 meV | training forces RMSE:  348.1 meV/A | training forces MAE: 224.72 meV/A | validation loss: 7.434e-02 | validation energy RMSE (per atom):   28.2 meV | validation energy MAE (per atom):   20.7 meV | validation forces RMSE:  321.1 meV/A | validation forces MAE: 216.48 meV/A
[2025-10-13 12:14:23][INFO] - Epoch:   50 | learning rate: 5.000e-05 | training loss: 1.525e+00 | training energy RMSE (per atom):   38.3 meV | training energy MAE (per atom):   28.8 meV | training forces RMSE:  334.1 meV/A | training forces MAE: 217.46 meV/A | validation loss: 8.565e-02 | validation energy RMSE (per atom):   45.6 meV | validation energy MAE (per atom):   38.4 meV | validation forces RMSE:  311.8 meV/A | validation forces MAE: 206.48 meV/A
[2025-10-13 12:15:00][INFO] - Epoch:   51 | learning rate: 5.000e-05 | training loss: 1.558e+00 | training energy RMSE (per atom):   38.5 meV | training energy MAE (per atom):   29.3 meV | training forces RMSE:  339.6 meV/A | training forces MAE: 220.07 meV/A | validation loss: 6.667e-02 | validation energy RMSE (per atom):   31.4 meV | validation energy MAE (per atom):   22.9 meV | validation forces RMSE:  297.0 meV/A | validation forces MAE: 195.45 meV/A
[2025-10-13 12:15:39][INFO] - Epoch:   52 | learning rate: 5.000e-05 | training loss: 1.444e+00 | training energy RMSE (per atom):   33.7 meV | training energy MAE (per atom):   25.5 meV | training forces RMSE:  332.3 meV/A | training forces MAE: 213.76 meV/A | validation loss: 1.269e-01 | validation energy RMSE (per atom):   43.8 meV | validation energy MAE (per atom):   32.2 meV | validation forces RMSE:  405.8 meV/A | validation forces MAE: 283.69 meV/A
[2025-10-13 12:16:16][INFO] - Epoch:   53 | learning rate: 5.000e-05 | training loss: 1.398e+00 | training energy RMSE (per atom):   33.8 meV | training energy MAE (per atom):   25.5 meV | training forces RMSE:  327.0 meV/A | training forces MAE: 211.29 meV/A | validation loss: 5.980e-02 | validation energy RMSE (per atom):   29.8 meV | validation energy MAE (per atom):   24.9 meV | validation forces RMSE:  283.2 meV/A | validation forces MAE: 186.49 meV/A
[2025-10-13 12:16:54][INFO] - Epoch:   54 | learning rate: 5.000e-05 | training loss: 1.377e+00 | training energy RMSE (per atom):   36.1 meV | training energy MAE (per atom):   27.6 meV | training forces RMSE:  319.0 meV/A | training forces MAE: 202.94 meV/A | validation loss: 7.633e-02 | validation energy RMSE (per atom):   44.2 meV | validation energy MAE (per atom):   37.6 meV | validation forces RMSE:  292.3 meV/A | validation forces MAE: 191.79 meV/A
[2025-10-13 12:17:33][INFO] - Epoch:   55 | learning rate: 5.000e-05 | training loss: 1.520e+00 | training energy RMSE (per atom):   41.0 meV | training energy MAE (per atom):   30.7 meV | training forces RMSE:  326.8 meV/A | training forces MAE: 210.86 meV/A | validation loss: 6.043e-02 | validation energy RMSE (per atom):   30.0 meV | validation energy MAE (per atom):   25.2 meV | validation forces RMSE:  285.2 meV/A | validation forces MAE: 185.86 meV/A
[2025-10-13 12:18:11][INFO] - Epoch:   56 | learning rate: 5.000e-05 | training loss: 1.226e+00 | training energy RMSE (per atom):   31.0 meV | training energy MAE (per atom):   23.2 meV | training forces RMSE:  306.3 meV/A | training forces MAE: 195.17 meV/A | validation loss: 6.909e-02 | validation energy RMSE (per atom):   32.1 meV | validation energy MAE (per atom):   25.2 meV | validation forces RMSE:  303.3 meV/A | validation forces MAE: 201.53 meV/A
[2025-10-13 12:18:49][INFO] - Epoch:   57 | learning rate: 5.000e-05 | training loss: 1.517e+00 | training energy RMSE (per atom):   44.8 meV | training energy MAE (per atom):   34.7 meV | training forces RMSE:  317.5 meV/A | training forces MAE: 203.36 meV/A | validation loss: 1.291e-01 | validation energy RMSE (per atom):   30.3 meV | validation energy MAE (per atom):   23.3 meV | validation forces RMSE:  437.6 meV/A | validation forces MAE: 293.99 meV/A
[2025-10-13 12:19:27][INFO] - Epoch:   58 | learning rate: 5.000e-05 | training loss: 1.998e+00 | training energy RMSE (per atom):   45.5 meV | training energy MAE (per atom):   35.2 meV | training forces RMSE:  378.7 meV/A | training forces MAE: 230.05 meV/A | validation loss: 9.451e-02 | validation energy RMSE (per atom):   44.3 meV | validation energy MAE (per atom):   40.0 meV | validation forces RMSE:  340.6 meV/A | validation forces MAE: 229.22 meV/A
[2025-10-13 12:20:05][INFO] - Epoch:   59 | learning rate: 5.000e-05 | training loss: 1.360e+00 | training energy RMSE (per atom):   35.0 meV | training energy MAE (per atom):   25.4 meV | training forces RMSE:  319.6 meV/A | training forces MAE: 200.90 meV/A | validation loss: 6.671e-02 | validation energy RMSE (per atom):   35.6 meV | validation energy MAE (per atom):   25.4 meV | validation forces RMSE:  287.0 meV/A | validation forces MAE: 191.20 meV/A
[2025-10-13 12:20:43][INFO] - Epoch:   60 | learning rate: 5.000e-05 | training loss: 1.259e+00 | training energy RMSE (per atom):   36.1 meV | training energy MAE (per atom):   28.1 meV | training forces RMSE:  301.2 meV/A | training forces MAE: 192.33 meV/A | validation loss: 5.217e-02 | validation energy RMSE (per atom):   24.6 meV | validation energy MAE (per atom):   19.5 meV | validation forces RMSE:  272.7 meV/A | validation forces MAE: 178.81 meV/A
[2025-10-13 12:21:21][INFO] - Epoch:   61 | learning rate: 5.000e-05 | training loss: 1.166e+00 | training energy RMSE (per atom):   34.6 meV | training energy MAE (per atom):   26.6 meV | training forces RMSE:  291.1 meV/A | training forces MAE: 185.84 meV/A | validation loss: 5.383e-02 | validation energy RMSE (per atom):   28.5 meV | validation energy MAE (per atom):   20.4 meV | validation forces RMSE:  268.4 meV/A | validation forces MAE: 174.45 meV/A
[2025-10-13 12:21:59][INFO] - Epoch:   62 | learning rate: 5.000e-05 | training loss: 1.171e+00 | training energy RMSE (per atom):   34.7 meV | training energy MAE (per atom):   25.9 meV | training forces RMSE:  291.1 meV/A | training forces MAE: 182.91 meV/A | validation loss: 4.615e-02 | validation energy RMSE (per atom):   23.6 meV | validation energy MAE (per atom):   18.8 meV | validation forces RMSE:  255.0 meV/A | validation forces MAE: 164.41 meV/A
[2025-10-13 12:22:37][INFO] - Epoch:   63 | learning rate: 5.000e-05 | training loss: 1.063e+00 | training energy RMSE (per atom):   28.2 meV | training energy MAE (per atom):   20.5 meV | training forces RMSE:  288.3 meV/A | training forces MAE: 181.13 meV/A | validation loss: 6.766e-02 | validation energy RMSE (per atom):   26.8 meV | validation energy MAE (per atom):   19.9 meV | validation forces RMSE:  320.2 meV/A | validation forces MAE: 192.97 meV/A
[2025-10-13 12:23:15][INFO] - Epoch:   64 | learning rate: 5.000e-05 | training loss: 1.145e+00 | training energy RMSE (per atom):   33.4 meV | training energy MAE (per atom):   24.5 meV | training forces RMSE:  289.7 meV/A | training forces MAE: 181.43 meV/A | validation loss: 7.138e-02 | validation energy RMSE (per atom):   43.3 meV | validation energy MAE (per atom):   37.8 meV | validation forces RMSE:  279.8 meV/A | validation forces MAE: 183.10 meV/A
[2025-10-13 12:23:53][INFO] - Epoch:   65 | learning rate: 5.000e-05 | training loss: 1.296e+00 | training energy RMSE (per atom):   37.7 meV | training energy MAE (per atom):   27.3 meV | training forces RMSE:  303.7 meV/A | training forces MAE: 193.62 meV/A | validation loss: 4.938e-02 | validation energy RMSE (per atom):   21.2 meV | validation energy MAE (per atom):   13.7 meV | validation forces RMSE:  267.9 meV/A | validation forces MAE: 174.48 meV/A
[2025-10-13 12:24:32][INFO] - Epoch:   66 | learning rate: 5.000e-05 | training loss: 1.076e+00 | training energy RMSE (per atom):   32.3 meV | training energy MAE (per atom):   24.9 meV | training forces RMSE:  281.5 meV/A | training forces MAE: 177.56 meV/A | validation loss: 4.838e-02 | validation energy RMSE (per atom):   28.0 meV | validation energy MAE (per atom):   22.7 meV | validation forces RMSE:  255.7 meV/A | validation forces MAE: 161.56 meV/A
[2025-10-13 12:25:10][INFO] - Epoch:   67 | learning rate: 5.000e-05 | training loss: 1.085e+00 | training energy RMSE (per atom):   31.0 meV | training energy MAE (per atom):   22.9 meV | training forces RMSE:  285.2 meV/A | training forces MAE: 180.79 meV/A | validation loss: 7.082e-02 | validation energy RMSE (per atom):   45.0 meV | validation energy MAE (per atom):   40.4 meV | validation forces RMSE:  272.7 meV/A | validation forces MAE: 178.65 meV/A
[2025-10-13 12:25:49][INFO] - Epoch:   68 | learning rate: 5.000e-05 | training loss: 1.076e+00 | training energy RMSE (per atom):   33.0 meV | training energy MAE (per atom):   25.3 meV | training forces RMSE:  280.4 meV/A | training forces MAE: 175.93 meV/A | validation loss: 5.195e-02 | validation energy RMSE (per atom):   27.6 meV | validation energy MAE (per atom):   20.0 meV | validation forces RMSE:  263.4 meV/A | validation forces MAE: 170.54 meV/A
[2025-10-13 12:26:26][INFO] - Epoch:   69 | learning rate: 5.000e-05 | training loss: 1.082e+00 | training energy RMSE (per atom):   28.9 meV | training energy MAE (per atom):   21.1 meV | training forces RMSE:  288.9 meV/A | training forces MAE: 178.64 meV/A | validation loss: 4.266e-02 | validation energy RMSE (per atom):   19.8 meV | validation energy MAE (per atom):   12.9 meV | validation forces RMSE:  253.2 meV/A | validation forces MAE: 160.09 meV/A
[2025-10-13 12:27:05][INFO] - Epoch:   70 | learning rate: 5.000e-05 | training loss: 1.078e+00 | training energy RMSE (per atom):   33.8 meV | training energy MAE (per atom):   25.6 meV | training forces RMSE:  277.9 meV/A | training forces MAE: 173.98 meV/A | validation loss: 5.945e-02 | validation energy RMSE (per atom):   36.2 meV | validation energy MAE (per atom):   32.4 meV | validation forces RMSE:  268.5 meV/A | validation forces MAE: 173.90 meV/A
[2025-10-13 12:27:43][INFO] - Epoch:   71 | learning rate: 5.000e-05 | training loss: 1.094e+00 | training energy RMSE (per atom):   32.3 meV | training energy MAE (per atom):   23.6 meV | training forces RMSE:  283.4 meV/A | training forces MAE: 176.75 meV/A | validation loss: 4.082e-02 | validation energy RMSE (per atom):   19.4 meV | validation energy MAE (per atom):   13.2 meV | validation forces RMSE:  248.7 meV/A | validation forces MAE: 157.21 meV/A
[2025-10-13 12:28:21][INFO] - Epoch:   72 | learning rate: 5.000e-05 | training loss: 1.025e+00 | training energy RMSE (per atom):   30.3 meV | training energy MAE (per atom):   22.3 meV | training forces RMSE:  278.4 meV/A | training forces MAE: 172.09 meV/A | validation loss: 5.837e-02 | validation energy RMSE (per atom):   23.3 meV | validation energy MAE (per atom):   15.8 meV | validation forces RMSE:  299.4 meV/A | validation forces MAE: 189.03 meV/A
[2025-10-13 12:28:59][INFO] - Epoch:   73 | learning rate: 5.000e-05 | training loss: 1.076e+00 | training energy RMSE (per atom):   28.3 meV | training energy MAE (per atom):   20.4 meV | training forces RMSE:  289.4 meV/A | training forces MAE: 177.38 meV/A | validation loss: 4.492e-02 | validation energy RMSE (per atom):   24.8 meV | validation energy MAE (per atom):   17.5 meV | validation forces RMSE:  249.7 meV/A | validation forces MAE: 157.92 meV/A
[2025-10-13 12:29:38][INFO] - Epoch:   74 | learning rate: 5.000e-05 | training loss: 8.725e-01 | training energy RMSE (per atom):   27.8 meV | training energy MAE (per atom):   20.6 meV | training forces RMSE:  255.1 meV/A | training forces MAE: 157.63 meV/A | validation loss: 4.076e-02 | validation energy RMSE (per atom):   22.4 meV | validation energy MAE (per atom):   16.9 meV | validation forces RMSE:  240.8 meV/A | validation forces MAE: 152.18 meV/A
[2025-10-13 12:30:16][INFO] - Epoch:   75 | learning rate: 5.000e-05 | training loss: 1.018e+00 | training energy RMSE (per atom):   31.4 meV | training energy MAE (per atom):   23.6 meV | training forces RMSE:  273.8 meV/A | training forces MAE: 166.98 meV/A | validation loss: 4.320e-02 | validation energy RMSE (per atom):   24.6 meV | validation energy MAE (per atom):   15.3 meV | validation forces RMSE:  244.5 meV/A | validation forces MAE: 153.73 meV/A
[2025-10-13 12:30:54][INFO] - Epoch:   76 | learning rate: 5.000e-05 | training loss: 9.230e-01 | training energy RMSE (per atom):   27.9 meV | training energy MAE (per atom):   21.0 meV | training forces RMSE:  264.4 meV/A | training forces MAE: 162.49 meV/A | validation loss: 3.990e-02 | validation energy RMSE (per atom):   19.1 meV | validation energy MAE (per atom):   12.4 meV | validation forces RMSE:  249.1 meV/A | validation forces MAE: 154.02 meV/A
[2025-10-13 12:31:32][INFO] - Epoch:   77 | learning rate: 5.000e-05 | training loss: 9.043e-01 | training energy RMSE (per atom):   28.7 meV | training energy MAE (per atom):   21.5 meV | training forces RMSE:  260.6 meV/A | training forces MAE: 160.36 meV/A | validation loss: 5.636e-02 | validation energy RMSE (per atom):   30.7 meV | validation energy MAE (per atom):   25.0 meV | validation forces RMSE:  288.6 meV/A | validation forces MAE: 164.09 meV/A
[2025-10-13 12:32:11][INFO] - Epoch:   78 | learning rate: 5.000e-05 | training loss: 1.035e+00 | training energy RMSE (per atom):   29.9 meV | training energy MAE (per atom):   22.5 meV | training forces RMSE:  279.5 meV/A | training forces MAE: 168.86 meV/A | validation loss: 4.299e-02 | validation energy RMSE (per atom):   25.5 meV | validation energy MAE (per atom):   20.1 meV | validation forces RMSE:  241.8 meV/A | validation forces MAE: 154.02 meV/A
[2025-10-13 12:32:49][INFO] - Epoch:   79 | learning rate: 5.000e-05 | training loss: 8.234e-01 | training energy RMSE (per atom):   27.3 meV | training energy MAE (per atom):   19.3 meV | training forces RMSE:  248.9 meV/A | training forces MAE: 151.90 meV/A | validation loss: 5.659e-02 | validation energy RMSE (per atom):   36.1 meV | validation energy MAE (per atom):   26.4 meV | validation forces RMSE:  257.2 meV/A | validation forces MAE: 167.85 meV/A
[2025-10-13 12:33:27][INFO] - Epoch:   80 | learning rate: 5.000e-05 | training loss: 8.606e-01 | training energy RMSE (per atom):   27.0 meV | training energy MAE (per atom):   20.1 meV | training forces RMSE:  254.9 meV/A | training forces MAE: 157.14 meV/A | validation loss: 4.012e-02 | validation energy RMSE (per atom):   20.0 meV | validation energy MAE (per atom):   12.8 meV | validation forces RMSE:  243.5 meV/A | validation forces MAE: 155.12 meV/A
[2025-10-13 12:34:04][INFO] - Epoch:   81 | learning rate: 5.000e-05 | training loss: 1.007e+00 | training energy RMSE (per atom):   33.7 meV | training energy MAE (per atom):   24.4 meV | training forces RMSE:  266.2 meV/A | training forces MAE: 161.97 meV/A | validation loss: 3.380e-02 | validation energy RMSE (per atom):   18.9 meV | validation energy MAE (per atom):   13.3 meV | validation forces RMSE:  223.3 meV/A | validation forces MAE: 139.73 meV/A
[2025-10-13 12:34:42][INFO] - Epoch:   82 | learning rate: 5.000e-05 | training loss: 8.968e-01 | training energy RMSE (per atom):   27.4 meV | training energy MAE (per atom):   20.1 meV | training forces RMSE:  262.2 meV/A | training forces MAE: 160.83 meV/A | validation loss: 4.325e-02 | validation energy RMSE (per atom):   20.2 meV | validation energy MAE (per atom):   12.5 meV | validation forces RMSE:  263.4 meV/A | validation forces MAE: 151.82 meV/A
[2025-10-13 12:35:21][INFO] - Epoch:   83 | learning rate: 5.000e-05 | training loss: 8.276e-01 | training energy RMSE (per atom):   25.5 meV | training energy MAE (per atom):   18.7 meV | training forces RMSE:  253.0 meV/A | training forces MAE: 154.28 meV/A | validation loss: 4.714e-02 | validation energy RMSE (per atom):   37.6 meV | validation energy MAE (per atom):   33.4 meV | validation forces RMSE:  221.8 meV/A | validation forces MAE: 135.55 meV/A
[2025-10-13 12:35:59][INFO] - Epoch:   84 | learning rate: 5.000e-05 | training loss: 9.833e-01 | training energy RMSE (per atom):   28.2 meV | training energy MAE (per atom):   20.4 meV | training forces RMSE:  275.7 meV/A | training forces MAE: 162.84 meV/A | validation loss: 3.431e-02 | validation energy RMSE (per atom):   22.0 meV | validation energy MAE (per atom):   16.8 meV | validation forces RMSE:  218.9 meV/A | validation forces MAE: 133.62 meV/A
[2025-10-13 12:36:38][INFO] - Epoch:   85 | learning rate: 5.000e-05 | training loss: 7.826e-01 | training energy RMSE (per atom):   25.9 meV | training energy MAE (per atom):   19.2 meV | training forces RMSE:  244.2 meV/A | training forces MAE: 148.74 meV/A | validation loss: 4.574e-02 | validation energy RMSE (per atom):   29.0 meV | validation energy MAE (per atom):   23.8 meV | validation forces RMSE:  242.3 meV/A | validation forces MAE: 154.79 meV/A
[2025-10-13 12:37:16][INFO] - Epoch:   86 | learning rate: 5.000e-05 | training loss: 7.697e-01 | training energy RMSE (per atom):   25.2 meV | training energy MAE (per atom):   19.2 meV | training forces RMSE:  242.9 meV/A | training forces MAE: 148.41 meV/A | validation loss: 3.269e-02 | validation energy RMSE (per atom):   17.9 meV | validation energy MAE (per atom):   10.3 meV | validation forces RMSE:  219.0 meV/A | validation forces MAE: 135.53 meV/A
[2025-10-13 12:37:54][INFO] - Epoch:   87 | learning rate: 5.000e-05 | training loss: 8.631e-01 | training energy RMSE (per atom):   25.4 meV | training energy MAE (per atom):   18.8 meV | training forces RMSE:  257.4 meV/A | training forces MAE: 153.55 meV/A | validation loss: 8.500e-02 | validation energy RMSE (per atom):   21.6 meV | validation energy MAE (per atom):   14.6 meV | validation forces RMSE:  394.2 meV/A | validation forces MAE: 212.97 meV/A
[2025-10-13 12:38:32][INFO] - Epoch:   88 | learning rate: 5.000e-05 | training loss: 9.503e-01 | training energy RMSE (per atom):   28.8 meV | training energy MAE (per atom):   20.5 meV | training forces RMSE:  267.3 meV/A | training forces MAE: 159.89 meV/A | validation loss: 3.533e-02 | validation energy RMSE (per atom):   25.1 meV | validation energy MAE (per atom):   21.5 meV | validation forces RMSE:  218.2 meV/A | validation forces MAE: 130.56 meV/A
[2025-10-13 12:39:10][INFO] - Epoch:   89 | learning rate: 5.000e-05 | training loss: 7.801e-01 | training energy RMSE (per atom):   24.8 meV | training energy MAE (per atom):   18.3 meV | training forces RMSE:  245.7 meV/A | training forces MAE: 147.33 meV/A | validation loss: 5.721e-02 | validation energy RMSE (per atom):   40.2 meV | validation energy MAE (per atom):   34.6 meV | validation forces RMSE:  253.0 meV/A | validation forces MAE: 147.85 meV/A
[2025-10-13 12:39:49][INFO] - Epoch:   90 | learning rate: 5.000e-05 | training loss: 7.814e-01 | training energy RMSE (per atom):   23.5 meV | training energy MAE (per atom):   16.9 meV | training forces RMSE:  248.7 meV/A | training forces MAE: 149.58 meV/A | validation loss: 3.966e-02 | validation energy RMSE (per atom):   22.2 meV | validation energy MAE (per atom):   14.6 meV | validation forces RMSE:  245.0 meV/A | validation forces MAE: 148.50 meV/A
[2025-10-13 12:40:28][INFO] - Epoch:   91 | learning rate: 5.000e-05 | training loss: 6.853e-01 | training energy RMSE (per atom):   21.8 meV | training energy MAE (per atom):   15.5 meV | training forces RMSE:  232.6 meV/A | training forces MAE: 140.47 meV/A | validation loss: 6.378e-02 | validation energy RMSE (per atom):   24.0 meV | validation energy MAE (per atom):   18.0 meV | validation forces RMSE:  303.7 meV/A | validation forces MAE: 206.96 meV/A
[2025-10-13 12:41:06][INFO] - Epoch:   92 | learning rate: 5.000e-05 | training loss: 8.168e-01 | training energy RMSE (per atom):   30.0 meV | training energy MAE (per atom):   22.1 meV | training forces RMSE:  240.8 meV/A | training forces MAE: 147.97 meV/A | validation loss: 4.000e-02 | validation energy RMSE (per atom):   25.5 meV | validation energy MAE (per atom):   19.8 meV | validation forces RMSE:  235.3 meV/A | validation forces MAE: 141.60 meV/A
[2025-10-13 12:41:44][INFO] - Epoch:   93 | learning rate: 5.000e-05 | training loss: 7.243e-01 | training energy RMSE (per atom):   25.2 meV | training energy MAE (per atom):   18.6 meV | training forces RMSE:  233.4 meV/A | training forces MAE: 141.89 meV/A | validation loss: 3.773e-02 | validation energy RMSE (per atom):   26.9 meV | validation energy MAE (per atom):   22.6 meV | validation forces RMSE:  221.7 meV/A | validation forces MAE: 134.56 meV/A
[2025-10-13 12:42:23][INFO] - Epoch:   94 | learning rate: 5.000e-05 | training loss: 8.403e-01 | training energy RMSE (per atom):   26.7 meV | training energy MAE (per atom):   19.7 meV | training forces RMSE:  250.5 meV/A | training forces MAE: 149.18 meV/A | validation loss: 1.126e-01 | validation energy RMSE (per atom):   53.7 meV | validation energy MAE (per atom):   44.0 meV | validation forces RMSE:  379.2 meV/A | validation forces MAE: 221.85 meV/A
[2025-10-13 12:43:01][INFO] - Epoch:   95 | learning rate: 5.000e-05 | training loss: 1.218e+00 | training energy RMSE (per atom):   34.0 meV | training energy MAE (per atom):   23.0 meV | training forces RMSE:  302.1 meV/A | training forces MAE: 174.17 meV/A | validation loss: 3.721e-02 | validation energy RMSE (per atom):   18.5 meV | validation energy MAE (per atom):   10.9 meV | validation forces RMSE:  244.8 meV/A | validation forces MAE: 141.61 meV/A
[2025-10-13 12:43:39][INFO] - Epoch:   96 | learning rate: 5.000e-05 | training loss: 9.381e-01 | training energy RMSE (per atom):   28.9 meV | training energy MAE (per atom):   20.9 meV | training forces RMSE:  264.0 meV/A | training forces MAE: 157.01 meV/A | validation loss: 3.269e-02 | validation energy RMSE (per atom):   18.9 meV | validation energy MAE (per atom):   12.6 meV | validation forces RMSE:  219.6 meV/A | validation forces MAE: 135.92 meV/A
[2025-10-13 12:44:17][INFO] - Epoch:   97 | learning rate: 5.000e-05 | training loss: 7.150e-01 | training energy RMSE (per atom):   23.3 meV | training energy MAE (per atom):   17.5 meV | training forces RMSE:  235.6 meV/A | training forces MAE: 141.76 meV/A | validation loss: 3.808e-02 | validation energy RMSE (per atom):   25.2 meV | validation energy MAE (per atom):   18.2 meV | validation forces RMSE:  228.0 meV/A | validation forces MAE: 140.50 meV/A
[2025-10-13 12:44:55][INFO] - Epoch:   98 | learning rate: 5.000e-05 | training loss: 7.425e-01 | training energy RMSE (per atom):   23.7 meV | training energy MAE (per atom):   17.4 meV | training forces RMSE:  239.9 meV/A | training forces MAE: 142.80 meV/A | validation loss: 3.243e-02 | validation energy RMSE (per atom):   16.8 meV | validation energy MAE (per atom):   11.2 meV | validation forces RMSE:  223.4 meV/A | validation forces MAE: 136.32 meV/A
[2025-10-13 12:45:34][INFO] - Epoch:   99 | learning rate: 5.000e-05 | training loss: 7.151e-01 | training energy RMSE (per atom):   22.6 meV | training energy MAE (per atom):   16.5 meV | training forces RMSE:  236.7 meV/A | training forces MAE: 144.34 meV/A | validation loss: 2.923e-02 | validation energy RMSE (per atom):   18.1 meV | validation energy MAE (per atom):    9.6 meV | validation forces RMSE:  205.1 meV/A | validation forces MAE: 125.03 meV/A
[2025-10-13 12:46:13][INFO] - Epoch:  100 | learning rate: 5.000e-05 | training loss: 7.994e-01 | training energy RMSE (per atom):   24.5 meV | training energy MAE (per atom):   18.5 meV | training forces RMSE:  248.2 meV/A | training forces MAE: 146.64 meV/A | validation loss: 3.282e-02 | validation energy RMSE (per atom):   23.5 meV | validation energy MAE (per atom):   18.7 meV | validation forces RMSE:  209.8 meV/A | validation forces MAE: 126.91 meV/A
[2025-10-13 12:46:51][INFO] - Epoch:  101 | learning rate: 5.000e-05 | training loss: 6.523e-01 | training energy RMSE (per atom):   24.2 meV | training energy MAE (per atom):   17.3 meV | training forces RMSE:  222.0 meV/A | training forces MAE: 133.78 meV/A | validation loss: 3.047e-02 | validation energy RMSE (per atom):   20.9 meV | validation energy MAE (per atom):   16.1 meV | validation forces RMSE:  205.3 meV/A | validation forces MAE: 122.78 meV/A
[2025-10-13 12:47:29][INFO] - Epoch:  102 | learning rate: 5.000e-05 | training loss: 7.044e-01 | training energy RMSE (per atom):   25.6 meV | training energy MAE (per atom):   18.6 meV | training forces RMSE:  229.1 meV/A | training forces MAE: 138.60 meV/A | validation loss: 3.172e-02 | validation energy RMSE (per atom):   20.1 meV | validation energy MAE (per atom):   11.8 meV | validation forces RMSE:  213.7 meV/A | validation forces MAE: 127.19 meV/A
[2025-10-13 12:48:07][INFO] - Epoch:  103 | learning rate: 5.000e-05 | training loss: 6.654e-01 | training energy RMSE (per atom):   22.5 meV | training energy MAE (per atom):   16.9 meV | training forces RMSE:  227.7 meV/A | training forces MAE: 137.39 meV/A | validation loss: 3.992e-02 | validation energy RMSE (per atom):   33.4 meV | validation energy MAE (per atom):   28.5 meV | validation forces RMSE:  205.2 meV/A | validation forces MAE: 128.82 meV/A
[2025-10-13 12:48:45][INFO] - Epoch:  104 | learning rate: 5.000e-05 | training loss: 6.890e-01 | training energy RMSE (per atom):   24.1 meV | training energy MAE (per atom):   17.6 meV | training forces RMSE:  230.3 meV/A | training forces MAE: 138.63 meV/A | validation loss: 5.162e-02 | validation energy RMSE (per atom):   42.8 meV | validation energy MAE (per atom):   39.1 meV | validation forces RMSE:  217.2 meV/A | validation forces MAE: 139.62 meV/A
[2025-10-13 12:49:24][INFO] - Epoch:  105 | learning rate: 5.000e-05 | training loss: 7.280e-01 | training energy RMSE (per atom):   25.3 meV | training energy MAE (per atom):   18.6 meV | training forces RMSE:  234.6 meV/A | training forces MAE: 139.68 meV/A | validation loss: 3.154e-02 | validation energy RMSE (per atom):   21.4 meV | validation energy MAE (per atom):   15.9 meV | validation forces RMSE:  206.5 meV/A | validation forces MAE: 127.27 meV/A
[2025-10-13 12:50:02][INFO] - Epoch:  106 | learning rate: 5.000e-05 | training loss: 6.179e-01 | training energy RMSE (per atom):   21.5 meV | training energy MAE (per atom):   15.8 meV | training forces RMSE:  218.9 meV/A | training forces MAE: 132.96 meV/A | validation loss: 4.678e-02 | validation energy RMSE (per atom):   40.3 meV | validation energy MAE (per atom):   36.1 meV | validation forces RMSE:  205.8 meV/A | validation forces MAE: 125.65 meV/A
[2025-10-13 12:50:40][INFO] - Epoch:  107 | learning rate: 5.000e-05 | training loss: 6.647e-01 | training energy RMSE (per atom):   24.2 meV | training energy MAE (per atom):   17.6 meV | training forces RMSE:  223.7 meV/A | training forces MAE: 135.06 meV/A | validation loss: 5.711e-02 | validation energy RMSE (per atom):   20.0 meV | validation energy MAE (per atom):   12.3 meV | validation forces RMSE:  293.1 meV/A | validation forces MAE: 193.50 meV/A
[2025-10-13 12:51:18][INFO] - Epoch:  108 | learning rate: 5.000e-05 | training loss: 6.560e-01 | training energy RMSE (per atom):   21.7 meV | training energy MAE (per atom):   16.0 meV | training forces RMSE:  227.4 meV/A | training forces MAE: 137.74 meV/A | validation loss: 3.109e-02 | validation energy RMSE (per atom):   20.9 meV | validation energy MAE (per atom):   13.3 meV | validation forces RMSE:  207.4 meV/A | validation forces MAE: 122.52 meV/A
[2025-10-13 12:51:57][INFO] - Epoch:  109 | learning rate: 5.000e-05 | training loss: 6.290e-01 | training energy RMSE (per atom):   22.9 meV | training energy MAE (per atom):   17.1 meV | training forces RMSE:  219.0 meV/A | training forces MAE: 133.24 meV/A | validation loss: 3.339e-02 | validation energy RMSE (per atom):   22.5 meV | validation energy MAE (per atom):   17.3 meV | validation forces RMSE:  212.3 meV/A | validation forces MAE: 134.79 meV/A
[2025-10-13 12:52:35][INFO] - Epoch:  110 | learning rate: 5.000e-05 | training loss: 6.783e-01 | training energy RMSE (per atom):   20.8 meV | training energy MAE (per atom):   14.3 meV | training forces RMSE:  232.5 meV/A | training forces MAE: 137.87 meV/A | validation loss: 3.210e-02 | validation energy RMSE (per atom):   23.7 meV | validation energy MAE (per atom):   11.3 meV | validation forces RMSE:  199.0 meV/A | validation forces MAE: 121.94 meV/A
[2025-10-13 12:53:12][INFO] - Epoch:  111 | learning rate: 5.000e-05 | training loss: 6.138e-01 | training energy RMSE (per atom):   20.7 meV | training energy MAE (per atom):   15.3 meV | training forces RMSE:  221.0 meV/A | training forces MAE: 132.98 meV/A | validation loss: 2.755e-02 | validation energy RMSE (per atom):   18.6 meV | validation energy MAE (per atom):   12.6 meV | validation forces RMSE:  199.4 meV/A | validation forces MAE: 121.82 meV/A
[2025-10-13 12:53:51][INFO] - Epoch:  112 | learning rate: 5.000e-05 | training loss: 6.660e-01 | training energy RMSE (per atom):   23.2 meV | training energy MAE (per atom):   17.3 meV | training forces RMSE:  226.3 meV/A | training forces MAE: 134.94 meV/A | validation loss: 2.579e-02 | validation energy RMSE (per atom):   17.9 meV | validation energy MAE (per atom):   12.3 meV | validation forces RMSE:  191.2 meV/A | validation forces MAE: 116.37 meV/A
[2025-10-13 12:54:29][INFO] - Epoch:  113 | learning rate: 5.000e-05 | training loss: 5.773e-01 | training energy RMSE (per atom):   20.8 meV | training energy MAE (per atom):   15.5 meV | training forces RMSE:  212.2 meV/A | training forces MAE: 128.32 meV/A | validation loss: 3.652e-02 | validation energy RMSE (per atom):   23.5 meV | validation energy MAE (per atom):   19.0 meV | validation forces RMSE:  222.5 meV/A | validation forces MAE: 134.17 meV/A
[2025-10-13 12:55:07][INFO] - Epoch:  114 | learning rate: 5.000e-05 | training loss: 7.210e-01 | training energy RMSE (per atom):   26.6 meV | training energy MAE (per atom):   18.2 meV | training forces RMSE:  229.7 meV/A | training forces MAE: 140.31 meV/A | validation loss: 2.605e-02 | validation energy RMSE (per atom):   17.4 meV | validation energy MAE (per atom):    8.7 meV | validation forces RMSE:  193.2 meV/A | validation forces MAE: 117.19 meV/A
[2025-10-13 12:55:46][INFO] - Epoch:  115 | learning rate: 5.000e-05 | training loss: 5.404e-01 | training energy RMSE (per atom):   19.9 meV | training energy MAE (per atom):   15.0 meV | training forces RMSE:  205.7 meV/A | training forces MAE: 124.87 meV/A | validation loss: 3.780e-02 | validation energy RMSE (per atom):   31.2 meV | validation energy MAE (per atom):   28.2 meV | validation forces RMSE:  205.0 meV/A | validation forces MAE: 131.28 meV/A
[2025-10-13 12:56:23][INFO] - Epoch:  116 | learning rate: 5.000e-05 | training loss: 6.099e-01 | training energy RMSE (per atom):   24.0 meV | training energy MAE (per atom):   18.0 meV | training forces RMSE:  212.3 meV/A | training forces MAE: 129.35 meV/A | validation loss: 2.847e-02 | validation energy RMSE (per atom):   18.2 meV | validation energy MAE (per atom):    9.4 meV | validation forces RMSE:  199.2 meV/A | validation forces MAE: 124.77 meV/A
[2025-10-13 12:57:02][INFO] - Epoch:  117 | learning rate: 5.000e-05 | training loss: 6.183e-01 | training energy RMSE (per atom):   20.6 meV | training energy MAE (per atom):   15.1 meV | training forces RMSE:  221.6 meV/A | training forces MAE: 133.33 meV/A | validation loss: 3.002e-02 | validation energy RMSE (per atom):   20.3 meV | validation energy MAE (per atom):   14.9 meV | validation forces RMSE:  203.0 meV/A | validation forces MAE: 127.40 meV/A
[2025-10-13 12:57:40][INFO] - Epoch:  118 | learning rate: 5.000e-05 | training loss: 5.766e-01 | training energy RMSE (per atom):   22.0 meV | training energy MAE (per atom):   16.1 meV | training forces RMSE:  210.2 meV/A | training forces MAE: 128.02 meV/A | validation loss: 2.529e-02 | validation energy RMSE (per atom):   17.4 meV | validation energy MAE (per atom):   10.1 meV | validation forces RMSE:  188.6 meV/A | validation forces MAE: 114.04 meV/A
[2025-10-13 12:58:18][INFO] - Epoch:  119 | learning rate: 5.000e-05 | training loss: 5.240e-01 | training energy RMSE (per atom):   20.5 meV | training energy MAE (per atom):   15.3 meV | training forces RMSE:  200.1 meV/A | training forces MAE: 121.38 meV/A | validation loss: 2.746e-02 | validation energy RMSE (per atom):   19.2 meV | validation energy MAE (per atom):   10.1 meV | validation forces RMSE:  191.7 meV/A | validation forces MAE: 119.98 meV/A
[2025-10-13 12:58:57][INFO] - Epoch:  120 | learning rate: 5.000e-05 | training loss: 5.866e-01 | training energy RMSE (per atom):   20.6 meV | training energy MAE (per atom):   14.8 meV | training forces RMSE:  214.3 meV/A | training forces MAE: 129.38 meV/A | validation loss: 3.532e-02 | validation energy RMSE (per atom):   22.9 meV | validation energy MAE (per atom):   11.7 meV | validation forces RMSE:  222.6 meV/A | validation forces MAE: 131.27 meV/A
[2025-10-13 12:59:34][INFO] - Epoch:  121 | learning rate: 5.000e-05 | training loss: 6.087e-01 | training energy RMSE (per atom):   20.5 meV | training energy MAE (per atom):   14.8 meV | training forces RMSE:  220.0 meV/A | training forces MAE: 131.40 meV/A | validation loss: 2.632e-02 | validation energy RMSE (per atom):   20.1 meV | validation energy MAE (per atom):   13.7 meV | validation forces RMSE:  188.6 meV/A | validation forces MAE: 113.20 meV/A
[2025-10-13 13:00:12][INFO] - Epoch:  122 | learning rate: 5.000e-05 | training loss: 5.351e-01 | training energy RMSE (per atom):   20.4 meV | training energy MAE (per atom):   15.2 meV | training forces RMSE:  203.7 meV/A | training forces MAE: 123.12 meV/A | validation loss: 4.647e-02 | validation energy RMSE (per atom):   37.8 meV | validation energy MAE (per atom):   34.9 meV | validation forces RMSE:  213.4 meV/A | validation forces MAE: 141.15 meV/A
[2025-10-13 13:00:50][INFO] - Epoch:  123 | learning rate: 5.000e-05 | training loss: 5.804e-01 | training energy RMSE (per atom):   20.9 meV | training energy MAE (per atom):   15.5 meV | training forces RMSE:  212.8 meV/A | training forces MAE: 129.60 meV/A | validation loss: 2.577e-02 | validation energy RMSE (per atom):   17.2 meV | validation energy MAE (per atom):    9.0 meV | validation forces RMSE:  193.8 meV/A | validation forces MAE: 116.55 meV/A
[2025-10-13 13:01:29][INFO] - Epoch:  124 | learning rate: 5.000e-05 | training loss: 5.751e-01 | training energy RMSE (per atom):   21.9 meV | training energy MAE (per atom):   16.0 meV | training forces RMSE:  209.4 meV/A | training forces MAE: 125.46 meV/A | validation loss: 3.174e-02 | validation energy RMSE (per atom):   23.3 meV | validation energy MAE (per atom):   14.5 meV | validation forces RMSE:  203.2 meV/A | validation forces MAE: 127.79 meV/A
[2025-10-13 13:02:07][INFO] - Epoch:  125 | learning rate: 5.000e-05 | training loss: 4.996e-01 | training energy RMSE (per atom):   19.8 meV | training energy MAE (per atom):   14.5 meV | training forces RMSE:  196.6 meV/A | training forces MAE: 119.08 meV/A | validation loss: 2.892e-02 | validation energy RMSE (per atom):   21.0 meV | validation energy MAE (per atom):   12.2 meV | validation forces RMSE:  198.3 meV/A | validation forces MAE: 118.01 meV/A
[2025-10-13 13:02:45][INFO] - Epoch:  126 | learning rate: 5.000e-05 | training loss: 4.946e-01 | training energy RMSE (per atom):   18.2 meV | training energy MAE (per atom):   13.6 meV | training forces RMSE:  198.1 meV/A | training forces MAE: 119.30 meV/A | validation loss: 3.399e-02 | validation energy RMSE (per atom):   20.2 meV | validation energy MAE (per atom):   14.6 meV | validation forces RMSE:  217.1 meV/A | validation forces MAE: 143.39 meV/A
[2025-10-13 13:03:24][INFO] - Epoch:  127 | learning rate: 5.000e-05 | training loss: 6.292e-01 | training energy RMSE (per atom):   23.6 meV | training energy MAE (per atom):   17.7 meV | training forces RMSE:  218.0 meV/A | training forces MAE: 130.09 meV/A | validation loss: 4.075e-02 | validation energy RMSE (per atom):   33.4 meV | validation energy MAE (per atom):   26.4 meV | validation forces RMSE:  207.5 meV/A | validation forces MAE: 131.62 meV/A
[2025-10-13 13:04:02][INFO] - Epoch:  128 | learning rate: 5.000e-05 | training loss: 8.517e-01 | training energy RMSE (per atom):   32.8 meV | training energy MAE (per atom):   21.3 meV | training forces RMSE:  240.4 meV/A | training forces MAE: 138.67 meV/A | validation loss: 2.708e-02 | validation energy RMSE (per atom):   18.8 meV | validation energy MAE (per atom):   13.4 meV | validation forces RMSE:  196.8 meV/A | validation forces MAE: 124.72 meV/A
[2025-10-13 13:04:40][INFO] - Epoch:  129 | learning rate: 5.000e-05 | training loss: 4.881e-01 | training energy RMSE (per atom):   18.2 meV | training energy MAE (per atom):   13.0 meV | training forces RMSE:  197.8 meV/A | training forces MAE: 118.64 meV/A | validation loss: 5.991e-02 | validation energy RMSE (per atom):   36.2 meV | validation energy MAE (per atom):   33.3 meV | validation forces RMSE:  275.3 meV/A | validation forces MAE: 167.94 meV/A
[2025-10-13 13:05:18][INFO] - Epoch:  130 | learning rate: 5.000e-05 | training loss: 6.052e-01 | training energy RMSE (per atom):   19.8 meV | training energy MAE (per atom):   14.4 meV | training forces RMSE:  219.9 meV/A | training forces MAE: 126.61 meV/A | validation loss: 2.336e-02 | validation energy RMSE (per atom):   18.5 meV | validation energy MAE (per atom):   12.2 meV | validation forces RMSE:  177.8 meV/A | validation forces MAE: 107.00 meV/A
[2025-10-13 13:05:56][INFO] - Epoch:  131 | learning rate: 5.000e-05 | training loss: 4.893e-01 | training energy RMSE (per atom):   18.8 meV | training energy MAE (per atom):   14.1 meV | training forces RMSE:  195.8 meV/A | training forces MAE: 117.24 meV/A | validation loss: 2.459e-02 | validation energy RMSE (per atom):   17.1 meV | validation energy MAE (per atom):   10.0 meV | validation forces RMSE:  190.7 meV/A | validation forces MAE: 113.76 meV/A
[2025-10-13 13:06:34][INFO] - Epoch:  132 | learning rate: 5.000e-05 | training loss: 4.711e-01 | training energy RMSE (per atom):   17.1 meV | training energy MAE (per atom):   12.3 meV | training forces RMSE:  195.3 meV/A | training forces MAE: 116.66 meV/A | validation loss: 3.437e-02 | validation energy RMSE (per atom):   31.2 meV | validation energy MAE (per atom):   27.3 meV | validation forces RMSE:  189.9 meV/A | validation forces MAE: 117.40 meV/A
[2025-10-13 13:07:12][INFO] - Epoch:  133 | learning rate: 5.000e-05 | training loss: 5.392e-01 | training energy RMSE (per atom):   21.4 meV | training energy MAE (per atom):   16.1 meV | training forces RMSE:  202.6 meV/A | training forces MAE: 122.79 meV/A | validation loss: 4.182e-02 | validation energy RMSE (per atom):   32.7 meV | validation energy MAE (per atom):   29.2 meV | validation forces RMSE:  215.7 meV/A | validation forces MAE: 141.69 meV/A
[2025-10-13 13:07:50][INFO] - Epoch:  134 | learning rate: 5.000e-05 | training loss: 5.197e-01 | training energy RMSE (per atom):   19.5 meV | training energy MAE (per atom):   13.8 meV | training forces RMSE:  201.2 meV/A | training forces MAE: 120.23 meV/A | validation loss: 3.365e-02 | validation energy RMSE (per atom):   22.5 meV | validation energy MAE (per atom):   12.5 meV | validation forces RMSE:  215.4 meV/A | validation forces MAE: 132.96 meV/A
[2025-10-13 13:08:29][INFO] - Epoch:  135 | learning rate: 5.000e-05 | training loss: 4.966e-01 | training energy RMSE (per atom):   19.4 meV | training energy MAE (per atom):   14.2 meV | training forces RMSE:  196.4 meV/A | training forces MAE: 118.08 meV/A | validation loss: 2.377e-02 | validation energy RMSE (per atom):   19.7 meV | validation energy MAE (per atom):   11.7 meV | validation forces RMSE:  177.7 meV/A | validation forces MAE: 106.76 meV/A
[2025-10-13 13:09:07][INFO] - Epoch:  136 | learning rate: 5.000e-05 | training loss: 4.580e-01 | training energy RMSE (per atom):   18.0 meV | training energy MAE (per atom):   12.9 meV | training forces RMSE:  190.0 meV/A | training forces MAE: 114.17 meV/A | validation loss: 3.529e-02 | validation energy RMSE (per atom):   32.0 meV | validation energy MAE (per atom):   28.2 meV | validation forces RMSE:  198.6 meV/A | validation forces MAE: 117.21 meV/A
[2025-10-13 13:09:45][INFO] - Epoch:  137 | learning rate: 5.000e-05 | training loss: 5.454e-01 | training energy RMSE (per atom):   22.7 meV | training energy MAE (per atom):   17.0 meV | training forces RMSE:  201.2 meV/A | training forces MAE: 121.48 meV/A | validation loss: 2.461e-02 | validation energy RMSE (per atom):   19.5 meV | validation energy MAE (per atom):   13.8 meV | validation forces RMSE:  181.0 meV/A | validation forces MAE: 110.65 meV/A
[2025-10-13 13:10:24][INFO] - Epoch:  138 | learning rate: 5.000e-05 | training loss: 4.981e-01 | training energy RMSE (per atom):   18.5 meV | training energy MAE (per atom):   13.5 meV | training forces RMSE:  199.1 meV/A | training forces MAE: 118.36 meV/A | validation loss: 2.258e-02 | validation energy RMSE (per atom):   16.5 meV | validation energy MAE (per atom):    8.7 meV | validation forces RMSE:  180.0 meV/A | validation forces MAE: 105.79 meV/A
[2025-10-13 13:11:02][INFO] - Epoch:  139 | learning rate: 5.000e-05 | training loss: 4.368e-01 | training energy RMSE (per atom):   15.9 meV | training energy MAE (per atom):   11.2 meV | training forces RMSE:  188.4 meV/A | training forces MAE: 112.70 meV/A | validation loss: 2.456e-02 | validation energy RMSE (per atom):   17.1 meV | validation energy MAE (per atom):    8.9 meV | validation forces RMSE:  189.8 meV/A | validation forces MAE: 113.01 meV/A
[2025-10-13 13:11:40][INFO] - Epoch:  140 | learning rate: 5.000e-05 | training loss: 5.142e-01 | training energy RMSE (per atom):   22.4 meV | training energy MAE (per atom):   16.3 meV | training forces RMSE:  195.5 meV/A | training forces MAE: 117.60 meV/A | validation loss: 2.175e-02 | validation energy RMSE (per atom):   17.3 meV | validation energy MAE (per atom):   11.1 meV | validation forces RMSE:  172.6 meV/A | validation forces MAE: 104.94 meV/A
[2025-10-13 13:12:18][INFO] - Epoch:  141 | learning rate: 5.000e-05 | training loss: 4.413e-01 | training energy RMSE (per atom):   17.2 meV | training energy MAE (per atom):   12.9 meV | training forces RMSE:  187.6 meV/A | training forces MAE: 112.93 meV/A | validation loss: 2.287e-02 | validation energy RMSE (per atom):   20.1 meV | validation energy MAE (per atom):   12.8 meV | validation forces RMSE:  169.9 meV/A | validation forces MAE: 102.57 meV/A
[2025-10-13 13:12:56][INFO] - Epoch:  142 | learning rate: 5.000e-05 | training loss: 4.737e-01 | training energy RMSE (per atom):   19.1 meV | training energy MAE (per atom):   13.6 meV | training forces RMSE:  192.7 meV/A | training forces MAE: 114.62 meV/A | validation loss: 3.112e-02 | validation energy RMSE (per atom):   19.1 meV | validation energy MAE (per atom):   10.3 meV | validation forces RMSE:  219.4 meV/A | validation forces MAE: 123.58 meV/A
[2025-10-13 13:13:34][INFO] - Epoch:  143 | learning rate: 5.000e-05 | training loss: 5.708e-01 | training energy RMSE (per atom):   21.0 meV | training energy MAE (per atom):   15.1 meV | training forces RMSE:  209.8 meV/A | training forces MAE: 121.35 meV/A | validation loss: 3.317e-02 | validation energy RMSE (per atom):   18.8 meV | validation energy MAE (per atom):   11.7 meV | validation forces RMSE:  227.5 meV/A | validation forces MAE: 136.05 meV/A
[2025-10-13 13:14:12][INFO] - Epoch:  144 | learning rate: 5.000e-05 | training loss: 4.471e-01 | training energy RMSE (per atom):   17.2 meV | training energy MAE (per atom):   12.5 meV | training forces RMSE:  189.5 meV/A | training forces MAE: 113.52 meV/A | validation loss: 2.100e-02 | validation energy RMSE (per atom):   16.6 meV | validation energy MAE (per atom):    7.6 meV | validation forces RMSE:  169.7 meV/A | validation forces MAE: 102.75 meV/A
[2025-10-13 13:14:50][INFO] - Epoch:  145 | learning rate: 5.000e-05 | training loss: 4.136e-01 | training energy RMSE (per atom):   16.6 meV | training energy MAE (per atom):   12.0 meV | training forces RMSE:  181.9 meV/A | training forces MAE: 108.45 meV/A | validation loss: 2.657e-02 | validation energy RMSE (per atom):   17.7 meV | validation energy MAE (per atom):   10.3 meV | validation forces RMSE:  196.9 meV/A | validation forces MAE: 120.09 meV/A
[2025-10-13 13:15:28][INFO] - Epoch:  146 | learning rate: 5.000e-05 | training loss: 4.437e-01 | training energy RMSE (per atom):   17.8 meV | training energy MAE (per atom):   13.2 meV | training forces RMSE:  188.1 meV/A | training forces MAE: 115.03 meV/A | validation loss: 2.383e-02 | validation energy RMSE (per atom):   22.0 meV | validation energy MAE (per atom):   14.9 meV | validation forces RMSE:  170.2 meV/A | validation forces MAE: 101.78 meV/A
[2025-10-13 13:16:06][INFO] - Epoch:  147 | learning rate: 5.000e-05 | training loss: 4.815e-01 | training energy RMSE (per atom):   17.3 meV | training energy MAE (per atom):   12.3 meV | training forces RMSE:  197.5 meV/A | training forces MAE: 117.03 meV/A | validation loss: 2.379e-02 | validation energy RMSE (per atom):   18.3 meV | validation energy MAE (per atom):   10.4 meV | validation forces RMSE:  180.0 meV/A | validation forces MAE: 107.30 meV/A
[2025-10-13 13:16:44][INFO] - Epoch:  148 | learning rate: 5.000e-05 | training loss: 4.596e-01 | training energy RMSE (per atom):   19.2 meV | training energy MAE (per atom):   14.5 meV | training forces RMSE:  187.9 meV/A | training forces MAE: 114.92 meV/A | validation loss: 2.390e-02 | validation energy RMSE (per atom):   20.2 meV | validation energy MAE (per atom):   13.5 meV | validation forces RMSE:  176.2 meV/A | validation forces MAE: 106.06 meV/A
[2025-10-13 13:17:21][INFO] - Epoch:  149 | learning rate: 5.000e-05 | training loss: 4.046e-01 | training energy RMSE (per atom):   18.4 meV | training energy MAE (per atom):   13.7 meV | training forces RMSE:  176.9 meV/A | training forces MAE: 106.36 meV/A | validation loss: 2.716e-02 | validation energy RMSE (per atom):   23.8 meV | validation energy MAE (per atom):   19.9 meV | validation forces RMSE:  181.8 meV/A | validation forces MAE: 116.40 meV/A
[2025-10-13 13:17:59][INFO] - Epoch:  150 | learning rate: 5.000e-05 | training loss: 4.849e-01 | training energy RMSE (per atom):   21.8 meV | training energy MAE (per atom):   16.1 meV | training forces RMSE:  189.4 meV/A | training forces MAE: 113.94 meV/A | validation loss: 3.793e-02 | validation energy RMSE (per atom):   21.8 meV | validation energy MAE (per atom):   14.1 meV | validation forces RMSE:  229.7 meV/A | validation forces MAE: 145.56 meV/A
[2025-10-13 13:18:38][INFO] - Epoch:  151 | learning rate: 5.000e-05 | training loss: 4.431e-01 | training energy RMSE (per atom):   20.8 meV | training energy MAE (per atom):   15.7 meV | training forces RMSE:  180.2 meV/A | training forces MAE: 108.46 meV/A | validation loss: 2.074e-02 | validation energy RMSE (per atom):   16.3 meV | validation energy MAE (per atom):    7.9 meV | validation forces RMSE:  168.9 meV/A | validation forces MAE: 103.52 meV/A
[2025-10-13 13:19:16][INFO] - Epoch:  152 | learning rate: 5.000e-05 | training loss: 4.400e-01 | training energy RMSE (per atom):   18.6 meV | training energy MAE (per atom):   13.5 meV | training forces RMSE:  184.8 meV/A | training forces MAE: 111.22 meV/A | validation loss: 2.119e-02 | validation energy RMSE (per atom):   17.3 meV | validation energy MAE (per atom):   11.0 meV | validation forces RMSE:  169.8 meV/A | validation forces MAE: 103.44 meV/A
[2025-10-13 13:19:53][INFO] - Epoch:  153 | learning rate: 5.000e-05 | training loss: 4.078e-01 | training energy RMSE (per atom):   16.3 meV | training energy MAE (per atom):   11.6 meV | training forces RMSE:  181.3 meV/A | training forces MAE: 107.66 meV/A | validation loss: 2.435e-02 | validation energy RMSE (per atom):   21.9 meV | validation energy MAE (per atom):   15.4 meV | validation forces RMSE:  172.0 meV/A | validation forces MAE: 104.66 meV/A
[2025-10-13 13:20:32][INFO] - Epoch:  154 | learning rate: 5.000e-05 | training loss: 4.143e-01 | training energy RMSE (per atom):   16.9 meV | training energy MAE (per atom):   12.0 meV | training forces RMSE:  180.8 meV/A | training forces MAE: 108.45 meV/A | validation loss: 2.896e-02 | validation energy RMSE (per atom):   25.1 meV | validation energy MAE (per atom):   21.0 meV | validation forces RMSE:  194.0 meV/A | validation forces MAE: 111.31 meV/A
[2025-10-13 13:21:10][INFO] - Epoch:  155 | learning rate: 5.000e-05 | training loss: 4.581e-01 | training energy RMSE (per atom):   17.4 meV | training energy MAE (per atom):   12.5 meV | training forces RMSE:  190.8 meV/A | training forces MAE: 116.07 meV/A | validation loss: 2.656e-02 | validation energy RMSE (per atom):   17.9 meV | validation energy MAE (per atom):   10.0 meV | validation forces RMSE:  192.7 meV/A | validation forces MAE: 124.51 meV/A
[2025-10-13 13:21:48][INFO] - Epoch:  156 | learning rate: 5.000e-05 | training loss: 4.644e-01 | training energy RMSE (per atom):   19.4 meV | training energy MAE (per atom):   14.3 meV | training forces RMSE:  190.5 meV/A | training forces MAE: 112.63 meV/A | validation loss: 2.494e-02 | validation energy RMSE (per atom):   17.3 meV | validation energy MAE (per atom):   10.5 meV | validation forces RMSE:  196.6 meV/A | validation forces MAE: 108.53 meV/A
[2025-10-13 13:22:27][INFO] - Epoch:  157 | learning rate: 5.000e-05 | training loss: 3.802e-01 | training energy RMSE (per atom):   16.8 meV | training energy MAE (per atom):   12.6 meV | training forces RMSE:  173.3 meV/A | training forces MAE: 103.27 meV/A | validation loss: 2.016e-02 | validation energy RMSE (per atom):   16.6 meV | validation energy MAE (per atom):    9.6 meV | validation forces RMSE:  167.1 meV/A | validation forces MAE:  98.40 meV/A
[2025-10-13 13:23:04][INFO] - Epoch:  158 | learning rate: 5.000e-05 | training loss: 4.990e-01 | training energy RMSE (per atom):   18.2 meV | training energy MAE (per atom):   13.3 meV | training forces RMSE:  199.2 meV/A | training forces MAE: 114.57 meV/A | validation loss: 2.502e-02 | validation energy RMSE (per atom):   17.8 meV | validation energy MAE (per atom):   10.1 meV | validation forces RMSE:  191.4 meV/A | validation forces MAE: 116.28 meV/A
[2025-10-13 13:23:42][INFO] - Epoch:  159 | learning rate: 5.000e-05 | training loss: 3.784e-01 | training energy RMSE (per atom):   17.0 meV | training energy MAE (per atom):   12.1 meV | training forces RMSE:  172.1 meV/A | training forces MAE: 102.71 meV/A | validation loss: 2.153e-02 | validation energy RMSE (per atom):   19.1 meV | validation energy MAE (per atom):    9.1 meV | validation forces RMSE:  165.4 meV/A | validation forces MAE:  98.43 meV/A
[2025-10-13 13:24:20][INFO] - Epoch:  160 | learning rate: 5.000e-05 | training loss: 4.245e-01 | training energy RMSE (per atom):   18.3 meV | training energy MAE (per atom):   13.3 meV | training forces RMSE:  181.2 meV/A | training forces MAE: 108.25 meV/A | validation loss: 2.387e-02 | validation energy RMSE (per atom):   22.1 meV | validation energy MAE (per atom):   15.1 meV | validation forces RMSE:  168.7 meV/A | validation forces MAE: 102.93 meV/A
[2025-10-13 13:24:58][INFO] - Epoch:  161 | learning rate: 5.000e-05 | training loss: 4.123e-01 | training energy RMSE (per atom):   19.1 meV | training energy MAE (per atom):   14.6 meV | training forces RMSE:  176.9 meV/A | training forces MAE: 104.68 meV/A | validation loss: 1.902e-02 | validation energy RMSE (per atom):   16.4 meV | validation energy MAE (per atom):    8.9 meV | validation forces RMSE:  160.0 meV/A | validation forces MAE:  97.48 meV/A
[2025-10-13 13:25:36][INFO] - Epoch:  162 | learning rate: 5.000e-05 | training loss: 3.717e-01 | training energy RMSE (per atom):   15.5 meV | training energy MAE (per atom):   11.2 meV | training forces RMSE:  173.2 meV/A | training forces MAE: 102.57 meV/A | validation loss: 2.395e-02 | validation energy RMSE (per atom):   25.0 meV | validation energy MAE (per atom):   21.4 meV | validation forces RMSE:  164.2 meV/A | validation forces MAE:  95.37 meV/A
[2025-10-13 13:26:14][INFO] - Epoch:  163 | learning rate: 5.000e-05 | training loss: 4.792e-01 | training energy RMSE (per atom):   22.3 meV | training energy MAE (per atom):   16.7 meV | training forces RMSE:  187.9 meV/A | training forces MAE: 111.68 meV/A | validation loss: 3.406e-02 | validation energy RMSE (per atom):   24.1 meV | validation energy MAE (per atom):   18.0 meV | validation forces RMSE:  211.6 meV/A | validation forces MAE: 127.80 meV/A
[2025-10-13 13:26:52][INFO] - Epoch:  164 | learning rate: 5.000e-05 | training loss: 5.168e-01 | training energy RMSE (per atom):   18.8 meV | training energy MAE (per atom):   13.4 meV | training forces RMSE:  201.9 meV/A | training forces MAE: 122.11 meV/A | validation loss: 1.858e-02 | validation energy RMSE (per atom):   15.9 meV | validation energy MAE (per atom):    7.4 meV | validation forces RMSE:  159.7 meV/A | validation forces MAE:  93.92 meV/A
[2025-10-13 13:27:30][INFO] - Epoch:  165 | learning rate: 5.000e-05 | training loss: 4.450e-01 | training energy RMSE (per atom):   15.0 meV | training energy MAE (per atom):   10.7 meV | training forces RMSE:  190.5 meV/A | training forces MAE: 107.57 meV/A | validation loss: 2.074e-02 | validation energy RMSE (per atom):   19.9 meV | validation energy MAE (per atom):   14.8 meV | validation forces RMSE:  162.7 meV/A | validation forces MAE:  94.33 meV/A
[2025-10-13 13:28:07][INFO] - Epoch:  166 | learning rate: 5.000e-05 | training loss: 3.703e-01 | training energy RMSE (per atom):   16.1 meV | training energy MAE (per atom):   11.7 meV | training forces RMSE:  171.1 meV/A | training forces MAE: 100.29 meV/A | validation loss: 2.159e-02 | validation energy RMSE (per atom):   22.1 meV | validation energy MAE (per atom):   15.0 meV | validation forces RMSE:  158.3 meV/A | validation forces MAE:  93.55 meV/A
[2025-10-13 13:28:45][INFO] - Epoch:  167 | learning rate: 5.000e-05 | training loss: 3.438e-01 | training energy RMSE (per atom):   15.3 meV | training energy MAE (per atom):   11.2 meV | training forces RMSE:  165.5 meV/A | training forces MAE:  98.62 meV/A | validation loss: 2.064e-02 | validation energy RMSE (per atom):   19.3 meV | validation energy MAE (per atom):   14.7 meV | validation forces RMSE:  166.2 meV/A | validation forces MAE:  96.28 meV/A
[2025-10-13 13:29:22][INFO] - Epoch:  168 | learning rate: 5.000e-05 | training loss: 3.822e-01 | training energy RMSE (per atom):   17.4 meV | training energy MAE (per atom):   12.2 meV | training forces RMSE:  171.1 meV/A | training forces MAE: 102.92 meV/A | validation loss: 2.209e-02 | validation energy RMSE (per atom):   21.4 meV | validation energy MAE (per atom):   14.3 meV | validation forces RMSE:  162.6 meV/A | validation forces MAE:  98.72 meV/A
[2025-10-13 13:30:00][INFO] - Epoch:  169 | learning rate: 5.000e-05 | training loss: 4.246e-01 | training energy RMSE (per atom):   17.0 meV | training energy MAE (per atom):   12.2 meV | training forces RMSE:  184.9 meV/A | training forces MAE: 108.50 meV/A | validation loss: 2.165e-02 | validation energy RMSE (per atom):   15.6 meV | validation energy MAE (per atom):    7.1 meV | validation forces RMSE:  174.3 meV/A | validation forces MAE: 111.91 meV/A
[2025-10-13 13:30:37][INFO] - Epoch:  170 | learning rate: 5.000e-05 | training loss: 3.645e-01 | training energy RMSE (per atom):   16.4 meV | training energy MAE (per atom):   12.3 meV | training forces RMSE:  169.0 meV/A | training forces MAE: 100.37 meV/A | validation loss: 2.601e-02 | validation energy RMSE (per atom):   23.6 meV | validation energy MAE (per atom):   19.0 meV | validation forces RMSE:  180.3 meV/A | validation forces MAE: 105.99 meV/A
[2025-10-13 13:31:16][INFO] - Epoch:  171 | learning rate: 5.000e-05 | training loss: 3.316e-01 | training energy RMSE (per atom):   15.3 meV | training energy MAE (per atom):   11.1 meV | training forces RMSE:  162.8 meV/A | training forces MAE:  95.88 meV/A | validation loss: 1.902e-02 | validation energy RMSE (per atom):   16.0 meV | validation energy MAE (per atom):    6.6 meV | validation forces RMSE:  164.3 meV/A | validation forces MAE:  95.06 meV/A
[2025-10-13 13:31:54][INFO] - Epoch:  172 | learning rate: 5.000e-05 | training loss: 4.327e-01 | training energy RMSE (per atom):   20.6 meV | training energy MAE (per atom):   15.2 meV | training forces RMSE:  177.3 meV/A | training forces MAE: 105.74 meV/A | validation loss: 2.424e-02 | validation energy RMSE (per atom):   17.9 meV | validation energy MAE (per atom):   10.4 meV | validation forces RMSE:  190.9 meV/A | validation forces MAE: 109.08 meV/A
[2025-10-13 13:32:32][INFO] - Epoch:  173 | learning rate: 5.000e-05 | training loss: 3.821e-01 | training energy RMSE (per atom):   15.9 meV | training energy MAE (per atom):   11.6 meV | training forces RMSE:  175.0 meV/A | training forces MAE: 103.12 meV/A | validation loss: 2.482e-02 | validation energy RMSE (per atom):   19.5 meV | validation energy MAE (per atom):   11.7 meV | validation forces RMSE:  181.3 meV/A | validation forces MAE: 116.79 meV/A
[2025-10-13 13:33:10][INFO] - Epoch:  174 | learning rate: 5.000e-05 | training loss: 3.511e-01 | training energy RMSE (per atom):   15.6 meV | training energy MAE (per atom):   11.3 meV | training forces RMSE:  166.9 meV/A | training forces MAE:  99.41 meV/A | validation loss: 1.868e-02 | validation energy RMSE (per atom):   15.9 meV | validation energy MAE (per atom):    7.0 meV | validation forces RMSE:  163.0 meV/A | validation forces MAE:  92.47 meV/A
[2025-10-13 13:33:48][INFO] - Epoch:  175 | learning rate: 5.000e-05 | training loss: 3.688e-01 | training energy RMSE (per atom):   17.4 meV | training energy MAE (per atom):   12.7 meV | training forces RMSE:  169.3 meV/A | training forces MAE:  99.83 meV/A | validation loss: 1.949e-02 | validation energy RMSE (per atom):   19.0 meV | validation energy MAE (per atom):   12.2 meV | validation forces RMSE:  155.9 meV/A | validation forces MAE:  92.14 meV/A
[2025-10-13 13:34:26][INFO] - Epoch:  176 | learning rate: 5.000e-05 | training loss: 3.295e-01 | training energy RMSE (per atom):   14.8 meV | training energy MAE (per atom):   10.9 meV | training forces RMSE:  161.8 meV/A | training forces MAE:  96.48 meV/A | validation loss: 1.875e-02 | validation energy RMSE (per atom):   16.8 meV | validation energy MAE (per atom):    7.3 meV | validation forces RMSE:  156.7 meV/A | validation forces MAE:  93.02 meV/A
[2025-10-13 13:35:04][INFO] - Epoch:  177 | learning rate: 5.000e-05 | training loss: 3.736e-01 | training energy RMSE (per atom):   18.5 meV | training energy MAE (per atom):   14.2 meV | training forces RMSE:  168.0 meV/A | training forces MAE:  99.06 meV/A | validation loss: 2.359e-02 | validation energy RMSE (per atom):   18.3 meV | validation energy MAE (per atom):   10.1 meV | validation forces RMSE:  179.0 meV/A | validation forces MAE: 108.63 meV/A
[2025-10-13 13:35:41][INFO] - Epoch:  178 | learning rate: 5.000e-05 | training loss: 4.044e-01 | training energy RMSE (per atom):   16.2 meV | training energy MAE (per atom):   11.8 meV | training forces RMSE:  181.0 meV/A | training forces MAE: 106.69 meV/A | validation loss: 2.393e-02 | validation energy RMSE (per atom):   22.1 meV | validation energy MAE (per atom):   16.1 meV | validation forces RMSE:  172.0 meV/A | validation forces MAE: 103.57 meV/A
[2025-10-13 13:36:19][INFO] - Epoch:  179 | learning rate: 5.000e-05 | training loss: 4.027e-01 | training energy RMSE (per atom):   18.8 meV | training energy MAE (per atom):   14.0 meV | training forces RMSE:  173.5 meV/A | training forces MAE: 103.37 meV/A | validation loss: 2.332e-02 | validation energy RMSE (per atom):   25.2 meV | validation energy MAE (per atom):   19.7 meV | validation forces RMSE:  158.6 meV/A | validation forces MAE:  90.99 meV/A
[2025-10-13 13:36:57][INFO] - Epoch:  180 | learning rate: 5.000e-05 | training loss: 3.527e-01 | training energy RMSE (per atom):   17.1 meV | training energy MAE (per atom):   12.7 meV | training forces RMSE:  164.5 meV/A | training forces MAE:  97.36 meV/A | validation loss: 1.853e-02 | validation energy RMSE (per atom):   18.6 meV | validation energy MAE (per atom):   12.4 meV | validation forces RMSE:  152.7 meV/A | validation forces MAE:  89.33 meV/A
[2025-10-13 13:37:35][INFO] - Epoch:  181 | learning rate: 5.000e-05 | training loss: 3.613e-01 | training energy RMSE (per atom):   15.1 meV | training energy MAE (per atom):   11.0 meV | training forces RMSE:  170.9 meV/A | training forces MAE: 100.57 meV/A | validation loss: 1.905e-02 | validation energy RMSE (per atom):   18.4 meV | validation energy MAE (per atom):   10.8 meV | validation forces RMSE:  157.9 meV/A | validation forces MAE:  93.85 meV/A
[2025-10-13 13:38:13][INFO] - Epoch:  182 | learning rate: 5.000e-05 | training loss: 3.149e-01 | training energy RMSE (per atom):   14.9 meV | training energy MAE (per atom):   11.0 meV | training forces RMSE:  158.1 meV/A | training forces MAE:  93.80 meV/A | validation loss: 1.700e-02 | validation energy RMSE (per atom):   15.2 meV | validation energy MAE (per atom):    6.6 meV | validation forces RMSE:  153.9 meV/A | validation forces MAE:  89.17 meV/A
[2025-10-13 13:38:51][INFO] - Epoch:  183 | learning rate: 5.000e-05 | training loss: 3.128e-01 | training energy RMSE (per atom):   14.1 meV | training energy MAE (per atom):   10.2 meV | training forces RMSE:  158.6 meV/A | training forces MAE:  94.12 meV/A | validation loss: 1.776e-02 | validation energy RMSE (per atom):   16.3 meV | validation energy MAE (per atom):    6.9 meV | validation forces RMSE:  155.6 meV/A | validation forces MAE:  89.09 meV/A
[2025-10-13 13:39:29][INFO] - Epoch:  184 | learning rate: 5.000e-05 | training loss: 3.425e-01 | training energy RMSE (per atom):   17.3 meV | training energy MAE (per atom):   12.4 meV | training forces RMSE:  161.1 meV/A | training forces MAE:  96.14 meV/A | validation loss: 1.758e-02 | validation energy RMSE (per atom):   15.7 meV | validation energy MAE (per atom):    6.2 meV | validation forces RMSE:  155.2 meV/A | validation forces MAE:  91.17 meV/A
[2025-10-13 13:40:07][INFO] - Epoch:  185 | learning rate: 5.000e-05 | training loss: 3.385e-01 | training energy RMSE (per atom):   16.1 meV | training energy MAE (per atom):   12.2 meV | training forces RMSE:  162.8 meV/A | training forces MAE:  97.19 meV/A | validation loss: 2.315e-02 | validation energy RMSE (per atom):   21.5 meV | validation energy MAE (per atom):   14.4 meV | validation forces RMSE:  166.5 meV/A | validation forces MAE:  97.78 meV/A
[2025-10-13 13:40:44][INFO] - Epoch:  186 | learning rate: 5.000e-05 | training loss: 3.107e-01 | training energy RMSE (per atom):   13.8 meV | training energy MAE (per atom):   10.5 meV | training forces RMSE:  159.1 meV/A | training forces MAE:  95.12 meV/A | validation loss: 2.111e-02 | validation energy RMSE (per atom):   23.8 meV | validation energy MAE (per atom):   17.3 meV | validation forces RMSE:  149.1 meV/A | validation forces MAE:  87.41 meV/A
[2025-10-13 13:41:22][INFO] - Epoch:  187 | learning rate: 5.000e-05 | training loss: 4.398e-01 | training energy RMSE (per atom):   19.6 meV | training energy MAE (per atom):   14.9 meV | training forces RMSE:  183.5 meV/A | training forces MAE: 107.46 meV/A | validation loss: 1.983e-02 | validation energy RMSE (per atom):   18.9 meV | validation energy MAE (per atom):   11.4 meV | validation forces RMSE:  159.3 meV/A | validation forces MAE:  91.62 meV/A
[2025-10-13 13:41:59][INFO] - Epoch:  188 | learning rate: 5.000e-05 | training loss: 3.872e-01 | training energy RMSE (per atom):   19.4 meV | training energy MAE (per atom):   15.4 meV | training forces RMSE:  168.5 meV/A | training forces MAE: 100.65 meV/A | validation loss: 2.517e-02 | validation energy RMSE (per atom):   27.2 meV | validation energy MAE (per atom):   24.5 meV | validation forces RMSE:  167.8 meV/A | validation forces MAE:  95.41 meV/A
[2025-10-13 13:42:37][INFO] - Epoch:  189 | learning rate: 5.000e-05 | training loss: 3.095e-01 | training energy RMSE (per atom):   15.0 meV | training energy MAE (per atom):   11.1 meV | training forces RMSE:  156.4 meV/A | training forces MAE:  92.36 meV/A | validation loss: 1.779e-02 | validation energy RMSE (per atom):   15.8 meV | validation energy MAE (per atom):    7.6 meV | validation forces RMSE:  156.0 meV/A | validation forces MAE:  91.86 meV/A
[2025-10-13 13:43:15][INFO] - Epoch:  190 | learning rate: 5.000e-05 | training loss: 2.785e-01 | training energy RMSE (per atom):   12.1 meV | training energy MAE (per atom):    8.7 meV | training forces RMSE:  152.6 meV/A | training forces MAE:  89.47 meV/A | validation loss: 1.751e-02 | validation energy RMSE (per atom):   19.0 meV | validation energy MAE (per atom):   13.6 meV | validation forces RMSE:  149.4 meV/A | validation forces MAE:  86.21 meV/A
[2025-10-13 13:43:53][INFO] - Epoch:  191 | learning rate: 5.000e-05 | training loss: 3.740e-01 | training energy RMSE (per atom):   18.2 meV | training energy MAE (per atom):   13.2 meV | training forces RMSE:  168.8 meV/A | training forces MAE:  98.31 meV/A | validation loss: 2.085e-02 | validation energy RMSE (per atom):   21.9 meV | validation energy MAE (per atom):   14.6 meV | validation forces RMSE:  155.6 meV/A | validation forces MAE:  91.24 meV/A
[2025-10-13 13:44:31][INFO] - Epoch:  192 | learning rate: 5.000e-05 | training loss: 2.838e-01 | training energy RMSE (per atom):   12.8 meV | training energy MAE (per atom):    9.3 meV | training forces RMSE:  153.7 meV/A | training forces MAE:  90.89 meV/A | validation loss: 2.141e-02 | validation energy RMSE (per atom):   24.2 meV | validation energy MAE (per atom):   18.3 meV | validation forces RMSE:  150.5 meV/A | validation forces MAE:  86.98 meV/A
[2025-10-13 13:45:10][INFO] - Epoch:  193 | learning rate: 5.000e-05 | training loss: 2.992e-01 | training energy RMSE (per atom):   13.4 meV | training energy MAE (per atom):   10.1 meV | training forces RMSE:  156.0 meV/A | training forces MAE:  92.75 meV/A | validation loss: 1.688e-02 | validation energy RMSE (per atom):   15.6 meV | validation energy MAE (per atom):    5.8 meV | validation forces RMSE:  152.1 meV/A | validation forces MAE:  86.54 meV/A
[2025-10-13 13:45:48][INFO] - Epoch:  194 | learning rate: 5.000e-05 | training loss: 3.293e-01 | training energy RMSE (per atom):   16.4 meV | training energy MAE (per atom):   12.0 meV | training forces RMSE:  159.5 meV/A | training forces MAE:  95.35 meV/A | validation loss: 1.855e-02 | validation energy RMSE (per atom):   17.1 meV | validation energy MAE (per atom):    8.4 meV | validation forces RMSE:  156.7 meV/A | validation forces MAE:  92.22 meV/A
[2025-10-13 13:46:26][INFO] - Epoch:  195 | learning rate: 5.000e-05 | training loss: 3.594e-01 | training energy RMSE (per atom):   17.5 meV | training energy MAE (per atom):   12.8 meV | training forces RMSE:  165.5 meV/A | training forces MAE:  98.29 meV/A | validation loss: 2.643e-02 | validation energy RMSE (per atom):   26.8 meV | validation energy MAE (per atom):   15.9 meV | validation forces RMSE:  165.8 meV/A | validation forces MAE: 103.72 meV/A
[2025-10-13 13:47:04][INFO] - Epoch:  196 | learning rate: 5.000e-05 | training loss: 3.362e-01 | training energy RMSE (per atom):   18.0 meV | training energy MAE (per atom):   12.8 meV | training forces RMSE:  158.0 meV/A | training forces MAE:  93.00 meV/A | validation loss: 1.647e-02 | validation energy RMSE (per atom):   16.7 meV | validation energy MAE (per atom):    9.9 meV | validation forces RMSE:  145.9 meV/A | validation forces MAE:  85.17 meV/A
[2025-10-13 13:47:42][INFO] - Epoch:  197 | learning rate: 5.000e-05 | training loss: 3.142e-01 | training energy RMSE (per atom):   14.7 meV | training energy MAE (per atom):   10.6 meV | training forces RMSE:  159.1 meV/A | training forces MAE:  94.69 meV/A | validation loss: 1.821e-02 | validation energy RMSE (per atom):   16.5 meV | validation energy MAE (per atom):    7.3 meV | validation forces RMSE:  155.2 meV/A | validation forces MAE:  93.82 meV/A
[2025-10-13 13:48:21][INFO] - Epoch:  198 | learning rate: 5.000e-05 | training loss: 3.062e-01 | training energy RMSE (per atom):   15.8 meV | training energy MAE (per atom):   11.6 meV | training forces RMSE:  154.3 meV/A | training forces MAE:  91.83 meV/A | validation loss: 1.957e-02 | validation energy RMSE (per atom):   21.8 meV | validation energy MAE (per atom):   14.7 meV | validation forces RMSE:  148.6 meV/A | validation forces MAE:  85.28 meV/A
[2025-10-13 13:48:59][INFO] - Epoch:  199 | learning rate: 5.000e-05 | training loss: 3.678e-01 | training energy RMSE (per atom):   16.5 meV | training energy MAE (per atom):   12.9 meV | training forces RMSE:  171.4 meV/A | training forces MAE: 103.12 meV/A | validation loss: 1.704e-02 | validation energy RMSE (per atom):   16.3 meV | validation energy MAE (per atom):    8.6 meV | validation forces RMSE:  152.1 meV/A | validation forces MAE:  87.22 meV/A
[2025-10-13 13:49:37][INFO] - Epoch:  200 | learning rate: 5.000e-05 | training loss: 3.047e-01 | training energy RMSE (per atom):   15.0 meV | training energy MAE (per atom):   11.3 meV | training forces RMSE:  154.8 meV/A | training forces MAE:  92.20 meV/A | validation loss: 1.629e-02 | validation energy RMSE (per atom):   15.8 meV | validation energy MAE (per atom):    6.8 meV | validation forces RMSE:  146.3 meV/A | validation forces MAE:  86.08 meV/A
[2025-10-13 13:50:15][INFO] - Epoch:  201 | learning rate: 5.000e-05 | training loss: 2.848e-01 | training energy RMSE (per atom):   13.0 meV | training energy MAE (per atom):    9.6 meV | training forces RMSE:  152.4 meV/A | training forces MAE:  89.06 meV/A | validation loss: 2.172e-02 | validation energy RMSE (per atom):   20.0 meV | validation energy MAE (per atom):   13.0 meV | validation forces RMSE:  171.9 meV/A | validation forces MAE:  93.97 meV/A
[2025-10-13 13:50:53][INFO] - Epoch:  202 | learning rate: 5.000e-05 | training loss: 3.196e-01 | training energy RMSE (per atom):   14.4 meV | training energy MAE (per atom):   10.4 meV | training forces RMSE:  162.1 meV/A | training forces MAE:  96.99 meV/A | validation loss: 1.886e-02 | validation energy RMSE (per atom):   18.9 meV | validation energy MAE (per atom):   12.5 meV | validation forces RMSE:  155.5 meV/A | validation forces MAE:  90.84 meV/A
[2025-10-13 13:51:31][INFO] - Epoch:  203 | learning rate: 5.000e-05 | training loss: 3.101e-01 | training energy RMSE (per atom):   15.4 meV | training energy MAE (per atom):   11.2 meV | training forces RMSE:  155.8 meV/A | training forces MAE:  93.02 meV/A | validation loss: 1.697e-02 | validation energy RMSE (per atom):   16.9 meV | validation energy MAE (per atom):    7.8 meV | validation forces RMSE:  147.2 meV/A | validation forces MAE:  84.04 meV/A
[2025-10-13 13:52:09][INFO] - Epoch:  204 | learning rate: 5.000e-05 | training loss: 2.873e-01 | training energy RMSE (per atom):   14.6 meV | training energy MAE (per atom):   10.7 meV | training forces RMSE:  150.6 meV/A | training forces MAE:  89.12 meV/A | validation loss: 1.958e-02 | validation energy RMSE (per atom):   18.8 meV | validation energy MAE (per atom):   13.5 meV | validation forces RMSE:  162.0 meV/A | validation forces MAE:  91.64 meV/A
[2025-10-13 13:52:47][INFO] - Epoch:  205 | learning rate: 5.000e-05 | training loss: 3.036e-01 | training energy RMSE (per atom):   14.7 meV | training energy MAE (per atom):   10.8 meV | training forces RMSE:  155.3 meV/A | training forces MAE:  92.99 meV/A | validation loss: 1.778e-02 | validation energy RMSE (per atom):   18.2 meV | validation energy MAE (per atom):    8.7 meV | validation forces RMSE:  149.8 meV/A | validation forces MAE:  86.03 meV/A
[2025-10-13 13:53:25][INFO] - Epoch:  206 | learning rate: 5.000e-05 | training loss: 3.297e-01 | training energy RMSE (per atom):   15.6 meV | training energy MAE (per atom):   11.3 meV | training forces RMSE:  161.0 meV/A | training forces MAE:  95.30 meV/A | validation loss: 2.164e-02 | validation energy RMSE (per atom):   20.4 meV | validation energy MAE (per atom):   14.1 meV | validation forces RMSE:  166.3 meV/A | validation forces MAE: 100.20 meV/A
[2025-10-13 13:54:03][INFO] - Epoch:  207 | learning rate: 5.000e-05 | training loss: 3.361e-01 | training energy RMSE (per atom):   17.8 meV | training energy MAE (per atom):   12.8 meV | training forces RMSE:  159.2 meV/A | training forces MAE:  94.46 meV/A | validation loss: 2.034e-02 | validation energy RMSE (per atom):   22.7 meV | validation energy MAE (per atom):   16.1 meV | validation forces RMSE:  149.9 meV/A | validation forces MAE:  85.93 meV/A
[2025-10-13 13:54:41][INFO] - Epoch:  208 | learning rate: 5.000e-05 | training loss: 2.879e-01 | training energy RMSE (per atom):   13.8 meV | training energy MAE (per atom):   10.2 meV | training forces RMSE:  152.7 meV/A | training forces MAE:  90.43 meV/A | validation loss: 1.592e-02 | validation energy RMSE (per atom):   15.4 meV | validation energy MAE (per atom):    5.8 meV | validation forces RMSE:  147.4 meV/A | validation forces MAE:  84.31 meV/A
[2025-10-13 13:55:18][INFO] - Epoch:  209 | learning rate: 5.000e-05 | training loss: 2.826e-01 | training energy RMSE (per atom):   13.7 meV | training energy MAE (per atom):   10.2 meV | training forces RMSE:  151.8 meV/A | training forces MAE:  89.57 meV/A | validation loss: 1.963e-02 | validation energy RMSE (per atom):   19.2 meV | validation energy MAE (per atom):   13.4 meV | validation forces RMSE:  158.9 meV/A | validation forces MAE:  97.82 meV/A
[2025-10-13 13:55:56][INFO] - Epoch:  210 | learning rate: 5.000e-05 | training loss: 2.866e-01 | training energy RMSE (per atom):   14.2 meV | training energy MAE (per atom):    9.9 meV | training forces RMSE:  151.2 meV/A | training forces MAE:  89.34 meV/A | validation loss: 2.502e-02 | validation energy RMSE (per atom):   26.5 meV | validation energy MAE (per atom):   19.0 meV | validation forces RMSE:  160.0 meV/A | validation forces MAE:  94.73 meV/A
[2025-10-13 13:56:35][INFO] - Epoch:  211 | learning rate: 5.000e-05 | training loss: 3.056e-01 | training energy RMSE (per atom):   14.6 meV | training energy MAE (per atom):   10.3 meV | training forces RMSE:  156.5 meV/A | training forces MAE:  92.44 meV/A | validation loss: 1.609e-02 | validation energy RMSE (per atom):   16.0 meV | validation energy MAE (per atom):    6.6 meV | validation forces RMSE:  145.7 meV/A | validation forces MAE:  84.20 meV/A
[2025-10-13 13:57:13][INFO] - Epoch:  212 | learning rate: 5.000e-05 | training loss: 3.037e-01 | training energy RMSE (per atom):   14.4 meV | training energy MAE (per atom):   10.5 meV | training forces RMSE:  156.0 meV/A | training forces MAE:  91.56 meV/A | validation loss: 1.813e-02 | validation energy RMSE (per atom):   20.8 meV | validation energy MAE (per atom):   13.3 meV | validation forces RMSE:  141.4 meV/A | validation forces MAE:  82.19 meV/A
[2025-10-13 13:57:50][INFO] - Epoch:  213 | learning rate: 5.000e-05 | training loss: 2.990e-01 | training energy RMSE (per atom):   14.6 meV | training energy MAE (per atom):   10.6 meV | training forces RMSE:  153.5 meV/A | training forces MAE:  91.36 meV/A | validation loss: 1.531e-02 | validation energy RMSE (per atom):   14.7 meV | validation energy MAE (per atom):    6.3 meV | validation forces RMSE:  146.3 meV/A | validation forces MAE:  83.03 meV/A
[2025-10-13 13:58:29][INFO] - Epoch:  214 | learning rate: 5.000e-05 | training loss: 2.590e-01 | training energy RMSE (per atom):   11.6 meV | training energy MAE (per atom):    8.1 meV | training forces RMSE:  147.2 meV/A | training forces MAE:  86.95 meV/A | validation loss: 1.995e-02 | validation energy RMSE (per atom):   23.5 meV | validation energy MAE (per atom):   19.4 meV | validation forces RMSE:  146.6 meV/A | validation forces MAE:  88.13 meV/A
[2025-10-13 13:59:07][INFO] - Epoch:  215 | learning rate: 5.000e-05 | training loss: 2.916e-01 | training energy RMSE (per atom):   15.0 meV | training energy MAE (per atom):   11.0 meV | training forces RMSE:  151.7 meV/A | training forces MAE:  88.50 meV/A | validation loss: 3.054e-02 | validation energy RMSE (per atom):   15.6 meV | validation energy MAE (per atom):    6.1 meV | validation forces RMSE:  230.8 meV/A | validation forces MAE: 114.62 meV/A
[2025-10-13 13:59:44][INFO] - Epoch:  216 | learning rate: 5.000e-05 | training loss: 6.112e-01 | training energy RMSE (per atom):   28.4 meV | training energy MAE (per atom):   16.9 meV | training forces RMSE:  204.1 meV/A | training forces MAE: 119.01 meV/A | validation loss: 1.783e-02 | validation energy RMSE (per atom):   17.5 meV | validation energy MAE (per atom):    9.2 meV | validation forces RMSE:  153.3 meV/A | validation forces MAE:  86.98 meV/A
[2025-10-13 14:00:23][INFO] - Epoch:  217 | learning rate: 5.000e-05 | training loss: 2.666e-01 | training energy RMSE (per atom):   11.6 meV | training energy MAE (per atom):    8.1 meV | training forces RMSE:  149.1 meV/A | training forces MAE:  87.09 meV/A | validation loss: 1.480e-02 | validation energy RMSE (per atom):   14.9 meV | validation energy MAE (per atom):    5.2 meV | validation forces RMSE:  140.4 meV/A | validation forces MAE:  79.74 meV/A
[2025-10-13 14:01:01][INFO] - Epoch:  218 | learning rate: 5.000e-05 | training loss: 2.346e-01 | training energy RMSE (per atom):   11.0 meV | training energy MAE (per atom):    7.9 meV | training forces RMSE:  140.4 meV/A | training forces MAE:  81.93 meV/A | validation loss: 1.499e-02 | validation energy RMSE (per atom):   15.2 meV | validation energy MAE (per atom):    8.0 meV | validation forces RMSE:  141.7 meV/A | validation forces MAE:  82.23 meV/A
[2025-10-13 14:01:39][INFO] - Epoch:  219 | learning rate: 5.000e-05 | training loss: 2.567e-01 | training energy RMSE (per atom):   11.9 meV | training energy MAE (per atom):    8.5 meV | training forces RMSE:  145.5 meV/A | training forces MAE:  85.89 meV/A | validation loss: 1.543e-02 | validation energy RMSE (per atom):   15.3 meV | validation energy MAE (per atom):    8.1 meV | validation forces RMSE:  144.5 meV/A | validation forces MAE:  83.37 meV/A
[2025-10-13 14:02:16][INFO] - Epoch:  220 | learning rate: 5.000e-05 | training loss: 2.838e-01 | training energy RMSE (per atom):   14.6 meV | training energy MAE (per atom):   10.2 meV | training forces RMSE:  148.9 meV/A | training forces MAE:  88.40 meV/A | validation loss: 2.284e-02 | validation energy RMSE (per atom):   25.2 meV | validation energy MAE (per atom):   19.9 meV | validation forces RMSE:  155.8 meV/A | validation forces MAE:  91.57 meV/A
[2025-10-13 14:02:54][INFO] - Epoch:  221 | learning rate: 5.000e-05 | training loss: 2.887e-01 | training energy RMSE (per atom):   14.5 meV | training energy MAE (per atom):   10.9 meV | training forces RMSE:  150.9 meV/A | training forces MAE:  88.96 meV/A | validation loss: 1.893e-02 | validation energy RMSE (per atom):   21.4 meV | validation energy MAE (per atom):   15.9 meV | validation forces RMSE:  145.3 meV/A | validation forces MAE:  86.64 meV/A
[2025-10-13 14:03:33][INFO] - Epoch:  222 | learning rate: 5.000e-05 | training loss: 2.575e-01 | training energy RMSE (per atom):   12.2 meV | training energy MAE (per atom):    8.8 meV | training forces RMSE:  145.2 meV/A | training forces MAE:  85.41 meV/A | validation loss: 1.690e-02 | validation energy RMSE (per atom):   17.1 meV | validation energy MAE (per atom):   10.4 meV | validation forces RMSE:  152.2 meV/A | validation forces MAE:  83.95 meV/A
[2025-10-13 14:04:11][INFO] - Epoch:  223 | learning rate: 5.000e-05 | training loss: 2.778e-01 | training energy RMSE (per atom):   13.2 meV | training energy MAE (per atom):   10.0 meV | training forces RMSE:  150.7 meV/A | training forces MAE:  88.82 meV/A | validation loss: 1.644e-02 | validation energy RMSE (per atom):   17.2 meV | validation energy MAE (per atom):    8.0 meV | validation forces RMSE:  144.0 meV/A | validation forces MAE:  84.50 meV/A
[2025-10-13 14:04:49][INFO] - Epoch:  224 | learning rate: 5.000e-05 | training loss: 2.827e-01 | training energy RMSE (per atom):   14.7 meV | training energy MAE (per atom):   11.0 meV | training forces RMSE:  149.6 meV/A | training forces MAE:  88.38 meV/A | validation loss: 1.733e-02 | validation energy RMSE (per atom):   20.7 meV | validation energy MAE (per atom):   14.1 meV | validation forces RMSE:  138.1 meV/A | validation forces MAE:  79.20 meV/A
[2025-10-13 14:05:27][INFO] - Epoch:  225 | learning rate: 5.000e-05 | training loss: 2.735e-01 | training energy RMSE (per atom):   14.2 meV | training energy MAE (per atom):   10.2 meV | training forces RMSE:  147.2 meV/A | training forces MAE:  87.35 meV/A | validation loss: 1.480e-02 | validation energy RMSE (per atom):   16.0 meV | validation energy MAE (per atom):    8.1 meV | validation forces RMSE:  139.2 meV/A | validation forces MAE:  79.31 meV/A
[2025-10-13 14:06:05][INFO] - Epoch:  226 | learning rate: 5.000e-05 | training loss: 2.790e-01 | training energy RMSE (per atom):   16.5 meV | training energy MAE (per atom):   12.3 meV | training forces RMSE:  144.5 meV/A | training forces MAE:  85.75 meV/A | validation loss: 2.001e-02 | validation energy RMSE (per atom):   22.7 meV | validation energy MAE (per atom):   16.6 meV | validation forces RMSE:  146.1 meV/A | validation forces MAE:  88.10 meV/A
[2025-10-13 14:06:43][INFO] - Epoch:  227 | learning rate: 5.000e-05 | training loss: 2.816e-01 | training energy RMSE (per atom):   14.1 meV | training energy MAE (per atom):   10.2 meV | training forces RMSE:  149.4 meV/A | training forces MAE:  89.40 meV/A | validation loss: 1.606e-02 | validation energy RMSE (per atom):   16.2 meV | validation energy MAE (per atom):    6.2 meV | validation forces RMSE:  144.9 meV/A | validation forces MAE:  82.14 meV/A
[2025-10-13 14:07:21][INFO] - Epoch:  228 | learning rate: 5.000e-05 | training loss: 2.687e-01 | training energy RMSE (per atom):   15.7 meV | training energy MAE (per atom):   11.4 meV | training forces RMSE:  143.1 meV/A | training forces MAE:  84.62 meV/A | validation loss: 1.559e-02 | validation energy RMSE (per atom):   15.1 meV | validation energy MAE (per atom):    5.6 meV | validation forces RMSE:  146.6 meV/A | validation forces MAE:  84.43 meV/A
[2025-10-13 14:07:59][INFO] - Epoch:  229 | learning rate: 5.000e-05 | training loss: 2.691e-01 | training energy RMSE (per atom):   13.8 meV | training energy MAE (per atom):   10.4 meV | training forces RMSE:  146.7 meV/A | training forces MAE:  86.97 meV/A | validation loss: 2.050e-02 | validation energy RMSE (per atom):   20.2 meV | validation energy MAE (per atom):   11.1 meV | validation forces RMSE:  161.3 meV/A | validation forces MAE:  93.79 meV/A
[2025-10-13 14:08:37][INFO] - Epoch:  230 | learning rate: 5.000e-05 | training loss: 3.117e-01 | training energy RMSE (per atom):   16.6 meV | training energy MAE (per atom):   11.8 meV | training forces RMSE:  153.5 meV/A | training forces MAE:  90.74 meV/A | validation loss: 1.638e-02 | validation energy RMSE (per atom):   17.6 meV | validation energy MAE (per atom):    9.3 meV | validation forces RMSE:  143.1 meV/A | validation forces MAE:  82.66 meV/A
[2025-10-13 14:09:16][INFO] - Epoch:  231 | learning rate: 5.000e-05 | training loss: 2.505e-01 | training energy RMSE (per atom):   11.5 meV | training energy MAE (per atom):    8.2 meV | training forces RMSE:  144.0 meV/A | training forces MAE:  84.03 meV/A | validation loss: 1.594e-02 | validation energy RMSE (per atom):   18.9 meV | validation energy MAE (per atom):   12.9 meV | validation forces RMSE:  135.9 meV/A | validation forces MAE:  77.56 meV/A
[2025-10-13 14:09:53][INFO] - Epoch:  232 | learning rate: 5.000e-05 | training loss: 2.977e-01 | training energy RMSE (per atom):   16.4 meV | training energy MAE (per atom):   11.7 meV | training forces RMSE:  151.4 meV/A | training forces MAE:  88.06 meV/A | validation loss: 1.550e-02 | validation energy RMSE (per atom):   15.3 meV | validation energy MAE (per atom):    6.5 meV | validation forces RMSE:  145.5 meV/A | validation forces MAE:  82.62 meV/A
[2025-10-13 14:10:31][INFO] - Epoch:  233 | learning rate: 5.000e-05 | training loss: 2.723e-01 | training energy RMSE (per atom):   13.0 meV | training energy MAE (per atom):    9.2 meV | training forces RMSE:  149.6 meV/A | training forces MAE:  88.30 meV/A | validation loss: 2.636e-02 | validation energy RMSE (per atom):   19.2 meV | validation energy MAE (per atom):   10.4 meV | validation forces RMSE:  203.0 meV/A | validation forces MAE: 102.24 meV/A
[2025-10-13 14:11:08][INFO] - Epoch:  234 | learning rate: 5.000e-05 | training loss: 3.441e-01 | training energy RMSE (per atom):   17.9 meV | training energy MAE (per atom):   12.5 meV | training forces RMSE:  161.8 meV/A | training forces MAE:  93.23 meV/A | validation loss: 1.559e-02 | validation energy RMSE (per atom):   15.5 meV | validation energy MAE (per atom):    7.8 meV | validation forces RMSE:  146.2 meV/A | validation forces MAE:  82.37 meV/A
[2025-10-13 14:11:46][INFO] - Epoch:  235 | learning rate: 5.000e-05 | training loss: 2.602e-01 | training energy RMSE (per atom):   12.3 meV | training energy MAE (per atom):    9.1 meV | training forces RMSE:  146.2 meV/A | training forces MAE:  85.92 meV/A | validation loss: 1.476e-02 | validation energy RMSE (per atom):   15.1 meV | validation energy MAE (per atom):    5.5 meV | validation forces RMSE:  140.5 meV/A | validation forces MAE:  80.56 meV/A
[2025-10-13 14:12:24][INFO] - Epoch:  236 | learning rate: 5.000e-05 | training loss: 2.501e-01 | training energy RMSE (per atom):   13.2 meV | training energy MAE (per atom):    9.8 meV | training forces RMSE:  141.2 meV/A | training forces MAE:  83.33 meV/A | validation loss: 1.584e-02 | validation energy RMSE (per atom):   16.9 meV | validation energy MAE (per atom):    7.5 meV | validation forces RMSE:  142.5 meV/A | validation forces MAE:  80.01 meV/A
[2025-10-13 14:13:02][INFO] - Epoch:  237 | learning rate: 5.000e-05 | training loss: 2.928e-01 | training energy RMSE (per atom):   14.7 meV | training energy MAE (per atom):   10.8 meV | training forces RMSE:  151.1 meV/A | training forces MAE:  88.36 meV/A | validation loss: 1.558e-02 | validation energy RMSE (per atom):   15.5 meV | validation energy MAE (per atom):    6.2 meV | validation forces RMSE:  144.5 meV/A | validation forces MAE:  84.07 meV/A
[2025-10-13 14:13:40][INFO] - Epoch:  238 | learning rate: 5.000e-05 | training loss: 2.418e-01 | training energy RMSE (per atom):   11.1 meV | training energy MAE (per atom):    7.6 meV | training forces RMSE:  142.4 meV/A | training forces MAE:  84.04 meV/A | validation loss: 1.613e-02 | validation energy RMSE (per atom):   20.0 meV | validation energy MAE (per atom):   15.5 meV | validation forces RMSE:  134.7 meV/A | validation forces MAE:  78.43 meV/A
[2025-10-13 14:14:18][INFO] - Epoch:  239 | learning rate: 5.000e-05 | training loss: 2.600e-01 | training energy RMSE (per atom):   13.7 meV | training energy MAE (per atom):   10.2 meV | training forces RMSE:  143.3 meV/A | training forces MAE:  84.14 meV/A | validation loss: 2.099e-02 | validation energy RMSE (per atom):   26.1 meV | validation energy MAE (per atom):   21.2 meV | validation forces RMSE:  141.2 meV/A | validation forces MAE:  80.38 meV/A
[2025-10-13 14:14:56][INFO] - Epoch:  240 | learning rate: 5.000e-05 | training loss: 2.597e-01 | training energy RMSE (per atom):   14.4 meV | training energy MAE (per atom):   10.7 meV | training forces RMSE:  141.3 meV/A | training forces MAE:  83.38 meV/A | validation loss: 1.942e-02 | validation energy RMSE (per atom):   24.6 meV | validation energy MAE (per atom):   18.8 meV | validation forces RMSE:  136.3 meV/A | validation forces MAE:  78.49 meV/A
[2025-10-13 14:15:35][INFO] - Epoch:  241 | learning rate: 5.000e-05 | training loss: 2.830e-01 | training energy RMSE (per atom):   13.9 meV | training energy MAE (per atom):   10.2 meV | training forces RMSE:  150.5 meV/A | training forces MAE:  88.86 meV/A | validation loss: 1.930e-02 | validation energy RMSE (per atom):   24.8 meV | validation energy MAE (per atom):   21.6 meV | validation forces RMSE:  139.0 meV/A | validation forces MAE:  80.58 meV/A
[2025-10-13 14:16:12][INFO] - Epoch:  242 | learning rate: 5.000e-05 | training loss: 2.575e-01 | training energy RMSE (per atom):   13.6 meV | training energy MAE (per atom):    9.3 meV | training forces RMSE:  143.0 meV/A | training forces MAE:  84.54 meV/A | validation loss: 2.632e-02 | validation energy RMSE (per atom):   29.4 meV | validation energy MAE (per atom):   27.0 meV | validation forces RMSE:  161.2 meV/A | validation forces MAE: 100.43 meV/A
[2025-10-13 14:16:51][INFO] - Epoch:  243 | learning rate: 5.000e-05 | training loss: 2.743e-01 | training energy RMSE (per atom):   14.1 meV | training energy MAE (per atom):   10.2 meV | training forces RMSE:  148.6 meV/A | training forces MAE:  88.68 meV/A | validation loss: 1.664e-02 | validation energy RMSE (per atom):   16.7 meV | validation energy MAE (per atom):    7.9 meV | validation forces RMSE:  149.1 meV/A | validation forces MAE:  85.10 meV/A
[2025-10-13 14:17:29][INFO] - Epoch:  244 | learning rate: 5.000e-05 | training loss: 2.527e-01 | training energy RMSE (per atom):   12.6 meV | training energy MAE (per atom):    9.2 meV | training forces RMSE:  142.9 meV/A | training forces MAE:  84.91 meV/A | validation loss: 1.808e-02 | validation energy RMSE (per atom):   16.3 meV | validation energy MAE (per atom):    7.9 meV | validation forces RMSE:  156.6 meV/A | validation forces MAE:  93.21 meV/A
[2025-10-13 14:18:07][INFO] - Epoch:  245 | learning rate: 5.000e-05 | training loss: 2.545e-01 | training energy RMSE (per atom):   14.3 meV | training energy MAE (per atom):   10.5 meV | training forces RMSE:  140.7 meV/A | training forces MAE:  82.24 meV/A | validation loss: 1.661e-02 | validation energy RMSE (per atom):   17.1 meV | validation energy MAE (per atom):    7.0 meV | validation forces RMSE:  145.8 meV/A | validation forces MAE:  87.13 meV/A
[2025-10-13 14:18:44][INFO] - Epoch:  246 | learning rate: 5.000e-05 | training loss: 2.369e-01 | training energy RMSE (per atom):   12.9 meV | training energy MAE (per atom):    9.5 meV | training forces RMSE:  137.9 meV/A | training forces MAE:  80.86 meV/A | validation loss: 1.571e-02 | validation energy RMSE (per atom):   16.8 meV | validation energy MAE (per atom):   11.2 meV | validation forces RMSE:  143.1 meV/A | validation forces MAE:  83.67 meV/A
[2025-10-13 14:19:22][INFO] - Epoch:  247 | learning rate: 5.000e-05 | training loss: 2.769e-01 | training energy RMSE (per atom):   14.9 meV | training energy MAE (per atom):   10.7 meV | training forces RMSE:  146.6 meV/A | training forces MAE:  85.41 meV/A | validation loss: 2.709e-02 | validation energy RMSE (per atom):   27.7 meV | validation energy MAE (per atom):   20.0 meV | validation forces RMSE:  165.4 meV/A | validation forces MAE: 103.05 meV/A
[2025-10-13 14:20:00][INFO] - Epoch:  248 | learning rate: 5.000e-05 | training loss: 2.706e-01 | training energy RMSE (per atom):   13.8 meV | training energy MAE (per atom):   10.3 meV | training forces RMSE:  146.1 meV/A | training forces MAE:  86.35 meV/A | validation loss: 1.466e-02 | validation energy RMSE (per atom):   15.3 meV | validation energy MAE (per atom):    6.3 meV | validation forces RMSE:  140.2 meV/A | validation forces MAE:  78.22 meV/A
[2025-10-13 14:20:38][INFO] - Epoch:  249 | learning rate: 5.000e-05 | training loss: 2.701e-01 | training energy RMSE (per atom):   12.4 meV | training energy MAE (per atom):    8.8 meV | training forces RMSE:  148.7 meV/A | training forces MAE:  87.10 meV/A | validation loss: 1.463e-02 | validation energy RMSE (per atom):   15.5 meV | validation energy MAE (per atom):    5.1 meV | validation forces RMSE:  137.9 meV/A | validation forces MAE:  77.94 meV/A
[2025-10-13 14:21:16][INFO] - Epoch:  250 | learning rate: 5.000e-05 | training loss: 2.755e-01 | training energy RMSE (per atom):   16.3 meV | training energy MAE (per atom):   12.1 meV | training forces RMSE:  143.1 meV/A | training forces MAE:  84.77 meV/A | validation loss: 1.919e-02 | validation energy RMSE (per atom):   19.9 meV | validation energy MAE (per atom):   13.2 meV | validation forces RMSE:  150.4 meV/A | validation forces MAE:  89.42 meV/A
[2025-10-13 14:21:55][INFO] - Epoch:  251 | learning rate: 5.000e-05 | training loss: 3.416e-01 | training energy RMSE (per atom):   15.6 meV | training energy MAE (per atom):   11.3 meV | training forces RMSE:  164.6 meV/A | training forces MAE:  97.02 meV/A | validation loss: 2.091e-02 | validation energy RMSE (per atom):   19.7 meV | validation energy MAE (per atom):   13.7 meV | validation forces RMSE:  166.1 meV/A | validation forces MAE:  97.30 meV/A
[2025-10-13 14:22:32][INFO] - Epoch:  252 | learning rate: 5.000e-05 | training loss: 2.750e-01 | training energy RMSE (per atom):   13.3 meV | training energy MAE (per atom):    9.4 meV | training forces RMSE:  148.1 meV/A | training forces MAE:  88.01 meV/A | validation loss: 1.632e-02 | validation energy RMSE (per atom):   15.6 meV | validation energy MAE (per atom):    5.9 meV | validation forces RMSE:  150.9 meV/A | validation forces MAE:  84.63 meV/A
[2025-10-13 14:23:10][INFO] - Epoch:  253 | learning rate: 5.000e-05 | training loss: 2.261e-01 | training energy RMSE (per atom):   10.3 meV | training energy MAE (per atom):    7.4 meV | training forces RMSE:  137.8 meV/A | training forces MAE:  79.22 meV/A | validation loss: 1.515e-02 | validation energy RMSE (per atom):   16.0 meV | validation energy MAE (per atom):    8.8 meV | validation forces RMSE:  140.7 meV/A | validation forces MAE:  78.91 meV/A
[2025-10-13 14:23:48][INFO] - Epoch:  254 | learning rate: 5.000e-05 | training loss: 2.288e-01 | training energy RMSE (per atom):   11.4 meV | training energy MAE (per atom):    8.0 meV | training forces RMSE:  138.1 meV/A | training forces MAE:  81.20 meV/A | validation loss: 1.719e-02 | validation energy RMSE (per atom):   20.4 meV | validation energy MAE (per atom):   14.2 meV | validation forces RMSE:  138.8 meV/A | validation forces MAE:  79.73 meV/A
[2025-10-13 14:23:48][INFO] - Changing learning rate from 5e-05 to 2.5e-05
[2025-10-13 14:24:25][INFO] - Epoch:  255 | learning rate: 2.500e-05 | training loss: 1.945e-01 | training energy RMSE (per atom):    8.8 meV | training energy MAE (per atom):    5.8 meV | training forces RMSE:  130.0 meV/A | training forces MAE:  75.45 meV/A | validation loss: 1.363e-02 | validation energy RMSE (per atom):   15.6 meV | validation energy MAE (per atom):    6.9 meV | validation forces RMSE:  130.7 meV/A | validation forces MAE:  75.32 meV/A
[2025-10-13 14:25:03][INFO] - Epoch:  256 | learning rate: 2.500e-05 | training loss: 1.883e-01 | training energy RMSE (per atom):    8.2 meV | training energy MAE (per atom):    5.5 meV | training forces RMSE:  128.5 meV/A | training forces MAE:  74.79 meV/A | validation loss: 1.385e-02 | validation energy RMSE (per atom):   15.8 meV | validation energy MAE (per atom):    6.1 meV | validation forces RMSE:  130.6 meV/A | validation forces MAE:  74.46 meV/A
[2025-10-13 14:25:41][INFO] - Epoch:  257 | learning rate: 2.500e-05 | training loss: 1.890e-01 | training energy RMSE (per atom):    8.1 meV | training energy MAE (per atom):    5.5 meV | training forces RMSE:  127.8 meV/A | training forces MAE:  73.92 meV/A | validation loss: 1.333e-02 | validation energy RMSE (per atom):   14.6 meV | validation energy MAE (per atom):    5.5 meV | validation forces RMSE:  133.1 meV/A | validation forces MAE:  73.88 meV/A
[2025-10-13 14:26:20][INFO] - Epoch:  258 | learning rate: 2.500e-05 | training loss: 1.932e-01 | training energy RMSE (per atom):    9.7 meV | training energy MAE (per atom):    6.8 meV | training forces RMSE:  127.6 meV/A | training forces MAE:  73.71 meV/A | validation loss: 1.327e-02 | validation energy RMSE (per atom):   15.5 meV | validation energy MAE (per atom):    7.3 meV | validation forces RMSE:  128.7 meV/A | validation forces MAE:  72.35 meV/A
[2025-10-13 14:26:57][INFO] - Epoch:  259 | learning rate: 2.500e-05 | training loss: 1.973e-01 | training energy RMSE (per atom):    9.4 meV | training energy MAE (per atom):    6.6 meV | training forces RMSE:  129.3 meV/A | training forces MAE:  75.23 meV/A | validation loss: 1.367e-02 | validation energy RMSE (per atom):   14.8 meV | validation energy MAE (per atom):    4.7 meV | validation forces RMSE:  134.7 meV/A | validation forces MAE:  75.65 meV/A
[2025-10-13 14:27:36][INFO] - Epoch:  260 | learning rate: 2.500e-05 | training loss: 1.954e-01 | training energy RMSE (per atom):    9.1 meV | training energy MAE (per atom):    6.4 meV | training forces RMSE:  128.6 meV/A | training forces MAE:  74.64 meV/A | validation loss: 1.465e-02 | validation energy RMSE (per atom):   15.5 meV | validation energy MAE (per atom):    6.1 meV | validation forces RMSE:  139.5 meV/A | validation forces MAE:  78.84 meV/A
[2025-10-13 14:28:14][INFO] - Epoch:  261 | learning rate: 2.500e-05 | training loss: 1.920e-01 | training energy RMSE (per atom):    8.5 meV | training energy MAE (per atom):    5.7 meV | training forces RMSE:  128.9 meV/A | training forces MAE:  74.46 meV/A | validation loss: 1.357e-02 | validation energy RMSE (per atom):   16.2 meV | validation energy MAE (per atom):    7.6 meV | validation forces RMSE:  127.5 meV/A | validation forces MAE:  72.67 meV/A
[2025-10-13 14:28:52][INFO] - Epoch:  262 | learning rate: 2.500e-05 | training loss: 1.975e-01 | training energy RMSE (per atom):    9.9 meV | training energy MAE (per atom):    6.7 meV | training forces RMSE:  128.8 meV/A | training forces MAE:  74.72 meV/A | validation loss: 1.421e-02 | validation energy RMSE (per atom):   16.8 meV | validation energy MAE (per atom):    9.1 meV | validation forces RMSE:  131.0 meV/A | validation forces MAE:  73.49 meV/A
[2025-10-13 14:29:29][INFO] - Epoch:  263 | learning rate: 2.500e-05 | training loss: 2.022e-01 | training energy RMSE (per atom):    9.2 meV | training energy MAE (per atom):    6.5 meV | training forces RMSE:  131.7 meV/A | training forces MAE:  76.93 meV/A | validation loss: 1.428e-02 | validation energy RMSE (per atom):   17.6 meV | validation energy MAE (per atom):   10.3 meV | validation forces RMSE:  128.2 meV/A | validation forces MAE:  74.22 meV/A
[2025-10-13 14:30:07][INFO] - Epoch:  264 | learning rate: 2.500e-05 | training loss: 1.919e-01 | training energy RMSE (per atom):    9.7 meV | training energy MAE (per atom):    7.0 meV | training forces RMSE:  127.7 meV/A | training forces MAE:  74.26 meV/A | validation loss: 1.711e-02 | validation energy RMSE (per atom):   21.7 meV | validation energy MAE (per atom):   13.3 meV | validation forces RMSE:  130.6 meV/A | validation forces MAE:  74.58 meV/A
[2025-10-13 14:30:46][INFO] - Epoch:  265 | learning rate: 2.500e-05 | training loss: 2.003e-01 | training energy RMSE (per atom):    9.6 meV | training energy MAE (per atom):    6.8 meV | training forces RMSE:  130.5 meV/A | training forces MAE:  75.56 meV/A | validation loss: 1.338e-02 | validation energy RMSE (per atom):   15.1 meV | validation energy MAE (per atom):    5.5 meV | validation forces RMSE:  130.5 meV/A | validation forces MAE:  74.28 meV/A
[2025-10-13 14:31:24][INFO] - Epoch:  266 | learning rate: 2.500e-05 | training loss: 1.997e-01 | training energy RMSE (per atom):   10.6 meV | training energy MAE (per atom):    7.9 meV | training forces RMSE:  128.5 meV/A | training forces MAE:  74.49 meV/A | validation loss: 1.478e-02 | validation energy RMSE (per atom):   15.9 meV | validation energy MAE (per atom):    6.5 meV | validation forces RMSE:  136.4 meV/A | validation forces MAE:  79.42 meV/A
[2025-10-13 14:32:01][INFO] - Epoch:  267 | learning rate: 2.500e-05 | training loss: 1.881e-01 | training energy RMSE (per atom):    9.4 meV | training energy MAE (per atom):    6.6 meV | training forces RMSE:  126.5 meV/A | training forces MAE:  73.86 meV/A | validation loss: 1.411e-02 | validation energy RMSE (per atom):   16.5 meV | validation energy MAE (per atom):    7.3 meV | validation forces RMSE:  131.2 meV/A | validation forces MAE:  74.15 meV/A
[2025-10-13 14:32:40][INFO] - Epoch:  268 | learning rate: 2.500e-05 | training loss: 1.944e-01 | training energy RMSE (per atom):    9.1 meV | training energy MAE (per atom):    6.2 meV | training forces RMSE:  128.7 meV/A | training forces MAE:  74.77 meV/A | validation loss: 1.410e-02 | validation energy RMSE (per atom):   16.0 meV | validation energy MAE (per atom):    8.5 meV | validation forces RMSE:  133.5 meV/A | validation forces MAE:  75.84 meV/A
[2025-10-13 14:33:18][INFO] - Epoch:  269 | learning rate: 2.500e-05 | training loss: 1.947e-01 | training energy RMSE (per atom):    9.8 meV | training energy MAE (per atom):    7.0 meV | training forces RMSE:  128.3 meV/A | training forces MAE:  74.43 meV/A | validation loss: 1.437e-02 | validation energy RMSE (per atom):   18.3 meV | validation energy MAE (per atom):   12.5 meV | validation forces RMSE:  128.9 meV/A | validation forces MAE:  71.99 meV/A
[2025-10-13 14:33:56][INFO] - Epoch:  270 | learning rate: 2.500e-05 | training loss: 1.934e-01 | training energy RMSE (per atom):   10.3 meV | training energy MAE (per atom):    7.6 meV | training forces RMSE:  126.2 meV/A | training forces MAE:  73.68 meV/A | validation loss: 1.382e-02 | validation energy RMSE (per atom):   15.1 meV | validation energy MAE (per atom):    5.9 meV | validation forces RMSE:  134.0 meV/A | validation forces MAE:  78.32 meV/A
[2025-10-13 14:34:34][INFO] - Epoch:  271 | learning rate: 2.500e-05 | training loss: 1.982e-01 | training energy RMSE (per atom):    9.8 meV | training energy MAE (per atom):    6.9 meV | training forces RMSE:  128.3 meV/A | training forces MAE:  74.87 meV/A | validation loss: 1.307e-02 | validation energy RMSE (per atom):   14.6 meV | validation energy MAE (per atom):    5.7 meV | validation forces RMSE:  132.0 meV/A | validation forces MAE:  72.95 meV/A
[2025-10-13 14:35:12][INFO] - Epoch:  272 | learning rate: 2.500e-05 | training loss: 1.947e-01 | training energy RMSE (per atom):    9.5 meV | training energy MAE (per atom):    6.5 meV | training forces RMSE:  128.7 meV/A | training forces MAE:  74.71 meV/A | validation loss: 1.421e-02 | validation energy RMSE (per atom):   16.4 meV | validation energy MAE (per atom):    9.2 meV | validation forces RMSE:  132.9 meV/A | validation forces MAE:  75.88 meV/A
[2025-10-13 14:35:50][INFO] - Epoch:  273 | learning rate: 2.500e-05 | training loss: 1.942e-01 | training energy RMSE (per atom):    9.5 meV | training energy MAE (per atom):    6.7 meV | training forces RMSE:  128.2 meV/A | training forces MAE:  74.13 meV/A | validation loss: 1.360e-02 | validation energy RMSE (per atom):   15.5 meV | validation energy MAE (per atom):    5.9 meV | validation forces RMSE:  130.9 meV/A | validation forces MAE:  74.58 meV/A
[2025-10-13 14:36:28][INFO] - Epoch:  274 | learning rate: 2.500e-05 | training loss: 1.981e-01 | training energy RMSE (per atom):   10.5 meV | training energy MAE (per atom):    7.1 meV | training forces RMSE:  127.7 meV/A | training forces MAE:  73.91 meV/A | validation loss: 1.480e-02 | validation energy RMSE (per atom):   17.7 meV | validation energy MAE (per atom):    5.9 meV | validation forces RMSE:  130.5 meV/A | validation forces MAE:  74.40 meV/A
[2025-10-13 14:37:06][INFO] - Epoch:  275 | learning rate: 2.500e-05 | training loss: 2.033e-01 | training energy RMSE (per atom):   10.7 meV | training energy MAE (per atom):    7.6 meV | training forces RMSE:  129.0 meV/A | training forces MAE:  74.74 meV/A | validation loss: 1.368e-02 | validation energy RMSE (per atom):   16.8 meV | validation energy MAE (per atom):   10.4 meV | validation forces RMSE:  128.8 meV/A | validation forces MAE:  72.36 meV/A
[2025-10-13 14:37:44][INFO] - Epoch:  276 | learning rate: 2.500e-05 | training loss: 1.984e-01 | training energy RMSE (per atom):   10.9 meV | training energy MAE (per atom):    8.0 meV | training forces RMSE:  128.0 meV/A | training forces MAE:  74.21 meV/A | validation loss: 1.340e-02 | validation energy RMSE (per atom):   15.8 meV | validation energy MAE (per atom):    7.0 meV | validation forces RMSE:  129.0 meV/A | validation forces MAE:  71.03 meV/A
[2025-10-13 14:38:22][INFO] - Epoch:  277 | learning rate: 2.500e-05 | training loss: 2.014e-01 | training energy RMSE (per atom):   10.5 meV | training energy MAE (per atom):    7.6 meV | training forces RMSE:  128.9 meV/A | training forces MAE:  75.31 meV/A | validation loss: 1.245e-02 | validation energy RMSE (per atom):   14.6 meV | validation energy MAE (per atom):    5.2 meV | validation forces RMSE:  126.0 meV/A | validation forces MAE:  70.74 meV/A
[2025-10-13 14:38:59][INFO] - Epoch:  278 | learning rate: 2.500e-05 | training loss: 1.830e-01 | training energy RMSE (per atom):    8.9 meV | training energy MAE (per atom):    6.2 meV | training forces RMSE:  125.1 meV/A | training forces MAE:  73.07 meV/A | validation loss: 1.294e-02 | validation energy RMSE (per atom):   15.0 meV | validation energy MAE (per atom):    5.3 meV | validation forces RMSE:  128.3 meV/A | validation forces MAE:  71.80 meV/A
[2025-10-13 14:39:38][INFO] - Epoch:  279 | learning rate: 2.500e-05 | training loss: 1.825e-01 | training energy RMSE (per atom):    9.8 meV | training energy MAE (per atom):    6.7 meV | training forces RMSE:  124.2 meV/A | training forces MAE:  72.03 meV/A | validation loss: 1.399e-02 | validation energy RMSE (per atom):   15.1 meV | validation energy MAE (per atom):    4.6 meV | validation forces RMSE:  133.7 meV/A | validation forces MAE:  77.46 meV/A
[2025-10-13 14:40:16][INFO] - Epoch:  280 | learning rate: 2.500e-05 | training loss: 1.911e-01 | training energy RMSE (per atom):    9.8 meV | training energy MAE (per atom):    6.7 meV | training forces RMSE:  126.6 meV/A | training forces MAE:  73.32 meV/A | validation loss: 1.547e-02 | validation energy RMSE (per atom):   18.8 meV | validation energy MAE (per atom):   13.7 meV | validation forces RMSE:  135.3 meV/A | validation forces MAE:  78.42 meV/A
[2025-10-13 14:40:54][INFO] - Epoch:  281 | learning rate: 2.500e-05 | training loss: 1.839e-01 | training energy RMSE (per atom):    9.2 meV | training energy MAE (per atom):    6.5 meV | training forces RMSE:  124.9 meV/A | training forces MAE:  72.45 meV/A | validation loss: 1.302e-02 | validation energy RMSE (per atom):   15.2 meV | validation energy MAE (per atom):    4.6 meV | validation forces RMSE:  127.6 meV/A | validation forces MAE:  70.92 meV/A
[2025-10-13 14:41:32][INFO] - Epoch:  282 | learning rate: 2.500e-05 | training loss: 1.925e-01 | training energy RMSE (per atom):   10.0 meV | training energy MAE (per atom):    7.3 meV | training forces RMSE:  126.6 meV/A | training forces MAE:  73.24 meV/A | validation loss: 2.155e-02 | validation energy RMSE (per atom):   27.3 meV | validation energy MAE (per atom):   23.7 meV | validation forces RMSE:  143.0 meV/A | validation forces MAE:  80.26 meV/A
[2025-10-13 14:42:09][INFO] - Epoch:  283 | learning rate: 2.500e-05 | training loss: 2.053e-01 | training energy RMSE (per atom):   12.1 meV | training energy MAE (per atom):    8.3 meV | training forces RMSE:  127.0 meV/A | training forces MAE:  73.76 meV/A | validation loss: 1.454e-02 | validation energy RMSE (per atom):   18.4 meV | validation energy MAE (per atom):   12.5 meV | validation forces RMSE:  128.9 meV/A | validation forces MAE:  72.64 meV/A
[2025-10-13 14:42:47][INFO] - Epoch:  284 | learning rate: 2.500e-05 | training loss: 1.829e-01 | training energy RMSE (per atom):    8.5 meV | training energy MAE (per atom):    5.8 meV | training forces RMSE:  124.9 meV/A | training forces MAE:  72.38 meV/A | validation loss: 1.363e-02 | validation energy RMSE (per atom):   14.4 meV | validation energy MAE (per atom):    6.0 meV | validation forces RMSE:  137.8 meV/A | validation forces MAE:  78.29 meV/A
[2025-10-13 14:43:25][INFO] - Epoch:  285 | learning rate: 2.500e-05 | training loss: 1.845e-01 | training energy RMSE (per atom):    8.6 meV | training energy MAE (per atom):    5.7 meV | training forces RMSE:  125.9 meV/A | training forces MAE:  72.85 meV/A | validation loss: 1.501e-02 | validation energy RMSE (per atom):   14.9 meV | validation energy MAE (per atom):    4.9 meV | validation forces RMSE:  140.3 meV/A | validation forces MAE:  85.51 meV/A
[2025-10-13 14:44:04][INFO] - Epoch:  286 | learning rate: 2.500e-05 | training loss: 1.893e-01 | training energy RMSE (per atom):    9.7 meV | training energy MAE (per atom):    6.6 meV | training forces RMSE:  126.5 meV/A | training forces MAE:  73.32 meV/A | validation loss: 1.285e-02 | validation energy RMSE (per atom):   15.0 meV | validation energy MAE (per atom):    6.1 meV | validation forces RMSE:  127.9 meV/A | validation forces MAE:  72.03 meV/A
[2025-10-13 14:44:41][INFO] - Epoch:  287 | learning rate: 2.500e-05 | training loss: 1.797e-01 | training energy RMSE (per atom):    9.0 meV | training energy MAE (per atom):    6.3 meV | training forces RMSE:  123.3 meV/A | training forces MAE:  71.77 meV/A | validation loss: 1.377e-02 | validation energy RMSE (per atom):   16.8 meV | validation energy MAE (per atom):    7.3 meV | validation forces RMSE:  130.9 meV/A | validation forces MAE:  71.09 meV/A
[2025-10-13 14:45:19][INFO] - Epoch:  288 | learning rate: 2.500e-05 | training loss: 2.066e-01 | training energy RMSE (per atom):   11.9 meV | training energy MAE (per atom):    8.6 meV | training forces RMSE:  128.5 meV/A | training forces MAE:  74.90 meV/A | validation loss: 1.556e-02 | validation energy RMSE (per atom):   21.0 meV | validation energy MAE (per atom):   15.7 meV | validation forces RMSE:  126.2 meV/A | validation forces MAE:  71.45 meV/A
[2025-10-13 14:45:57][INFO] - Epoch:  289 | learning rate: 2.500e-05 | training loss: 1.914e-01 | training energy RMSE (per atom):    9.7 meV | training energy MAE (per atom):    6.8 meV | training forces RMSE:  127.4 meV/A | training forces MAE:  73.41 meV/A | validation loss: 1.340e-02 | validation energy RMSE (per atom):   15.6 meV | validation energy MAE (per atom):    4.5 meV | validation forces RMSE:  127.9 meV/A | validation forces MAE:  72.49 meV/A
[2025-10-13 14:46:35][INFO] - Epoch:  290 | learning rate: 2.500e-05 | training loss: 1.795e-01 | training energy RMSE (per atom):    9.1 meV | training energy MAE (per atom):    6.5 meV | training forces RMSE:  124.4 meV/A | training forces MAE:  72.26 meV/A | validation loss: 1.337e-02 | validation energy RMSE (per atom):   15.5 meV | validation energy MAE (per atom):    5.4 meV | validation forces RMSE:  127.4 meV/A | validation forces MAE:  74.30 meV/A
[2025-10-13 14:47:13][INFO] - Epoch:  291 | learning rate: 2.500e-05 | training loss: 1.866e-01 | training energy RMSE (per atom):    9.9 meV | training energy MAE (per atom):    7.2 meV | training forces RMSE:  124.5 meV/A | training forces MAE:  72.13 meV/A | validation loss: 1.385e-02 | validation energy RMSE (per atom):   16.4 meV | validation energy MAE (per atom):    7.5 meV | validation forces RMSE:  129.7 meV/A | validation forces MAE:  72.94 meV/A
[2025-10-13 14:47:51][INFO] - Epoch:  292 | learning rate: 2.500e-05 | training loss: 1.982e-01 | training energy RMSE (per atom):   11.7 meV | training energy MAE (per atom):    8.6 meV | training forces RMSE:  125.3 meV/A | training forces MAE:  73.33 meV/A | validation loss: 1.472e-02 | validation energy RMSE (per atom):   19.2 meV | validation energy MAE (per atom):   13.9 meV | validation forces RMSE:  127.8 meV/A | validation forces MAE:  71.83 meV/A
[2025-10-13 14:48:29][INFO] - Epoch:  293 | learning rate: 2.500e-05 | training loss: 2.195e-01 | training energy RMSE (per atom):   10.8 meV | training energy MAE (per atom):    7.5 meV | training forces RMSE:  135.0 meV/A | training forces MAE:  76.73 meV/A | validation loss: 1.277e-02 | validation energy RMSE (per atom):   15.4 meV | validation energy MAE (per atom):    6.8 meV | validation forces RMSE:  125.8 meV/A | validation forces MAE:  71.10 meV/A
[2025-10-13 14:49:06][INFO] - Epoch:  294 | learning rate: 2.500e-05 | training loss: 1.778e-01 | training energy RMSE (per atom):    8.5 meV | training energy MAE (per atom):    5.9 meV | training forces RMSE:  122.8 meV/A | training forces MAE:  70.68 meV/A | validation loss: 1.247e-02 | validation energy RMSE (per atom):   14.4 meV | validation energy MAE (per atom):    5.1 meV | validation forces RMSE:  127.0 meV/A | validation forces MAE:  71.21 meV/A
[2025-10-13 14:49:45][INFO] - Epoch:  295 | learning rate: 2.500e-05 | training loss: 1.793e-01 | training energy RMSE (per atom):    9.3 meV | training energy MAE (per atom):    6.7 meV | training forces RMSE:  122.6 meV/A | training forces MAE:  70.84 meV/A | validation loss: 1.348e-02 | validation energy RMSE (per atom):   14.3 meV | validation energy MAE (per atom):    5.5 meV | validation forces RMSE:  134.2 meV/A | validation forces MAE:  79.46 meV/A
[2025-10-13 14:50:22][INFO] - Epoch:  296 | learning rate: 2.500e-05 | training loss: 1.887e-01 | training energy RMSE (per atom):    9.3 meV | training energy MAE (per atom):    6.2 meV | training forces RMSE:  126.3 meV/A | training forces MAE:  73.11 meV/A | validation loss: 1.831e-02 | validation energy RMSE (per atom):   15.3 meV | validation energy MAE (per atom):    5.6 meV | validation forces RMSE:  168.0 meV/A | validation forces MAE:  90.69 meV/A
[2025-10-13 14:51:00][INFO] - Epoch:  297 | learning rate: 2.500e-05 | training loss: 1.985e-01 | training energy RMSE (per atom):    9.7 meV | training energy MAE (per atom):    7.1 meV | training forces RMSE:  129.4 meV/A | training forces MAE:  74.92 meV/A | validation loss: 1.491e-02 | validation energy RMSE (per atom):   16.9 meV | validation energy MAE (per atom):    8.1 meV | validation forces RMSE:  135.6 meV/A | validation forces MAE:  77.23 meV/A
[2025-10-13 14:51:38][INFO] - Epoch:  298 | learning rate: 2.500e-05 | training loss: 1.794e-01 | training energy RMSE (per atom):    9.7 meV | training energy MAE (per atom):    7.1 meV | training forces RMSE:  122.2 meV/A | training forces MAE:  70.67 meV/A | validation loss: 1.323e-02 | validation energy RMSE (per atom):   15.9 meV | validation energy MAE (per atom):    6.1 meV | validation forces RMSE:  126.4 meV/A | validation forces MAE:  70.30 meV/A
[2025-10-13 14:52:16][INFO] - Epoch:  299 | learning rate: 2.500e-05 | training loss: 1.750e-01 | training energy RMSE (per atom):    8.8 meV | training energy MAE (per atom):    6.3 meV | training forces RMSE:  122.7 meV/A | training forces MAE:  71.03 meV/A | validation loss: 1.321e-02 | validation energy RMSE (per atom):   16.1 meV | validation energy MAE (per atom):    6.9 meV | validation forces RMSE:  125.5 meV/A | validation forces MAE:  70.69 meV/A
[2025-10-13 14:52:54][INFO] - Epoch:  300 | learning rate: 2.500e-05 | training loss: 1.875e-01 | training energy RMSE (per atom):    9.2 meV | training energy MAE (per atom):    6.3 meV | training forces RMSE:  125.6 meV/A | training forces MAE:  72.32 meV/A | validation loss: 1.362e-02 | validation energy RMSE (per atom):   15.4 meV | validation energy MAE (per atom):    5.0 meV | validation forces RMSE:  131.8 meV/A | validation forces MAE:  73.66 meV/A
[2025-10-13 14:53:32][INFO] - Epoch:  301 | learning rate: 2.500e-05 | training loss: 1.802e-01 | training energy RMSE (per atom):   10.2 meV | training energy MAE (per atom):    7.3 meV | training forces RMSE:  122.7 meV/A | training forces MAE:  71.49 meV/A | validation loss: 1.431e-02 | validation energy RMSE (per atom):   19.1 meV | validation energy MAE (per atom):   14.3 meV | validation forces RMSE:  125.6 meV/A | validation forces MAE:  71.02 meV/A
[2025-10-13 14:54:10][INFO] - Epoch:  302 | learning rate: 2.500e-05 | training loss: 1.822e-01 | training energy RMSE (per atom):    8.8 meV | training energy MAE (per atom):    6.0 meV | training forces RMSE:  124.3 meV/A | training forces MAE:  71.98 meV/A | validation loss: 1.285e-02 | validation energy RMSE (per atom):   14.9 meV | validation energy MAE (per atom):    4.2 meV | validation forces RMSE:  127.0 meV/A | validation forces MAE:  71.36 meV/A
[2025-10-13 14:54:48][INFO] - Epoch:  303 | learning rate: 2.500e-05 | training loss: 1.886e-01 | training energy RMSE (per atom):    9.9 meV | training energy MAE (per atom):    7.2 meV | training forces RMSE:  126.3 meV/A | training forces MAE:  71.84 meV/A | validation loss: 1.347e-02 | validation energy RMSE (per atom):   15.7 meV | validation energy MAE (per atom):    5.5 meV | validation forces RMSE:  128.7 meV/A | validation forces MAE:  73.97 meV/A
[2025-10-13 14:55:26][INFO] - Epoch:  304 | learning rate: 2.500e-05 | training loss: 2.106e-01 | training energy RMSE (per atom):   10.1 meV | training energy MAE (per atom):    7.3 meV | training forces RMSE:  132.8 meV/A | training forces MAE:  76.89 meV/A | validation loss: 1.358e-02 | validation energy RMSE (per atom):   15.3 meV | validation energy MAE (per atom):    6.4 meV | validation forces RMSE:  133.1 meV/A | validation forces MAE:  76.26 meV/A
[2025-10-13 14:56:04][INFO] - Epoch:  305 | learning rate: 2.500e-05 | training loss: 1.771e-01 | training energy RMSE (per atom):    9.6 meV | training energy MAE (per atom):    6.9 meV | training forces RMSE:  121.9 meV/A | training forces MAE:  70.82 meV/A | validation loss: 1.264e-02 | validation energy RMSE (per atom):   15.1 meV | validation energy MAE (per atom):    6.1 meV | validation forces RMSE:  125.9 meV/A | validation forces MAE:  69.38 meV/A
[2025-10-13 14:56:42][INFO] - Epoch:  306 | learning rate: 2.500e-05 | training loss: 1.755e-01 | training energy RMSE (per atom):    9.5 meV | training energy MAE (per atom):    6.5 meV | training forces RMSE:  121.5 meV/A | training forces MAE:  70.63 meV/A | validation loss: 1.376e-02 | validation energy RMSE (per atom):   15.8 meV | validation energy MAE (per atom):    5.2 meV | validation forces RMSE:  129.9 meV/A | validation forces MAE:  74.20 meV/A
[2025-10-13 14:57:20][INFO] - Epoch:  307 | learning rate: 2.500e-05 | training loss: 1.925e-01 | training energy RMSE (per atom):   10.8 meV | training energy MAE (per atom):    7.3 meV | training forces RMSE:  125.8 meV/A | training forces MAE:  72.79 meV/A | validation loss: 1.301e-02 | validation energy RMSE (per atom):   15.4 meV | validation energy MAE (per atom):    6.5 meV | validation forces RMSE:  127.5 meV/A | validation forces MAE:  70.02 meV/A
[2025-10-13 14:57:58][INFO] - Epoch:  308 | learning rate: 2.500e-05 | training loss: 1.726e-01 | training energy RMSE (per atom):    8.5 meV | training energy MAE (per atom):    5.9 meV | training forces RMSE:  121.6 meV/A | training forces MAE:  70.26 meV/A | validation loss: 1.588e-02 | validation energy RMSE (per atom):   20.6 meV | validation energy MAE (per atom):   14.9 meV | validation forces RMSE:  129.1 meV/A | validation forces MAE:  75.25 meV/A
[2025-10-13 14:58:36][INFO] - Epoch:  309 | learning rate: 2.500e-05 | training loss: 1.792e-01 | training energy RMSE (per atom):    9.9 meV | training energy MAE (per atom):    7.2 meV | training forces RMSE:  122.2 meV/A | training forces MAE:  71.10 meV/A | validation loss: 1.494e-02 | validation energy RMSE (per atom):   19.1 meV | validation energy MAE (per atom):   13.7 meV | validation forces RMSE:  128.5 meV/A | validation forces MAE:  75.24 meV/A
[2025-10-13 14:59:14][INFO] - Epoch:  310 | learning rate: 2.500e-05 | training loss: 1.798e-01 | training energy RMSE (per atom):    9.5 meV | training energy MAE (per atom):    6.8 meV | training forces RMSE:  123.0 meV/A | training forces MAE:  70.92 meV/A | validation loss: 1.416e-02 | validation energy RMSE (per atom):   17.7 meV | validation energy MAE (per atom):   10.4 meV | validation forces RMSE:  127.0 meV/A | validation forces MAE:  72.34 meV/A
[2025-10-13 14:59:52][INFO] - Epoch:  311 | learning rate: 2.500e-05 | training loss: 1.730e-01 | training energy RMSE (per atom):    8.9 meV | training energy MAE (per atom):    6.3 meV | training forces RMSE:  121.3 meV/A | training forces MAE:  70.20 meV/A | validation loss: 1.321e-02 | validation energy RMSE (per atom):   14.9 meV | validation energy MAE (per atom):    5.1 meV | validation forces RMSE:  131.9 meV/A | validation forces MAE:  73.53 meV/A
[2025-10-13 15:00:29][INFO] - Epoch:  312 | learning rate: 2.500e-05 | training loss: 1.806e-01 | training energy RMSE (per atom):    9.5 meV | training energy MAE (per atom):    6.8 meV | training forces RMSE:  122.8 meV/A | training forces MAE:  71.23 meV/A | validation loss: 1.425e-02 | validation energy RMSE (per atom):   17.8 meV | validation energy MAE (per atom):   10.9 meV | validation forces RMSE:  128.4 meV/A | validation forces MAE:  72.28 meV/A
[2025-10-13 15:01:08][INFO] - Epoch:  313 | learning rate: 2.500e-05 | training loss: 1.821e-01 | training energy RMSE (per atom):   10.4 meV | training energy MAE (per atom):    7.3 meV | training forces RMSE:  123.0 meV/A | training forces MAE:  71.29 meV/A | validation loss: 1.347e-02 | validation energy RMSE (per atom):   16.3 meV | validation energy MAE (per atom):    5.5 meV | validation forces RMSE:  126.5 meV/A | validation forces MAE:  69.42 meV/A
[2025-10-13 15:01:45][INFO] - Epoch:  314 | learning rate: 2.500e-05 | training loss: 1.706e-01 | training energy RMSE (per atom):    9.0 meV | training energy MAE (per atom):    6.2 meV | training forces RMSE:  120.1 meV/A | training forces MAE:  69.83 meV/A | validation loss: 1.972e-02 | validation energy RMSE (per atom):   21.8 meV | validation energy MAE (per atom):   16.4 meV | validation forces RMSE:  148.4 meV/A | validation forces MAE:  92.97 meV/A
[2025-10-13 15:02:23][INFO] - Epoch:  315 | learning rate: 2.500e-05 | training loss: 1.834e-01 | training energy RMSE (per atom):    9.2 meV | training energy MAE (per atom):    6.3 meV | training forces RMSE:  124.2 meV/A | training forces MAE:  72.32 meV/A | validation loss: 1.217e-02 | validation energy RMSE (per atom):   14.7 meV | validation energy MAE (per atom):    5.7 meV | validation forces RMSE:  123.0 meV/A | validation forces MAE:  68.81 meV/A
[2025-10-13 15:03:01][INFO] - Epoch:  316 | learning rate: 2.500e-05 | training loss: 1.870e-01 | training energy RMSE (per atom):   10.9 meV | training energy MAE (per atom):    7.6 meV | training forces RMSE:  122.6 meV/A | training forces MAE:  71.36 meV/A | validation loss: 1.311e-02 | validation energy RMSE (per atom):   15.8 meV | validation energy MAE (per atom):    5.3 meV | validation forces RMSE:  125.3 meV/A | validation forces MAE:  70.98 meV/A
[2025-10-13 15:03:38][INFO] - Epoch:  317 | learning rate: 2.500e-05 | training loss: 1.710e-01 | training energy RMSE (per atom):    9.3 meV | training energy MAE (per atom):    6.6 meV | training forces RMSE:  120.9 meV/A | training forces MAE:  70.08 meV/A | validation loss: 1.856e-02 | validation energy RMSE (per atom):   18.4 meV | validation energy MAE (per atom):    9.9 meV | validation forces RMSE:  160.1 meV/A | validation forces MAE:  82.46 meV/A
[2025-10-13 15:04:17][INFO] - Epoch:  318 | learning rate: 2.500e-05 | training loss: 1.756e-01 | training energy RMSE (per atom):    8.8 meV | training energy MAE (per atom):    6.2 meV | training forces RMSE:  122.7 meV/A | training forces MAE:  71.48 meV/A | validation loss: 1.277e-02 | validation energy RMSE (per atom):   15.1 meV | validation energy MAE (per atom):    4.5 meV | validation forces RMSE:  126.1 meV/A | validation forces MAE:  70.20 meV/A
[2025-10-13 15:04:55][INFO] - Epoch:  319 | learning rate: 2.500e-05 | training loss: 2.058e-01 | training energy RMSE (per atom):   12.0 meV | training energy MAE (per atom):    9.0 meV | training forces RMSE:  128.3 meV/A | training forces MAE:  74.31 meV/A | validation loss: 1.283e-02 | validation energy RMSE (per atom):   15.8 meV | validation energy MAE (per atom):    5.6 meV | validation forces RMSE:  123.9 meV/A | validation forces MAE:  68.67 meV/A
[2025-10-13 15:05:33][INFO] - Epoch:  320 | learning rate: 2.500e-05 | training loss: 1.832e-01 | training energy RMSE (per atom):   10.5 meV | training energy MAE (per atom):    7.9 meV | training forces RMSE:  123.6 meV/A | training forces MAE:  71.17 meV/A | validation loss: 1.367e-02 | validation energy RMSE (per atom):   17.3 meV | validation energy MAE (per atom):    8.4 meV | validation forces RMSE:  124.8 meV/A | validation forces MAE:  69.43 meV/A
[2025-10-13 15:06:10][INFO] - Epoch:  321 | learning rate: 2.500e-05 | training loss: 1.699e-01 | training energy RMSE (per atom):    8.8 meV | training energy MAE (per atom):    6.4 meV | training forces RMSE:  119.7 meV/A | training forces MAE:  69.56 meV/A | validation loss: 1.309e-02 | validation energy RMSE (per atom):   15.6 meV | validation energy MAE (per atom):    8.1 meV | validation forces RMSE:  128.8 meV/A | validation forces MAE:  70.80 meV/A
[2025-10-13 15:06:48][INFO] - Epoch:  322 | learning rate: 2.500e-05 | training loss: 1.732e-01 | training energy RMSE (per atom):    8.9 meV | training energy MAE (per atom):    6.2 meV | training forces RMSE:  121.4 meV/A | training forces MAE:  70.78 meV/A | validation loss: 1.371e-02 | validation energy RMSE (per atom):   15.7 meV | validation energy MAE (per atom):    6.1 meV | validation forces RMSE:  130.9 meV/A | validation forces MAE:  75.44 meV/A
[2025-10-13 15:07:27][INFO] - Epoch:  323 | learning rate: 2.500e-05 | training loss: 1.660e-01 | training energy RMSE (per atom):    8.8 meV | training energy MAE (per atom):    6.1 meV | training forces RMSE:  119.0 meV/A | training forces MAE:  69.26 meV/A | validation loss: 1.305e-02 | validation energy RMSE (per atom):   17.3 meV | validation energy MAE (per atom):   10.0 meV | validation forces RMSE:  121.2 meV/A | validation forces MAE:  68.07 meV/A
[2025-10-13 15:08:05][INFO] - Epoch:  324 | learning rate: 2.500e-05 | training loss: 1.720e-01 | training energy RMSE (per atom):    8.2 meV | training energy MAE (per atom):    5.5 meV | training forces RMSE:  122.1 meV/A | training forces MAE:  71.17 meV/A | validation loss: 1.387e-02 | validation energy RMSE (per atom):   17.4 meV | validation energy MAE (per atom):    8.4 meV | validation forces RMSE:  124.7 meV/A | validation forces MAE:  72.54 meV/A
[2025-10-13 15:08:42][INFO] - Epoch:  325 | learning rate: 2.500e-05 | training loss: 1.821e-01 | training energy RMSE (per atom):    8.5 meV | training energy MAE (per atom):    6.0 meV | training forces RMSE:  125.0 meV/A | training forces MAE:  71.81 meV/A | validation loss: 1.225e-02 | validation energy RMSE (per atom):   15.2 meV | validation energy MAE (per atom):    4.5 meV | validation forces RMSE:  121.1 meV/A | validation forces MAE:  67.68 meV/A
[2025-10-13 15:09:20][INFO] - Epoch:  326 | learning rate: 2.500e-05 | training loss: 2.291e-01 | training energy RMSE (per atom):   11.9 meV | training energy MAE (per atom):    8.2 meV | training forces RMSE:  136.1 meV/A | training forces MAE:  79.53 meV/A | validation loss: 1.255e-02 | validation energy RMSE (per atom):   15.0 meV | validation energy MAE (per atom):    5.6 meV | validation forces RMSE:  125.3 meV/A | validation forces MAE:  70.76 meV/A
[2025-10-13 15:09:58][INFO] - Epoch:  327 | learning rate: 2.500e-05 | training loss: 1.679e-01 | training energy RMSE (per atom):    8.6 meV | training energy MAE (per atom):    6.0 meV | training forces RMSE:  119.9 meV/A | training forces MAE:  68.94 meV/A | validation loss: 1.251e-02 | validation energy RMSE (per atom):   15.7 meV | validation energy MAE (per atom):    5.3 meV | validation forces RMSE:  121.6 meV/A | validation forces MAE:  67.47 meV/A
[2025-10-13 15:10:36][INFO] - Epoch:  328 | learning rate: 2.500e-05 | training loss: 1.685e-01 | training energy RMSE (per atom):    9.4 meV | training energy MAE (per atom):    6.9 meV | training forces RMSE:  119.7 meV/A | training forces MAE:  69.67 meV/A | validation loss: 1.344e-02 | validation energy RMSE (per atom):   16.8 meV | validation energy MAE (per atom):    9.3 meV | validation forces RMSE:  125.7 meV/A | validation forces MAE:  70.70 meV/A
[2025-10-13 15:11:15][INFO] - Epoch:  329 | learning rate: 2.500e-05 | training loss: 1.633e-01 | training energy RMSE (per atom):    9.0 meV | training energy MAE (per atom):    6.2 meV | training forces RMSE:  117.1 meV/A | training forces MAE:  68.44 meV/A | validation loss: 1.345e-02 | validation energy RMSE (per atom):   15.2 meV | validation energy MAE (per atom):    4.9 meV | validation forces RMSE:  132.2 meV/A | validation forces MAE:  71.96 meV/A
[2025-10-13 15:11:52][INFO] - Epoch:  330 | learning rate: 2.500e-05 | training loss: 1.675e-01 | training energy RMSE (per atom):    8.9 meV | training energy MAE (per atom):    6.5 meV | training forces RMSE:  120.0 meV/A | training forces MAE:  69.54 meV/A | validation loss: 1.221e-02 | validation energy RMSE (per atom):   14.5 meV | validation energy MAE (per atom):    4.7 meV | validation forces RMSE:  124.3 meV/A | validation forces MAE:  70.16 meV/A
[2025-10-13 15:12:30][INFO] - Epoch:  331 | learning rate: 2.500e-05 | training loss: 1.765e-01 | training energy RMSE (per atom):   10.4 meV | training energy MAE (per atom):    7.2 meV | training forces RMSE:  120.0 meV/A | training forces MAE:  69.61 meV/A | validation loss: 1.227e-02 | validation energy RMSE (per atom):   15.4 meV | validation energy MAE (per atom):    6.5 meV | validation forces RMSE:  121.4 meV/A | validation forces MAE:  67.09 meV/A
[2025-10-13 15:13:08][INFO] - Epoch:  332 | learning rate: 2.500e-05 | training loss: 1.745e-01 | training energy RMSE (per atom):    8.4 meV | training energy MAE (per atom):    5.6 meV | training forces RMSE:  121.5 meV/A | training forces MAE:  70.91 meV/A | validation loss: 1.254e-02 | validation energy RMSE (per atom):   15.1 meV | validation energy MAE (per atom):    4.9 meV | validation forces RMSE:  123.9 meV/A | validation forces MAE:  69.74 meV/A
[2025-10-13 15:13:46][INFO] - Epoch:  333 | learning rate: 2.500e-05 | training loss: 2.526e-01 | training energy RMSE (per atom):   11.1 meV | training energy MAE (per atom):    7.6 meV | training forces RMSE:  147.3 meV/A | training forces MAE:  80.72 meV/A | validation loss: 1.358e-02 | validation energy RMSE (per atom):   16.9 meV | validation energy MAE (per atom):    8.9 meV | validation forces RMSE:  126.7 meV/A | validation forces MAE:  70.66 meV/A
[2025-10-13 15:14:24][INFO] - Epoch:  334 | learning rate: 2.500e-05 | training loss: 1.661e-01 | training energy RMSE (per atom):    9.0 meV | training energy MAE (per atom):    6.8 meV | training forces RMSE:  118.3 meV/A | training forces MAE:  68.80 meV/A | validation loss: 1.275e-02 | validation energy RMSE (per atom):   15.3 meV | validation energy MAE (per atom):    5.0 meV | validation forces RMSE:  126.5 meV/A | validation forces MAE:  68.04 meV/A
[2025-10-13 15:15:02][INFO] - Epoch:  335 | learning rate: 2.500e-05 | training loss: 1.669e-01 | training energy RMSE (per atom):    8.9 meV | training energy MAE (per atom):    6.2 meV | training forces RMSE:  118.9 meV/A | training forces MAE:  68.47 meV/A | validation loss: 1.285e-02 | validation energy RMSE (per atom):   16.4 meV | validation energy MAE (per atom):    5.4 meV | validation forces RMSE:  121.9 meV/A | validation forces MAE:  67.09 meV/A
[2025-10-13 15:15:39][INFO] - Epoch:  336 | learning rate: 2.500e-05 | training loss: 1.646e-01 | training energy RMSE (per atom):    9.7 meV | training energy MAE (per atom):    7.2 meV | training forces RMSE:  116.5 meV/A | training forces MAE:  67.70 meV/A | validation loss: 1.316e-02 | validation energy RMSE (per atom):   15.1 meV | validation energy MAE (per atom):    5.4 meV | validation forces RMSE:  128.0 meV/A | validation forces MAE:  73.88 meV/A
[2025-10-13 15:16:17][INFO] - Epoch:  337 | learning rate: 2.500e-05 | training loss: 1.611e-01 | training energy RMSE (per atom):    8.6 meV | training energy MAE (per atom):    6.1 meV | training forces RMSE:  117.7 meV/A | training forces MAE:  67.89 meV/A | validation loss: 1.163e-02 | validation energy RMSE (per atom):   14.1 meV | validation energy MAE (per atom):    4.7 meV | validation forces RMSE:  123.0 meV/A | validation forces MAE:  67.58 meV/A
[2025-10-13 15:16:55][INFO] - Epoch:  338 | learning rate: 2.500e-05 | training loss: 1.667e-01 | training energy RMSE (per atom):    9.3 meV | training energy MAE (per atom):    6.5 meV | training forces RMSE:  118.0 meV/A | training forces MAE:  68.35 meV/A | validation loss: 1.238e-02 | validation energy RMSE (per atom):   14.3 meV | validation energy MAE (per atom):    4.8 meV | validation forces RMSE:  126.5 meV/A | validation forces MAE:  73.36 meV/A
[2025-10-13 15:17:33][INFO] - Epoch:  339 | learning rate: 2.500e-05 | training loss: 1.691e-01 | training energy RMSE (per atom):    8.9 meV | training energy MAE (per atom):    6.3 meV | training forces RMSE:  120.6 meV/A | training forces MAE:  70.67 meV/A | validation loss: 1.808e-02 | validation energy RMSE (per atom):   17.4 meV | validation energy MAE (per atom):   10.5 meV | validation forces RMSE:  150.9 meV/A | validation forces MAE:  95.32 meV/A
[2025-10-13 15:18:11][INFO] - Epoch:  340 | learning rate: 2.500e-05 | training loss: 1.706e-01 | training energy RMSE (per atom):    8.7 meV | training energy MAE (per atom):    6.1 meV | training forces RMSE:  120.4 meV/A | training forces MAE:  68.64 meV/A | validation loss: 1.453e-02 | validation energy RMSE (per atom):   15.5 meV | validation energy MAE (per atom):    4.8 meV | validation forces RMSE:  140.7 meV/A | validation forces MAE:  74.44 meV/A
[2025-10-13 15:18:50][INFO] - Epoch:  341 | learning rate: 2.500e-05 | training loss: 1.742e-01 | training energy RMSE (per atom):    9.4 meV | training energy MAE (per atom):    7.0 meV | training forces RMSE:  120.6 meV/A | training forces MAE:  69.42 meV/A | validation loss: 1.304e-02 | validation energy RMSE (per atom):   16.3 meV | validation energy MAE (per atom):    8.8 meV | validation forces RMSE:  125.1 meV/A | validation forces MAE:  73.12 meV/A
[2025-10-13 15:19:28][INFO] - Epoch:  342 | learning rate: 2.500e-05 | training loss: 1.876e-01 | training energy RMSE (per atom):   10.1 meV | training energy MAE (per atom):    7.0 meV | training forces RMSE:  124.7 meV/A | training forces MAE:  72.21 meV/A | validation loss: 1.301e-02 | validation energy RMSE (per atom):   15.6 meV | validation energy MAE (per atom):    4.9 meV | validation forces RMSE:  125.6 meV/A | validation forces MAE:  70.42 meV/A
[2025-10-13 15:20:05][INFO] - Epoch:  343 | learning rate: 2.500e-05 | training loss: 1.650e-01 | training energy RMSE (per atom):    8.5 meV | training energy MAE (per atom):    5.9 meV | training forces RMSE:  118.1 meV/A | training forces MAE:  69.08 meV/A | validation loss: 1.383e-02 | validation energy RMSE (per atom):   17.0 meV | validation energy MAE (per atom):   11.1 meV | validation forces RMSE:  130.1 meV/A | validation forces MAE:  73.43 meV/A
[2025-10-13 15:20:43][INFO] - Epoch:  344 | learning rate: 2.500e-05 | training loss: 1.743e-01 | training energy RMSE (per atom):    8.8 meV | training energy MAE (per atom):    6.3 meV | training forces RMSE:  121.6 meV/A | training forces MAE:  69.65 meV/A | validation loss: 1.248e-02 | validation energy RMSE (per atom):   15.5 meV | validation energy MAE (per atom):    4.5 meV | validation forces RMSE:  122.3 meV/A | validation forces MAE:  68.64 meV/A
[2025-10-13 15:21:21][INFO] - Epoch:  345 | learning rate: 2.500e-05 | training loss: 1.706e-01 | training energy RMSE (per atom):    8.3 meV | training energy MAE (per atom):    5.8 meV | training forces RMSE:  120.7 meV/A | training forces MAE:  69.38 meV/A | validation loss: 1.370e-02 | validation energy RMSE (per atom):   15.6 meV | validation energy MAE (per atom):    6.8 meV | validation forces RMSE:  134.0 meV/A | validation forces MAE:  74.49 meV/A
[2025-10-13 15:21:59][INFO] - Epoch:  346 | learning rate: 2.500e-05 | training loss: 1.739e-01 | training energy RMSE (per atom):    9.8 meV | training energy MAE (per atom):    7.1 meV | training forces RMSE:  120.2 meV/A | training forces MAE:  69.86 meV/A | validation loss: 1.356e-02 | validation energy RMSE (per atom):   15.9 meV | validation energy MAE (per atom):    5.2 meV | validation forces RMSE:  129.4 meV/A | validation forces MAE:  72.31 meV/A
[2025-10-13 15:22:37][INFO] - Epoch:  347 | learning rate: 2.500e-05 | training loss: 1.618e-01 | training energy RMSE (per atom):    8.2 meV | training energy MAE (per atom):    5.9 meV | training forces RMSE:  118.4 meV/A | training forces MAE:  68.42 meV/A | validation loss: 1.306e-02 | validation energy RMSE (per atom):   16.9 meV | validation energy MAE (per atom):    7.4 meV | validation forces RMSE:  122.2 meV/A | validation forces MAE:  67.99 meV/A
[2025-10-13 15:23:14][INFO] - Epoch:  348 | learning rate: 2.500e-05 | training loss: 1.689e-01 | training energy RMSE (per atom):    9.6 meV | training energy MAE (per atom):    6.7 meV | training forces RMSE:  118.1 meV/A | training forces MAE:  68.86 meV/A | validation loss: 1.301e-02 | validation energy RMSE (per atom):   15.5 meV | validation energy MAE (per atom):    6.4 meV | validation forces RMSE:  126.4 meV/A | validation forces MAE:  72.35 meV/A
[2025-10-13 15:23:53][INFO] - Epoch:  349 | learning rate: 2.500e-05 | training loss: 1.635e-01 | training energy RMSE (per atom):    9.0 meV | training energy MAE (per atom):    6.4 meV | training forces RMSE:  117.1 meV/A | training forces MAE:  68.11 meV/A | validation loss: 1.250e-02 | validation energy RMSE (per atom):   15.1 meV | validation energy MAE (per atom):    4.4 meV | validation forces RMSE:  123.4 meV/A | validation forces MAE:  69.84 meV/A
[2025-10-13 15:24:31][INFO] - Epoch:  350 | learning rate: 2.500e-05 | training loss: 1.589e-01 | training energy RMSE (per atom):    8.8 meV | training energy MAE (per atom):    6.2 meV | training forces RMSE:  116.8 meV/A | training forces MAE:  67.52 meV/A | validation loss: 1.270e-02 | validation energy RMSE (per atom):   15.8 meV | validation energy MAE (per atom):    6.1 meV | validation forces RMSE:  122.8 meV/A | validation forces MAE:  68.84 meV/A
[2025-10-13 15:25:08][INFO] - Epoch:  351 | learning rate: 2.500e-05 | training loss: 1.635e-01 | training energy RMSE (per atom):    9.0 meV | training energy MAE (per atom):    6.1 meV | training forces RMSE:  117.7 meV/A | training forces MAE:  68.57 meV/A | validation loss: 1.320e-02 | validation energy RMSE (per atom):   15.5 meV | validation energy MAE (per atom):    5.6 meV | validation forces RMSE:  128.8 meV/A | validation forces MAE:  70.49 meV/A
[2025-10-13 15:25:46][INFO] - Epoch:  352 | learning rate: 2.500e-05 | training loss: 1.775e-01 | training energy RMSE (per atom):    9.9 meV | training energy MAE (per atom):    7.1 meV | training forces RMSE:  121.5 meV/A | training forces MAE:  70.33 meV/A | validation loss: 1.313e-02 | validation energy RMSE (per atom):   16.4 meV | validation energy MAE (per atom):    6.9 meV | validation forces RMSE:  124.8 meV/A | validation forces MAE:  69.49 meV/A
[2025-10-13 15:26:24][INFO] - Epoch:  353 | learning rate: 2.500e-05 | training loss: 1.656e-01 | training energy RMSE (per atom):    8.9 meV | training energy MAE (per atom):    6.0 meV | training forces RMSE:  117.6 meV/A | training forces MAE:  68.31 meV/A | validation loss: 1.243e-02 | validation energy RMSE (per atom):   16.0 meV | validation energy MAE (per atom):    7.6 meV | validation forces RMSE:  121.4 meV/A | validation forces MAE:  66.49 meV/A
[2025-10-13 15:27:03][INFO] - Epoch:  354 | learning rate: 2.500e-05 | training loss: 1.609e-01 | training energy RMSE (per atom):    8.5 meV | training energy MAE (per atom):    6.0 meV | training forces RMSE:  116.8 meV/A | training forces MAE:  67.54 meV/A | validation loss: 1.247e-02 | validation energy RMSE (per atom):   16.3 meV | validation energy MAE (per atom):    8.3 meV | validation forces RMSE:  121.1 meV/A | validation forces MAE:  65.97 meV/A
[2025-10-13 15:27:41][INFO] - Epoch:  355 | learning rate: 2.500e-05 | training loss: 1.952e-01 | training energy RMSE (per atom):   10.8 meV | training energy MAE (per atom):    7.5 meV | training forces RMSE:  126.3 meV/A | training forces MAE:  72.42 meV/A | validation loss: 1.299e-02 | validation energy RMSE (per atom):   16.8 meV | validation energy MAE (per atom):    9.4 meV | validation forces RMSE:  123.7 meV/A | validation forces MAE:  67.75 meV/A
[2025-10-13 15:28:18][INFO] - Epoch:  356 | learning rate: 2.500e-05 | training loss: 1.579e-01 | training energy RMSE (per atom):    8.5 meV | training energy MAE (per atom):    6.0 meV | training forces RMSE:  115.8 meV/A | training forces MAE:  66.62 meV/A | validation loss: 1.594e-02 | validation energy RMSE (per atom):   22.2 meV | validation energy MAE (per atom):   15.1 meV | validation forces RMSE:  125.0 meV/A | validation forces MAE:  69.86 meV/A
[2025-10-13 15:28:56][INFO] - Epoch:  357 | learning rate: 2.500e-05 | training loss: 1.771e-01 | training energy RMSE (per atom):    9.6 meV | training energy MAE (per atom):    6.7 meV | training forces RMSE:  122.1 meV/A | training forces MAE:  70.78 meV/A | validation loss: 1.241e-02 | validation energy RMSE (per atom):   16.4 meV | validation energy MAE (per atom):   10.2 meV | validation forces RMSE:  121.2 meV/A | validation forces MAE:  66.36 meV/A
[2025-10-13 15:29:33][INFO] - Epoch:  358 | learning rate: 2.500e-05 | training loss: 1.590e-01 | training energy RMSE (per atom):    8.8 meV | training energy MAE (per atom):    6.4 meV | training forces RMSE:  115.7 meV/A | training forces MAE:  67.18 meV/A | validation loss: 1.374e-02 | validation energy RMSE (per atom):   17.4 meV | validation energy MAE (per atom):    8.6 meV | validation forces RMSE:  124.8 meV/A | validation forces MAE:  69.81 meV/A
[2025-10-13 15:30:11][INFO] - Epoch:  359 | learning rate: 2.500e-05 | training loss: 1.739e-01 | training energy RMSE (per atom):    9.6 meV | training energy MAE (per atom):    6.9 meV | training forces RMSE:  121.2 meV/A | training forces MAE:  70.71 meV/A | validation loss: 1.353e-02 | validation energy RMSE (per atom):   17.8 meV | validation energy MAE (per atom):   10.6 meV | validation forces RMSE:  122.5 meV/A | validation forces MAE:  70.58 meV/A
[2025-10-13 15:30:49][INFO] - Epoch:  360 | learning rate: 2.500e-05 | training loss: 1.640e-01 | training energy RMSE (per atom):    9.3 meV | training energy MAE (per atom):    6.6 meV | training forces RMSE:  117.5 meV/A | training forces MAE:  68.41 meV/A | validation loss: 1.399e-02 | validation energy RMSE (per atom):   18.1 meV | validation energy MAE (per atom):    9.7 meV | validation forces RMSE:  125.3 meV/A | validation forces MAE:  71.18 meV/A
[2025-10-13 15:31:28][INFO] - Epoch:  361 | learning rate: 2.500e-05 | training loss: 1.635e-01 | training energy RMSE (per atom):    8.6 meV | training energy MAE (per atom):    6.0 meV | training forces RMSE:  117.4 meV/A | training forces MAE:  67.98 meV/A | validation loss: 1.290e-02 | validation energy RMSE (per atom):   15.7 meV | validation energy MAE (per atom):    8.3 meV | validation forces RMSE:  126.7 meV/A | validation forces MAE:  71.63 meV/A
[2025-10-13 15:32:06][INFO] - Epoch:  362 | learning rate: 2.500e-05 | training loss: 1.666e-01 | training energy RMSE (per atom):    7.8 meV | training energy MAE (per atom):    5.3 meV | training forces RMSE:  120.4 meV/A | training forces MAE:  69.66 meV/A | validation loss: 1.223e-02 | validation energy RMSE (per atom):   14.9 meV | validation energy MAE (per atom):    4.5 meV | validation forces RMSE:  123.2 meV/A | validation forces MAE:  68.43 meV/A
[2025-10-13 15:32:43][INFO] - Epoch:  363 | learning rate: 2.500e-05 | training loss: 1.658e-01 | training energy RMSE (per atom):    9.6 meV | training energy MAE (per atom):    6.6 meV | training forces RMSE:  117.9 meV/A | training forces MAE:  68.70 meV/A | validation loss: 1.246e-02 | validation energy RMSE (per atom):   15.4 meV | validation energy MAE (per atom):    6.7 meV | validation forces RMSE:  123.2 meV/A | validation forces MAE:  69.12 meV/A
[2025-10-13 15:33:21][INFO] - Epoch:  364 | learning rate: 2.500e-05 | training loss: 1.646e-01 | training energy RMSE (per atom):   10.0 meV | training energy MAE (per atom):    7.4 meV | training forces RMSE:  116.1 meV/A | training forces MAE:  67.98 meV/A | validation loss: 1.224e-02 | validation energy RMSE (per atom):   15.4 meV | validation energy MAE (per atom):    6.2 meV | validation forces RMSE:  121.3 meV/A | validation forces MAE:  68.22 meV/A
[2025-10-13 15:33:59][INFO] - Epoch:  365 | learning rate: 2.500e-05 | training loss: 1.639e-01 | training energy RMSE (per atom):    9.4 meV | training energy MAE (per atom):    7.0 meV | training forces RMSE:  117.3 meV/A | training forces MAE:  67.54 meV/A | validation loss: 1.207e-02 | validation energy RMSE (per atom):   14.5 meV | validation energy MAE (per atom):    6.0 meV | validation forces RMSE:  125.5 meV/A | validation forces MAE:  71.64 meV/A
[2025-10-13 15:34:37][INFO] - Epoch:  366 | learning rate: 2.500e-05 | training loss: 1.641e-01 | training energy RMSE (per atom):    9.1 meV | training energy MAE (per atom):    6.3 meV | training forces RMSE:  116.8 meV/A | training forces MAE:  67.92 meV/A | validation loss: 1.310e-02 | validation energy RMSE (per atom):   16.8 meV | validation energy MAE (per atom):    9.6 meV | validation forces RMSE:  124.1 meV/A | validation forces MAE:  67.51 meV/A
[2025-10-13 15:35:15][INFO] - Epoch:  367 | learning rate: 2.500e-05 | training loss: 1.555e-01 | training energy RMSE (per atom):    8.6 meV | training energy MAE (per atom):    6.2 meV | training forces RMSE:  115.6 meV/A | training forces MAE:  67.34 meV/A | validation loss: 1.231e-02 | validation energy RMSE (per atom):   15.8 meV | validation energy MAE (per atom):    6.5 meV | validation forces RMSE:  120.4 meV/A | validation forces MAE:  67.30 meV/A
[2025-10-13 15:35:53][INFO] - Epoch:  368 | learning rate: 2.500e-05 | training loss: 1.682e-01 | training energy RMSE (per atom):   10.1 meV | training energy MAE (per atom):    7.0 meV | training forces RMSE:  117.5 meV/A | training forces MAE:  68.88 meV/A | validation loss: 1.621e-02 | validation energy RMSE (per atom):   19.0 meV | validation energy MAE (per atom):    9.9 meV | validation forces RMSE:  136.7 meV/A | validation forces MAE:  75.92 meV/A
[2025-10-13 15:36:31][INFO] - Epoch:  369 | learning rate: 2.500e-05 | training loss: 1.722e-01 | training energy RMSE (per atom):    8.6 meV | training energy MAE (per atom):    6.0 meV | training forces RMSE:  122.0 meV/A | training forces MAE:  70.35 meV/A | validation loss: 1.550e-02 | validation energy RMSE (per atom):   20.0 meV | validation energy MAE (per atom):   13.4 meV | validation forces RMSE:  127.6 meV/A | validation forces MAE:  74.51 meV/A
[2025-10-13 15:37:09][INFO] - Epoch:  370 | learning rate: 2.500e-05 | training loss: 1.610e-01 | training energy RMSE (per atom):    8.8 meV | training energy MAE (per atom):    6.2 meV | training forces RMSE:  116.3 meV/A | training forces MAE:  68.36 meV/A | validation loss: 1.282e-02 | validation energy RMSE (per atom):   16.6 meV | validation energy MAE (per atom):    7.4 meV | validation forces RMSE:  121.3 meV/A | validation forces MAE:  67.74 meV/A
[2025-10-13 15:37:47][INFO] - Epoch:  371 | learning rate: 2.500e-05 | training loss: 1.609e-01 | training energy RMSE (per atom):    9.4 meV | training energy MAE (per atom):    6.7 meV | training forces RMSE:  116.5 meV/A | training forces MAE:  67.92 meV/A | validation loss: 1.220e-02 | validation energy RMSE (per atom):   15.4 meV | validation energy MAE (per atom):    4.7 meV | validation forces RMSE:  120.9 meV/A | validation forces MAE:  66.67 meV/A
[2025-10-13 15:38:25][INFO] - Epoch:  372 | learning rate: 2.500e-05 | training loss: 1.597e-01 | training energy RMSE (per atom):    8.5 meV | training energy MAE (per atom):    5.9 meV | training forces RMSE:  116.7 meV/A | training forces MAE:  68.23 meV/A | validation loss: 1.290e-02 | validation energy RMSE (per atom):   16.0 meV | validation energy MAE (per atom):    6.1 meV | validation forces RMSE:  123.9 meV/A | validation forces MAE:  69.29 meV/A
[2025-10-13 15:39:03][INFO] - Epoch:  373 | learning rate: 2.500e-05 | training loss: 1.745e-01 | training energy RMSE (per atom):    8.7 meV | training energy MAE (per atom):    6.2 meV | training forces RMSE:  121.9 meV/A | training forces MAE:  70.63 meV/A | validation loss: 1.234e-02 | validation energy RMSE (per atom):   14.8 meV | validation energy MAE (per atom):    7.1 meV | validation forces RMSE:  126.6 meV/A | validation forces MAE:  69.62 meV/A
[2025-10-13 15:39:41][INFO] - Epoch:  374 | learning rate: 2.500e-05 | training loss: 1.546e-01 | training energy RMSE (per atom):    8.4 meV | training energy MAE (per atom):    6.0 meV | training forces RMSE:  115.0 meV/A | training forces MAE:  66.49 meV/A | validation loss: 1.268e-02 | validation energy RMSE (per atom):   15.3 meV | validation energy MAE (per atom):    5.3 meV | validation forces RMSE:  126.5 meV/A | validation forces MAE:  67.65 meV/A
[2025-10-13 15:40:19][INFO] - Epoch:  375 | learning rate: 2.500e-05 | training loss: 1.559e-01 | training energy RMSE (per atom):    8.6 meV | training energy MAE (per atom):    5.7 meV | training forces RMSE:  114.6 meV/A | training forces MAE:  66.73 meV/A | validation loss: 1.311e-02 | validation energy RMSE (per atom):   14.5 meV | validation energy MAE (per atom):    5.2 meV | validation forces RMSE:  134.4 meV/A | validation forces MAE:  74.88 meV/A
[2025-10-13 15:40:58][INFO] - Epoch:  376 | learning rate: 2.500e-05 | training loss: 1.717e-01 | training energy RMSE (per atom):    8.6 meV | training energy MAE (per atom):    6.1 meV | training forces RMSE:  121.0 meV/A | training forces MAE:  70.63 meV/A | validation loss: 1.330e-02 | validation energy RMSE (per atom):   16.6 meV | validation energy MAE (per atom):    6.6 meV | validation forces RMSE:  125.7 meV/A | validation forces MAE:  69.42 meV/A
[2025-10-13 15:41:35][INFO] - Epoch:  377 | learning rate: 2.500e-05 | training loss: 1.575e-01 | training energy RMSE (per atom):    8.9 meV | training energy MAE (per atom):    6.5 meV | training forces RMSE:  114.7 meV/A | training forces MAE:  66.90 meV/A | validation loss: 1.181e-02 | validation energy RMSE (per atom):   15.1 meV | validation energy MAE (per atom):    4.4 meV | validation forces RMSE:  119.4 meV/A | validation forces MAE:  64.90 meV/A
[2025-10-13 15:42:14][INFO] - Epoch:  378 | learning rate: 2.500e-05 | training loss: 1.548e-01 | training energy RMSE (per atom):    8.1 meV | training energy MAE (per atom):    5.8 meV | training forces RMSE:  115.2 meV/A | training forces MAE:  67.96 meV/A | validation loss: 1.258e-02 | validation energy RMSE (per atom):   15.9 meV | validation energy MAE (per atom):    7.4 meV | validation forces RMSE:  122.9 meV/A | validation forces MAE:  67.84 meV/A
[2025-10-13 15:42:51][INFO] - Epoch:  379 | learning rate: 2.500e-05 | training loss: 1.635e-01 | training energy RMSE (per atom):    8.0 meV | training energy MAE (per atom):    5.6 meV | training forces RMSE:  119.6 meV/A | training forces MAE:  68.97 meV/A | validation loss: 1.250e-02 | validation energy RMSE (per atom):   15.3 meV | validation energy MAE (per atom):    4.3 meV | validation forces RMSE:  123.3 meV/A | validation forces MAE:  68.25 meV/A
[2025-10-13 15:43:29][INFO] - Epoch:  380 | learning rate: 2.500e-05 | training loss: 1.620e-01 | training energy RMSE (per atom):    9.2 meV | training energy MAE (per atom):    6.4 meV | training forces RMSE:  116.4 meV/A | training forces MAE:  67.91 meV/A | validation loss: 1.236e-02 | validation energy RMSE (per atom):   15.0 meV | validation energy MAE (per atom):    5.4 meV | validation forces RMSE:  125.4 meV/A | validation forces MAE:  68.49 meV/A
[2025-10-13 15:44:07][INFO] - Epoch:  381 | learning rate: 2.500e-05 | training loss: 1.585e-01 | training energy RMSE (per atom):    9.2 meV | training energy MAE (per atom):    6.4 meV | training forces RMSE:  115.5 meV/A | training forces MAE:  66.69 meV/A | validation loss: 1.280e-02 | validation energy RMSE (per atom):   15.3 meV | validation energy MAE (per atom):    4.4 meV | validation forces RMSE:  126.6 meV/A | validation forces MAE:  68.15 meV/A
[2025-10-13 15:44:45][INFO] - Epoch:  382 | learning rate: 2.500e-05 | training loss: 1.525e-01 | training energy RMSE (per atom):    8.7 meV | training energy MAE (per atom):    6.3 meV | training forces RMSE:  113.6 meV/A | training forces MAE:  65.71 meV/A | validation loss: 1.238e-02 | validation energy RMSE (per atom):   15.5 meV | validation energy MAE (per atom):    6.5 meV | validation forces RMSE:  123.2 meV/A | validation forces MAE:  67.77 meV/A
[2025-10-13 15:45:23][INFO] - Epoch:  383 | learning rate: 2.500e-05 | training loss: 1.564e-01 | training energy RMSE (per atom):   10.0 meV | training energy MAE (per atom):    7.1 meV | training forces RMSE:  113.7 meV/A | training forces MAE:  66.23 meV/A | validation loss: 1.254e-02 | validation energy RMSE (per atom):   15.3 meV | validation energy MAE (per atom):    5.7 meV | validation forces RMSE:  125.1 meV/A | validation forces MAE:  67.52 meV/A
[2025-10-13 15:46:01][INFO] - Epoch:  384 | learning rate: 2.500e-05 | training loss: 1.543e-01 | training energy RMSE (per atom):    8.3 meV | training energy MAE (per atom):    5.8 meV | training forces RMSE:  115.1 meV/A | training forces MAE:  67.10 meV/A | validation loss: 1.210e-02 | validation energy RMSE (per atom):   15.1 meV | validation energy MAE (per atom):    5.4 meV | validation forces RMSE:  122.0 meV/A | validation forces MAE:  66.74 meV/A
[2025-10-13 15:46:39][INFO] - Epoch:  385 | learning rate: 2.500e-05 | training loss: 1.702e-01 | training energy RMSE (per atom):   10.4 meV | training energy MAE (per atom):    7.4 meV | training forces RMSE:  117.5 meV/A | training forces MAE:  67.71 meV/A | validation loss: 1.186e-02 | validation energy RMSE (per atom):   15.4 meV | validation energy MAE (per atom):    6.3 meV | validation forces RMSE:  118.5 meV/A | validation forces MAE:  65.29 meV/A
[2025-10-13 15:47:17][INFO] - Epoch:  386 | learning rate: 2.500e-05 | training loss: 1.612e-01 | training energy RMSE (per atom):    9.5 meV | training energy MAE (per atom):    6.5 meV | training forces RMSE:  115.7 meV/A | training forces MAE:  66.82 meV/A | validation loss: 1.388e-02 | validation energy RMSE (per atom):   18.5 meV | validation energy MAE (per atom):    9.6 meV | validation forces RMSE:  120.6 meV/A | validation forces MAE:  67.11 meV/A
[2025-10-13 15:47:55][INFO] - Epoch:  387 | learning rate: 2.500e-05 | training loss: 1.585e-01 | training energy RMSE (per atom):    8.4 meV | training energy MAE (per atom):    5.6 meV | training forces RMSE:  115.6 meV/A | training forces MAE:  68.50 meV/A | validation loss: 1.235e-02 | validation energy RMSE (per atom):   16.2 meV | validation energy MAE (per atom):    7.4 meV | validation forces RMSE:  120.2 meV/A | validation forces MAE:  64.95 meV/A
[2025-10-13 15:48:33][INFO] - Epoch:  388 | learning rate: 2.500e-05 | training loss: 1.683e-01 | training energy RMSE (per atom):    9.1 meV | training energy MAE (per atom):    6.5 meV | training forces RMSE:  119.1 meV/A | training forces MAE:  69.59 meV/A | validation loss: 1.509e-02 | validation energy RMSE (per atom):   14.8 meV | validation energy MAE (per atom):    5.6 meV | validation forces RMSE:  148.6 meV/A | validation forces MAE:  77.66 meV/A
[2025-10-13 15:49:11][INFO] - Epoch:  389 | learning rate: 2.500e-05 | training loss: 1.572e-01 | training energy RMSE (per atom):    8.4 meV | training energy MAE (per atom):    5.9 meV | training forces RMSE:  116.1 meV/A | training forces MAE:  67.16 meV/A | validation loss: 1.364e-02 | validation energy RMSE (per atom):   17.0 meV | validation energy MAE (per atom):    9.1 meV | validation forces RMSE:  127.4 meV/A | validation forces MAE:  72.35 meV/A
[2025-10-13 15:49:49][INFO] - Epoch:  390 | learning rate: 2.500e-05 | training loss: 1.474e-01 | training energy RMSE (per atom):    8.3 meV | training energy MAE (per atom):    5.7 meV | training forces RMSE:  112.1 meV/A | training forces MAE:  65.00 meV/A | validation loss: 1.308e-02 | validation energy RMSE (per atom):   15.7 meV | validation energy MAE (per atom):    5.5 meV | validation forces RMSE:  127.7 meV/A | validation forces MAE:  68.84 meV/A
[2025-10-13 15:50:27][INFO] - Epoch:  391 | learning rate: 2.500e-05 | training loss: 1.668e-01 | training energy RMSE (per atom):    9.2 meV | training energy MAE (per atom):    6.5 meV | training forces RMSE:  118.7 meV/A | training forces MAE:  69.63 meV/A | validation loss: 1.228e-02 | validation energy RMSE (per atom):   15.5 meV | validation energy MAE (per atom):    4.9 meV | validation forces RMSE:  120.3 meV/A | validation forces MAE:  66.38 meV/A
[2025-10-13 15:51:04][INFO] - Epoch:  392 | learning rate: 2.500e-05 | training loss: 1.517e-01 | training energy RMSE (per atom):    7.9 meV | training energy MAE (per atom):    5.5 meV | training forces RMSE:  114.6 meV/A | training forces MAE:  65.83 meV/A | validation loss: 1.173e-02 | validation energy RMSE (per atom):   15.0 meV | validation energy MAE (per atom):    5.6 meV | validation forces RMSE:  119.9 meV/A | validation forces MAE:  65.85 meV/A
[2025-10-13 15:51:42][INFO] - Epoch:  393 | learning rate: 2.500e-05 | training loss: 1.545e-01 | training energy RMSE (per atom):    9.5 meV | training energy MAE (per atom):    6.6 meV | training forces RMSE:  113.1 meV/A | training forces MAE:  66.77 meV/A | validation loss: 1.435e-02 | validation energy RMSE (per atom):   19.1 meV | validation energy MAE (per atom):   10.6 meV | validation forces RMSE:  122.5 meV/A | validation forces MAE:  67.86 meV/A
[2025-10-13 15:52:20][INFO] - Epoch:  394 | learning rate: 2.500e-05 | training loss: 1.515e-01 | training energy RMSE (per atom):    7.6 meV | training energy MAE (per atom):    5.1 meV | training forces RMSE:  114.5 meV/A | training forces MAE:  66.92 meV/A | validation loss: 1.287e-02 | validation energy RMSE (per atom):   15.7 meV | validation energy MAE (per atom):    7.5 meV | validation forces RMSE:  126.2 meV/A | validation forces MAE:  70.30 meV/A
[2025-10-13 15:52:58][INFO] - Epoch:  395 | learning rate: 2.500e-05 | training loss: 1.621e-01 | training energy RMSE (per atom):    9.2 meV | training energy MAE (per atom):    6.6 meV | training forces RMSE:  116.7 meV/A | training forces MAE:  66.56 meV/A | validation loss: 1.231e-02 | validation energy RMSE (per atom):   14.7 meV | validation energy MAE (per atom):    4.7 meV | validation forces RMSE:  126.5 meV/A | validation forces MAE:  70.00 meV/A
[2025-10-13 15:53:36][INFO] - Epoch:  396 | learning rate: 2.500e-05 | training loss: 1.606e-01 | training energy RMSE (per atom):    9.0 meV | training energy MAE (per atom):    6.5 meV | training forces RMSE:  116.9 meV/A | training forces MAE:  68.33 meV/A | validation loss: 1.215e-02 | validation energy RMSE (per atom):   15.4 meV | validation energy MAE (per atom):    8.0 meV | validation forces RMSE:  122.6 meV/A | validation forces MAE:  68.62 meV/A
[2025-10-13 15:54:14][INFO] - Epoch:  397 | learning rate: 2.500e-05 | training loss: 1.557e-01 | training energy RMSE (per atom):    8.6 meV | training energy MAE (per atom):    6.2 meV | training forces RMSE:  115.1 meV/A | training forces MAE:  66.80 meV/A | validation loss: 1.378e-02 | validation energy RMSE (per atom):   17.9 meV | validation energy MAE (per atom):   10.0 meV | validation forces RMSE:  122.8 meV/A | validation forces MAE:  70.48 meV/A
[2025-10-13 15:54:52][INFO] - Epoch:  398 | learning rate: 2.500e-05 | training loss: 1.911e-01 | training energy RMSE (per atom):    9.7 meV | training energy MAE (per atom):    7.0 meV | training forces RMSE:  126.3 meV/A | training forces MAE:  71.95 meV/A | validation loss: 1.368e-02 | validation energy RMSE (per atom):   16.7 meV | validation energy MAE (per atom):    7.1 meV | validation forces RMSE:  126.1 meV/A | validation forces MAE:  72.05 meV/A
[2025-10-13 15:55:29][INFO] - Epoch:  399 | learning rate: 2.500e-05 | training loss: 1.527e-01 | training energy RMSE (per atom):    8.7 meV | training energy MAE (per atom):    6.0 meV | training forces RMSE:  113.6 meV/A | training forces MAE:  66.71 meV/A | validation loss: 1.163e-02 | validation energy RMSE (per atom):   14.5 meV | validation energy MAE (per atom):    4.2 meV | validation forces RMSE:  120.8 meV/A | validation forces MAE:  64.98 meV/A
[2025-10-13 15:56:07][INFO] - Epoch:  400 | learning rate: 2.500e-05 | training loss: 1.487e-01 | training energy RMSE (per atom):    8.9 meV | training energy MAE (per atom):    6.4 meV | training forces RMSE:  111.5 meV/A | training forces MAE:  65.12 meV/A | validation loss: 1.156e-02 | validation energy RMSE (per atom):   15.2 meV | validation energy MAE (per atom):    5.0 meV | validation forces RMSE:  116.7 meV/A | validation forces MAE:  64.45 meV/A
[2025-10-13 15:56:44][INFO] - Epoch:  401 | learning rate: 2.500e-05 | training loss: 1.601e-01 | training energy RMSE (per atom):    8.8 meV | training energy MAE (per atom):    6.3 meV | training forces RMSE:  116.2 meV/A | training forces MAE:  67.22 meV/A | validation loss: 1.111e-02 | validation energy RMSE (per atom):   14.0 meV | validation energy MAE (per atom):    4.4 meV | validation forces RMSE:  118.2 meV/A | validation forces MAE:  64.74 meV/A
[2025-10-13 15:57:23][INFO] - Epoch:  402 | learning rate: 2.500e-05 | training loss: 1.520e-01 | training energy RMSE (per atom):    8.9 meV | training energy MAE (per atom):    6.4 meV | training forces RMSE:  112.5 meV/A | training forces MAE:  65.92 meV/A | validation loss: 1.273e-02 | validation energy RMSE (per atom):   17.0 meV | validation energy MAE (per atom):    8.4 meV | validation forces RMSE:  119.5 meV/A | validation forces MAE:  65.42 meV/A
[2025-10-13 15:58:01][INFO] - Epoch:  403 | learning rate: 2.500e-05 | training loss: 1.452e-01 | training energy RMSE (per atom):    8.5 meV | training energy MAE (per atom):    6.0 meV | training forces RMSE:  110.8 meV/A | training forces MAE:  64.88 meV/A | validation loss: 1.327e-02 | validation energy RMSE (per atom):   16.3 meV | validation energy MAE (per atom):    6.0 meV | validation forces RMSE:  128.4 meV/A | validation forces MAE:  67.23 meV/A
[2025-10-13 15:58:39][INFO] - Epoch:  404 | learning rate: 2.500e-05 | training loss: 1.578e-01 | training energy RMSE (per atom):    9.1 meV | training energy MAE (per atom):    6.7 meV | training forces RMSE:  115.2 meV/A | training forces MAE:  67.13 meV/A | validation loss: 1.400e-02 | validation energy RMSE (per atom):   18.1 meV | validation energy MAE (per atom):   10.1 meV | validation forces RMSE:  126.9 meV/A | validation forces MAE:  67.84 meV/A
[2025-10-13 15:59:17][INFO] - Epoch:  405 | learning rate: 2.500e-05 | training loss: 1.612e-01 | training energy RMSE (per atom):   10.4 meV | training energy MAE (per atom):    7.1 meV | training forces RMSE:  114.3 meV/A | training forces MAE:  67.14 meV/A | validation loss: 1.266e-02 | validation energy RMSE (per atom):   16.4 meV | validation energy MAE (per atom):    9.2 meV | validation forces RMSE:  122.0 meV/A | validation forces MAE:  68.15 meV/A
[2025-10-13 15:59:54][INFO] - Epoch:  406 | learning rate: 2.500e-05 | training loss: 1.510e-01 | training energy RMSE (per atom):    7.7 meV | training energy MAE (per atom):    5.3 meV | training forces RMSE:  113.8 meV/A | training forces MAE:  66.00 meV/A | validation loss: 2.059e-02 | validation energy RMSE (per atom):   17.9 meV | validation energy MAE (per atom):   10.5 meV | validation forces RMSE:  176.9 meV/A | validation forces MAE:  90.09 meV/A
[2025-10-13 16:00:32][INFO] - Epoch:  407 | learning rate: 2.500e-05 | training loss: 1.650e-01 | training energy RMSE (per atom):    9.3 meV | training energy MAE (per atom):    6.6 meV | training forces RMSE:  118.4 meV/A | training forces MAE:  69.71 meV/A | validation loss: 1.151e-02 | validation energy RMSE (per atom):   15.8 meV | validation energy MAE (per atom):    8.6 meV | validation forces RMSE:  116.0 meV/A | validation forces MAE:  64.11 meV/A
[2025-10-13 16:01:10][INFO] - Epoch:  408 | learning rate: 2.500e-05 | training loss: 1.587e-01 | training energy RMSE (per atom):    9.2 meV | training energy MAE (per atom):    6.8 meV | training forces RMSE:  115.9 meV/A | training forces MAE:  67.50 meV/A | validation loss: 1.299e-02 | validation energy RMSE (per atom):   14.7 meV | validation energy MAE (per atom):    4.4 meV | validation forces RMSE:  133.0 meV/A | validation forces MAE:  70.60 meV/A
[2025-10-13 16:01:47][INFO] - Epoch:  409 | learning rate: 2.500e-05 | training loss: 1.529e-01 | training energy RMSE (per atom):    8.9 meV | training energy MAE (per atom):    6.3 meV | training forces RMSE:  113.3 meV/A | training forces MAE:  65.85 meV/A | validation loss: 1.778e-02 | validation energy RMSE (per atom):   23.7 meV | validation energy MAE (per atom):   19.6 meV | validation forces RMSE:  133.4 meV/A | validation forces MAE:  75.98 meV/A
[2025-10-13 16:02:25][INFO] - Epoch:  410 | learning rate: 2.500e-05 | training loss: 1.634e-01 | training energy RMSE (per atom):   10.3 meV | training energy MAE (per atom):    7.5 meV | training forces RMSE:  115.8 meV/A | training forces MAE:  67.65 meV/A | validation loss: 1.183e-02 | validation energy RMSE (per atom):   14.9 meV | validation energy MAE (per atom):    4.4 meV | validation forces RMSE:  120.5 meV/A | validation forces MAE:  65.58 meV/A
[2025-10-13 16:03:03][INFO] - Epoch:  411 | learning rate: 2.500e-05 | training loss: 1.540e-01 | training energy RMSE (per atom):    9.8 meV | training energy MAE (per atom):    7.0 meV | training forces RMSE:  112.1 meV/A | training forces MAE:  65.03 meV/A | validation loss: 1.210e-02 | validation energy RMSE (per atom):   16.2 meV | validation energy MAE (per atom):    9.6 meV | validation forces RMSE:  119.3 meV/A | validation forces MAE:  65.78 meV/A
[2025-10-13 16:03:41][INFO] - Epoch:  412 | learning rate: 2.500e-05 | training loss: 1.551e-01 | training energy RMSE (per atom):    9.1 meV | training energy MAE (per atom):    6.6 meV | training forces RMSE:  114.4 meV/A | training forces MAE:  67.20 meV/A | validation loss: 1.238e-02 | validation energy RMSE (per atom):   15.3 meV | validation energy MAE (per atom):    6.4 meV | validation forces RMSE:  123.2 meV/A | validation forces MAE:  68.24 meV/A
[2025-10-13 16:04:19][INFO] - Epoch:  413 | learning rate: 2.500e-05 | training loss: 1.567e-01 | training energy RMSE (per atom):    8.0 meV | training energy MAE (per atom):    5.6 meV | training forces RMSE:  116.9 meV/A | training forces MAE:  68.04 meV/A | validation loss: 1.237e-02 | validation energy RMSE (per atom):   15.4 meV | validation energy MAE (per atom):    5.2 meV | validation forces RMSE:  122.7 meV/A | validation forces MAE:  67.00 meV/A
[2025-10-13 16:04:57][INFO] - Epoch:  414 | learning rate: 2.500e-05 | training loss: 1.572e-01 | training energy RMSE (per atom):    9.6 meV | training energy MAE (per atom):    6.9 meV | training forces RMSE:  114.4 meV/A | training forces MAE:  66.97 meV/A | validation loss: 1.148e-02 | validation energy RMSE (per atom):   14.4 meV | validation energy MAE (per atom):    3.9 meV | validation forces RMSE:  119.4 meV/A | validation forces MAE:  65.93 meV/A
[2025-10-13 16:05:35][INFO] - Epoch:  415 | learning rate: 2.500e-05 | training loss: 1.420e-01 | training energy RMSE (per atom):    7.2 meV | training energy MAE (per atom):    4.9 meV | training forces RMSE:  110.5 meV/A | training forces MAE:  64.53 meV/A | validation loss: 1.276e-02 | validation energy RMSE (per atom):   16.0 meV | validation energy MAE (per atom):    4.8 meV | validation forces RMSE:  121.8 meV/A | validation forces MAE:  68.98 meV/A
[2025-10-13 16:06:13][INFO] - Epoch:  416 | learning rate: 2.500e-05 | training loss: 1.722e-01 | training energy RMSE (per atom):    7.9 meV | training energy MAE (per atom):    5.6 meV | training forces RMSE:  124.5 meV/A | training forces MAE:  70.28 meV/A | validation loss: 1.483e-02 | validation energy RMSE (per atom):   16.1 meV | validation energy MAE (per atom):    5.0 meV | validation forces RMSE:  140.1 meV/A | validation forces MAE:  75.68 meV/A
[2025-10-13 16:06:50][INFO] - Epoch:  417 | learning rate: 2.500e-05 | training loss: 1.489e-01 | training energy RMSE (per atom):    9.1 meV | training energy MAE (per atom):    6.4 meV | training forces RMSE:  110.8 meV/A | training forces MAE:  64.70 meV/A | validation loss: 1.234e-02 | validation energy RMSE (per atom):   16.2 meV | validation energy MAE (per atom):    5.8 meV | validation forces RMSE:  121.8 meV/A | validation forces MAE:  66.45 meV/A
[2025-10-13 16:07:29][INFO] - Epoch:  418 | learning rate: 2.500e-05 | training loss: 1.452e-01 | training energy RMSE (per atom):    8.7 meV | training energy MAE (per atom):    6.1 meV | training forces RMSE:  110.3 meV/A | training forces MAE:  65.08 meV/A | validation loss: 1.181e-02 | validation energy RMSE (per atom):   14.8 meV | validation energy MAE (per atom):    5.1 meV | validation forces RMSE:  121.4 meV/A | validation forces MAE:  66.98 meV/A
[2025-10-13 16:08:07][INFO] - Epoch:  419 | learning rate: 2.500e-05 | training loss: 1.695e-01 | training energy RMSE (per atom):   10.2 meV | training energy MAE (per atom):    7.2 meV | training forces RMSE:  117.1 meV/A | training forces MAE:  69.41 meV/A | validation loss: 1.151e-02 | validation energy RMSE (per atom):   14.2 meV | validation energy MAE (per atom):    5.7 meV | validation forces RMSE:  121.2 meV/A | validation forces MAE:  66.84 meV/A
[2025-10-13 16:08:45][INFO] - Epoch:  420 | learning rate: 2.500e-05 | training loss: 1.598e-01 | training energy RMSE (per atom):   10.1 meV | training energy MAE (per atom):    7.4 meV | training forces RMSE:  114.8 meV/A | training forces MAE:  65.71 meV/A | validation loss: 1.216e-02 | validation energy RMSE (per atom):   15.0 meV | validation energy MAE (per atom):    4.1 meV | validation forces RMSE:  122.6 meV/A | validation forces MAE:  66.49 meV/A
[2025-10-13 16:09:22][INFO] - Epoch:  421 | learning rate: 2.500e-05 | training loss: 1.486e-01 | training energy RMSE (per atom):    9.2 meV | training energy MAE (per atom):    6.5 meV | training forces RMSE:  110.5 meV/A | training forces MAE:  64.17 meV/A | validation loss: 1.233e-02 | validation energy RMSE (per atom):   15.3 meV | validation energy MAE (per atom):    5.5 meV | validation forces RMSE:  122.6 meV/A | validation forces MAE:  67.63 meV/A
[2025-10-13 16:10:00][INFO] - Epoch:  422 | learning rate: 2.500e-05 | training loss: 1.491e-01 | training energy RMSE (per atom):    8.1 meV | training energy MAE (per atom):    5.5 meV | training forces RMSE:  112.7 meV/A | training forces MAE:  66.39 meV/A | validation loss: 1.204e-02 | validation energy RMSE (per atom):   15.3 meV | validation energy MAE (per atom):    4.6 meV | validation forces RMSE:  120.1 meV/A | validation forces MAE:  65.56 meV/A
[2025-10-13 16:10:38][INFO] - Epoch:  423 | learning rate: 2.500e-05 | training loss: 1.595e-01 | training energy RMSE (per atom):    9.3 meV | training energy MAE (per atom):    6.5 meV | training forces RMSE:  114.9 meV/A | training forces MAE:  67.33 meV/A | validation loss: 1.177e-02 | validation energy RMSE (per atom):   14.8 meV | validation energy MAE (per atom):    3.8 meV | validation forces RMSE:  120.0 meV/A | validation forces MAE:  64.73 meV/A
[2025-10-13 16:11:16][INFO] - Epoch:  424 | learning rate: 2.500e-05 | training loss: 1.590e-01 | training energy RMSE (per atom):    8.8 meV | training energy MAE (per atom):    6.2 meV | training forces RMSE:  115.2 meV/A | training forces MAE:  67.72 meV/A | validation loss: 1.213e-02 | validation energy RMSE (per atom):   16.7 meV | validation energy MAE (per atom):   11.1 meV | validation forces RMSE:  119.6 meV/A | validation forces MAE:  64.92 meV/A
[2025-10-13 16:11:54][INFO] - Epoch:  425 | learning rate: 2.500e-05 | training loss: 1.433e-01 | training energy RMSE (per atom):    8.1 meV | training energy MAE (per atom):    5.8 meV | training forces RMSE:  111.1 meV/A | training forces MAE:  64.51 meV/A | validation loss: 1.266e-02 | validation energy RMSE (per atom):   15.7 meV | validation energy MAE (per atom):    6.8 meV | validation forces RMSE:  124.1 meV/A | validation forces MAE:  68.35 meV/A
[2025-10-13 16:12:31][INFO] - Epoch:  426 | learning rate: 2.500e-05 | training loss: 1.506e-01 | training energy RMSE (per atom):    9.1 meV | training energy MAE (per atom):    6.3 meV | training forces RMSE:  112.0 meV/A | training forces MAE:  65.19 meV/A | validation loss: 1.206e-02 | validation energy RMSE (per atom):   15.5 meV | validation energy MAE (per atom):    5.9 meV | validation forces RMSE:  120.1 meV/A | validation forces MAE:  65.85 meV/A
[2025-10-13 16:13:09][INFO] - Epoch:  427 | learning rate: 2.500e-05 | training loss: 1.481e-01 | training energy RMSE (per atom):    8.5 meV | training energy MAE (per atom):    5.9 meV | training forces RMSE:  111.4 meV/A | training forces MAE:  64.46 meV/A | validation loss: 1.178e-02 | validation energy RMSE (per atom):   15.6 meV | validation energy MAE (per atom):    6.2 meV | validation forces RMSE:  117.0 meV/A | validation forces MAE:  63.60 meV/A
[2025-10-13 16:13:47][INFO] - Epoch:  428 | learning rate: 2.500e-05 | training loss: 1.445e-01 | training energy RMSE (per atom):    8.2 meV | training energy MAE (per atom):    5.6 meV | training forces RMSE:  110.7 meV/A | training forces MAE:  64.96 meV/A | validation loss: 1.171e-02 | validation energy RMSE (per atom):   14.6 meV | validation energy MAE (per atom):    4.1 meV | validation forces RMSE:  120.6 meV/A | validation forces MAE:  67.97 meV/A
[2025-10-13 16:14:25][INFO] - Epoch:  429 | learning rate: 2.500e-05 | training loss: 1.519e-01 | training energy RMSE (per atom):    8.4 meV | training energy MAE (per atom):    5.9 meV | training forces RMSE:  113.6 meV/A | training forces MAE:  66.20 meV/A | validation loss: 1.246e-02 | validation energy RMSE (per atom):   16.9 meV | validation energy MAE (per atom):   10.3 meV | validation forces RMSE:  120.3 meV/A | validation forces MAE:  66.17 meV/A
[2025-10-13 16:15:04][INFO] - Epoch:  430 | learning rate: 2.500e-05 | training loss: 1.475e-01 | training energy RMSE (per atom):    8.7 meV | training energy MAE (per atom):    5.9 meV | training forces RMSE:  111.3 meV/A | training forces MAE:  64.98 meV/A | validation loss: 1.130e-02 | validation energy RMSE (per atom):   15.4 meV | validation energy MAE (per atom):    6.5 meV | validation forces RMSE:  114.9 meV/A | validation forces MAE:  62.60 meV/A
[2025-10-13 16:15:43][INFO] - Epoch:  431 | learning rate: 2.500e-05 | training loss: 1.428e-01 | training energy RMSE (per atom):    7.9 meV | training energy MAE (per atom):    5.6 meV | training forces RMSE:  110.6 meV/A | training forces MAE:  64.76 meV/A | validation loss: 1.222e-02 | validation energy RMSE (per atom):   16.6 meV | validation energy MAE (per atom):    9.7 meV | validation forces RMSE:  119.3 meV/A | validation forces MAE:  65.31 meV/A
[2025-10-13 16:16:20][INFO] - Epoch:  432 | learning rate: 2.500e-05 | training loss: 1.511e-01 | training energy RMSE (per atom):    9.1 meV | training energy MAE (per atom):    6.4 meV | training forces RMSE:  112.4 meV/A | training forces MAE:  65.23 meV/A | validation loss: 1.273e-02 | validation energy RMSE (per atom):   16.1 meV | validation energy MAE (per atom):    5.5 meV | validation forces RMSE:  122.6 meV/A | validation forces MAE:  66.08 meV/A
[2025-10-13 16:16:58][INFO] - Epoch:  433 | learning rate: 2.500e-05 | training loss: 1.449e-01 | training energy RMSE (per atom):    8.1 meV | training energy MAE (per atom):    5.7 meV | training forces RMSE:  110.5 meV/A | training forces MAE:  64.66 meV/A | validation loss: 1.217e-02 | validation energy RMSE (per atom):   15.2 meV | validation energy MAE (per atom):    6.4 meV | validation forces RMSE:  124.1 meV/A | validation forces MAE:  66.91 meV/A
[2025-10-13 16:17:36][INFO] - Epoch:  434 | learning rate: 2.500e-05 | training loss: 1.584e-01 | training energy RMSE (per atom):    9.6 meV | training energy MAE (per atom):    7.0 meV | training forces RMSE:  114.2 meV/A | training forces MAE:  66.71 meV/A | validation loss: 1.291e-02 | validation energy RMSE (per atom):   16.3 meV | validation energy MAE (per atom):    7.9 meV | validation forces RMSE:  122.8 meV/A | validation forces MAE:  71.02 meV/A
[2025-10-13 16:18:14][INFO] - Epoch:  435 | learning rate: 2.500e-05 | training loss: 1.457e-01 | training energy RMSE (per atom):    8.9 meV | training energy MAE (per atom):    6.5 meV | training forces RMSE:  111.0 meV/A | training forces MAE:  64.97 meV/A | validation loss: 1.211e-02 | validation energy RMSE (per atom):   15.9 meV | validation energy MAE (per atom):    6.7 meV | validation forces RMSE:  118.4 meV/A | validation forces MAE:  64.49 meV/A
[2025-10-13 16:18:51][INFO] - Epoch:  436 | learning rate: 2.500e-05 | training loss: 1.541e-01 | training energy RMSE (per atom):    9.1 meV | training energy MAE (per atom):    6.6 meV | training forces RMSE:  113.9 meV/A | training forces MAE:  66.93 meV/A | validation loss: 1.136e-02 | validation energy RMSE (per atom):   14.7 meV | validation energy MAE (per atom):    7.4 meV | validation forces RMSE:  120.5 meV/A | validation forces MAE:  66.06 meV/A
[2025-10-13 16:19:29][INFO] - Epoch:  437 | learning rate: 2.500e-05 | training loss: 1.456e-01 | training energy RMSE (per atom):    7.8 meV | training energy MAE (per atom):    5.4 meV | training forces RMSE:  111.6 meV/A | training forces MAE:  65.40 meV/A | validation loss: 1.170e-02 | validation energy RMSE (per atom):   14.7 meV | validation energy MAE (per atom):    5.9 meV | validation forces RMSE:  120.0 meV/A | validation forces MAE:  68.50 meV/A
[2025-10-13 16:20:06][INFO] - Epoch:  438 | learning rate: 2.500e-05 | training loss: 1.550e-01 | training energy RMSE (per atom):    8.9 meV | training energy MAE (per atom):    6.1 meV | training forces RMSE:  113.3 meV/A | training forces MAE:  65.41 meV/A | validation loss: 1.289e-02 | validation energy RMSE (per atom):   18.0 meV | validation energy MAE (per atom):    9.9 meV | validation forces RMSE:  117.3 meV/A | validation forces MAE:  65.25 meV/A
[2025-10-13 16:20:44][INFO] - Epoch:  439 | learning rate: 2.500e-05 | training loss: 1.552e-01 | training energy RMSE (per atom):   10.3 meV | training energy MAE (per atom):    7.3 meV | training forces RMSE:  111.1 meV/A | training forces MAE:  65.18 meV/A | validation loss: 1.264e-02 | validation energy RMSE (per atom):   17.3 meV | validation energy MAE (per atom):   11.1 meV | validation forces RMSE:  120.7 meV/A | validation forces MAE:  65.98 meV/A
[2025-10-13 16:21:22][INFO] - Epoch:  440 | learning rate: 2.500e-05 | training loss: 1.399e-01 | training energy RMSE (per atom):    7.3 meV | training energy MAE (per atom):    5.1 meV | training forces RMSE:  110.1 meV/A | training forces MAE:  63.91 meV/A | validation loss: 1.167e-02 | validation energy RMSE (per atom):   14.4 meV | validation energy MAE (per atom):    3.8 meV | validation forces RMSE:  120.5 meV/A | validation forces MAE:  67.39 meV/A
[2025-10-13 16:22:00][INFO] - Epoch:  441 | learning rate: 2.500e-05 | training loss: 1.411e-01 | training energy RMSE (per atom):    8.0 meV | training energy MAE (per atom):    5.6 meV | training forces RMSE:  109.7 meV/A | training forces MAE:  64.67 meV/A | validation loss: 1.201e-02 | validation energy RMSE (per atom):   16.0 meV | validation energy MAE (per atom):    7.6 meV | validation forces RMSE:  117.7 meV/A | validation forces MAE:  64.68 meV/A
[2025-10-13 16:22:37][INFO] - Epoch:  442 | learning rate: 2.500e-05 | training loss: 1.513e-01 | training energy RMSE (per atom):    8.7 meV | training energy MAE (per atom):    6.0 meV | training forces RMSE:  113.1 meV/A | training forces MAE:  66.08 meV/A | validation loss: 1.551e-02 | validation energy RMSE (per atom):   16.4 meV | validation energy MAE (per atom):    7.4 meV | validation forces RMSE:  142.6 meV/A | validation forces MAE:  83.06 meV/A
[2025-10-13 16:23:15][INFO] - Epoch:  443 | learning rate: 2.500e-05 | training loss: 1.444e-01 | training energy RMSE (per atom):    7.9 meV | training energy MAE (per atom):    5.6 meV | training forces RMSE:  111.3 meV/A | training forces MAE:  65.12 meV/A | validation loss: 1.201e-02 | validation energy RMSE (per atom):   15.2 meV | validation energy MAE (per atom):    5.0 meV | validation forces RMSE:  120.2 meV/A | validation forces MAE:  66.35 meV/A
[2025-10-13 16:23:54][INFO] - Epoch:  444 | learning rate: 2.500e-05 | training loss: 1.522e-01 | training energy RMSE (per atom):    9.9 meV | training energy MAE (per atom):    7.3 meV | training forces RMSE:  111.5 meV/A | training forces MAE:  65.93 meV/A | validation loss: 1.326e-02 | validation energy RMSE (per atom):   17.2 meV | validation energy MAE (per atom):    8.3 meV | validation forces RMSE:  122.8 meV/A | validation forces MAE:  68.24 meV/A
[2025-10-13 16:24:31][INFO] - Epoch:  445 | learning rate: 2.500e-05 | training loss: 1.787e-01 | training energy RMSE (per atom):   10.2 meV | training energy MAE (per atom):    7.4 meV | training forces RMSE:  122.9 meV/A | training forces MAE:  71.27 meV/A | validation loss: 1.219e-02 | validation energy RMSE (per atom):   16.3 meV | validation energy MAE (per atom):    9.4 meV | validation forces RMSE:  118.5 meV/A | validation forces MAE:  65.05 meV/A
[2025-10-13 16:25:09][INFO] - Epoch:  446 | learning rate: 2.500e-05 | training loss: 1.437e-01 | training energy RMSE (per atom):    8.8 meV | training energy MAE (per atom):    6.2 meV | training forces RMSE:  109.4 meV/A | training forces MAE:  64.12 meV/A | validation loss: 1.134e-02 | validation energy RMSE (per atom):   14.8 meV | validation energy MAE (per atom):    4.2 meV | validation forces RMSE:  116.9 meV/A | validation forces MAE:  64.12 meV/A
[2025-10-13 16:25:47][INFO] - Epoch:  447 | learning rate: 2.500e-05 | training loss: 1.567e-01 | training energy RMSE (per atom):    8.2 meV | training energy MAE (per atom):    5.5 meV | training forces RMSE:  116.5 meV/A | training forces MAE:  66.37 meV/A | validation loss: 1.172e-02 | validation energy RMSE (per atom):   14.6 meV | validation energy MAE (per atom):    4.1 meV | validation forces RMSE:  121.5 meV/A | validation forces MAE:  65.10 meV/A
[2025-10-13 16:26:26][INFO] - Epoch:  448 | learning rate: 2.500e-05 | training loss: 1.524e-01 | training energy RMSE (per atom):    9.0 meV | training energy MAE (per atom):    6.4 meV | training forces RMSE:  113.1 meV/A | training forces MAE:  65.11 meV/A | validation loss: 1.188e-02 | validation energy RMSE (per atom):   14.8 meV | validation energy MAE (per atom):    6.1 meV | validation forces RMSE:  121.8 meV/A | validation forces MAE:  67.77 meV/A
[2025-10-13 16:27:04][INFO] - Epoch:  449 | learning rate: 2.500e-05 | training loss: 1.478e-01 | training energy RMSE (per atom):    8.5 meV | training energy MAE (per atom):    5.8 meV | training forces RMSE:  111.2 meV/A | training forces MAE:  64.75 meV/A | validation loss: 1.210e-02 | validation energy RMSE (per atom):   15.5 meV | validation energy MAE (per atom):    5.8 meV | validation forces RMSE:  120.8 meV/A | validation forces MAE:  65.52 meV/A
[2025-10-13 16:27:42][INFO] - Epoch:  450 | learning rate: 2.500e-05 | training loss: 1.492e-01 | training energy RMSE (per atom):    8.1 meV | training energy MAE (per atom):    5.7 meV | training forces RMSE:  112.8 meV/A | training forces MAE:  65.16 meV/A | validation loss: 1.328e-02 | validation energy RMSE (per atom):   17.7 meV | validation energy MAE (per atom):   10.5 meV | validation forces RMSE:  120.6 meV/A | validation forces MAE:  69.23 meV/A
[2025-10-13 16:28:20][INFO] - Epoch:  451 | learning rate: 2.500e-05 | training loss: 1.503e-01 | training energy RMSE (per atom):    9.4 meV | training energy MAE (per atom):    7.0 meV | training forces RMSE:  111.9 meV/A | training forces MAE:  65.55 meV/A | validation loss: 1.126e-02 | validation energy RMSE (per atom):   14.5 meV | validation energy MAE (per atom):    5.0 meV | validation forces RMSE:  117.3 meV/A | validation forces MAE:  65.73 meV/A
[2025-10-13 16:28:59][INFO] - Epoch:  452 | learning rate: 2.500e-05 | training loss: 1.486e-01 | training energy RMSE (per atom):    7.8 meV | training energy MAE (per atom):    5.3 meV | training forces RMSE:  113.0 meV/A | training forces MAE:  66.10 meV/A | validation loss: 1.112e-02 | validation energy RMSE (per atom):   14.5 meV | validation energy MAE (per atom):    5.7 meV | validation forces RMSE:  116.7 meV/A | validation forces MAE:  63.88 meV/A
[2025-10-13 16:29:36][INFO] - Epoch:  453 | learning rate: 2.500e-05 | training loss: 1.440e-01 | training energy RMSE (per atom):    8.7 meV | training energy MAE (per atom):    6.4 meV | training forces RMSE:  109.6 meV/A | training forces MAE:  63.95 meV/A | validation loss: 1.202e-02 | validation energy RMSE (per atom):   15.8 meV | validation energy MAE (per atom):    5.1 meV | validation forces RMSE:  117.4 meV/A | validation forces MAE:  63.70 meV/A
[2025-10-13 16:30:15][INFO] - Epoch:  454 | learning rate: 2.500e-05 | training loss: 1.544e-01 | training energy RMSE (per atom):    9.5 meV | training energy MAE (per atom):    7.0 meV | training forces RMSE:  113.0 meV/A | training forces MAE:  66.25 meV/A | validation loss: 1.386e-02 | validation energy RMSE (per atom):   19.3 meV | validation energy MAE (per atom):   13.7 meV | validation forces RMSE:  122.6 meV/A | validation forces MAE:  67.19 meV/A
[2025-10-13 16:30:53][INFO] - Epoch:  455 | learning rate: 2.500e-05 | training loss: 1.444e-01 | training energy RMSE (per atom):    8.6 meV | training energy MAE (per atom):    6.1 meV | training forces RMSE:  110.2 meV/A | training forces MAE:  64.31 meV/A | validation loss: 1.258e-02 | validation energy RMSE (per atom):   16.5 meV | validation energy MAE (per atom):    5.6 meV | validation forces RMSE:  120.0 meV/A | validation forces MAE:  65.43 meV/A
[2025-10-13 16:31:31][INFO] - Epoch:  456 | learning rate: 2.500e-05 | training loss: 1.471e-01 | training energy RMSE (per atom):    7.6 meV | training energy MAE (per atom):    5.2 meV | training forces RMSE:  112.7 meV/A | training forces MAE:  65.17 meV/A | validation loss: 1.192e-02 | validation energy RMSE (per atom):   14.8 meV | validation energy MAE (per atom):    5.7 meV | validation forces RMSE:  123.4 meV/A | validation forces MAE:  65.93 meV/A
[2025-10-13 16:32:09][INFO] - Epoch:  457 | learning rate: 2.500e-05 | training loss: 1.459e-01 | training energy RMSE (per atom):    8.9 meV | training energy MAE (per atom):    6.1 meV | training forces RMSE:  110.4 meV/A | training forces MAE:  63.85 meV/A | validation loss: 1.372e-02 | validation energy RMSE (per atom):   18.1 meV | validation energy MAE (per atom):    5.8 meV | validation forces RMSE:  121.4 meV/A | validation forces MAE:  66.20 meV/A
[2025-10-13 16:32:47][INFO] - Epoch:  458 | learning rate: 2.500e-05 | training loss: 1.482e-01 | training energy RMSE (per atom):    8.0 meV | training energy MAE (per atom):    5.7 meV | training forces RMSE:  112.0 meV/A | training forces MAE:  65.02 meV/A | validation loss: 1.388e-02 | validation energy RMSE (per atom):   16.0 meV | validation energy MAE (per atom):    6.7 meV | validation forces RMSE:  131.9 meV/A | validation forces MAE:  74.27 meV/A
[2025-10-13 16:33:24][INFO] - Epoch:  459 | learning rate: 2.500e-05 | training loss: 1.431e-01 | training energy RMSE (per atom):    8.3 meV | training energy MAE (per atom):    5.7 meV | training forces RMSE:  110.0 meV/A | training forces MAE:  63.94 meV/A | validation loss: 1.207e-02 | validation energy RMSE (per atom):   15.8 meV | validation energy MAE (per atom):    8.4 meV | validation forces RMSE:  120.6 meV/A | validation forces MAE:  65.98 meV/A
[2025-10-13 16:34:03][INFO] - Epoch:  460 | learning rate: 2.500e-05 | training loss: 1.392e-01 | training energy RMSE (per atom):    8.6 meV | training energy MAE (per atom):    6.2 meV | training forces RMSE:  107.8 meV/A | training forces MAE:  62.86 meV/A | validation loss: 1.322e-02 | validation energy RMSE (per atom):   16.9 meV | validation energy MAE (per atom):   10.2 meV | validation forces RMSE:  124.5 meV/A | validation forces MAE:  72.62 meV/A
[2025-10-13 16:34:41][INFO] - Epoch:  461 | learning rate: 2.500e-05 | training loss: 1.645e-01 | training energy RMSE (per atom):    8.5 meV | training energy MAE (per atom):    5.9 meV | training forces RMSE:  118.7 meV/A | training forces MAE:  68.09 meV/A | validation loss: 1.137e-02 | validation energy RMSE (per atom):   14.3 meV | validation energy MAE (per atom):    4.6 meV | validation forces RMSE:  119.6 meV/A | validation forces MAE:  64.47 meV/A
[2025-10-13 16:35:19][INFO] - Epoch:  462 | learning rate: 2.500e-05 | training loss: 1.419e-01 | training energy RMSE (per atom):    9.1 meV | training energy MAE (per atom):    6.7 meV | training forces RMSE:  108.3 meV/A | training forces MAE:  63.28 meV/A | validation loss: 1.222e-02 | validation energy RMSE (per atom):   15.6 meV | validation energy MAE (per atom):    6.3 meV | validation forces RMSE:  120.7 meV/A | validation forces MAE:  67.49 meV/A
[2025-10-13 16:35:57][INFO] - Epoch:  463 | learning rate: 2.500e-05 | training loss: 1.409e-01 | training energy RMSE (per atom):    8.8 meV | training energy MAE (per atom):    6.4 meV | training forces RMSE:  108.7 meV/A | training forces MAE:  64.03 meV/A | validation loss: 1.165e-02 | validation energy RMSE (per atom):   15.4 meV | validation energy MAE (per atom):    5.8 meV | validation forces RMSE:  118.1 meV/A | validation forces MAE:  62.97 meV/A
[2025-10-13 16:36:35][INFO] - Epoch:  464 | learning rate: 2.500e-05 | training loss: 1.512e-01 | training energy RMSE (per atom):    8.5 meV | training energy MAE (per atom):    5.9 meV | training forces RMSE:  112.5 meV/A | training forces MAE:  66.13 meV/A | validation loss: 1.670e-02 | validation energy RMSE (per atom):   15.6 meV | validation energy MAE (per atom):    5.0 meV | validation forces RMSE:  151.3 meV/A | validation forces MAE:  91.60 meV/A
[2025-10-13 16:37:13][INFO] - Epoch:  465 | learning rate: 2.500e-05 | training loss: 1.405e-01 | training energy RMSE (per atom):    8.4 meV | training energy MAE (per atom):    6.0 meV | training forces RMSE:  109.6 meV/A | training forces MAE:  64.62 meV/A | validation loss: 1.185e-02 | validation energy RMSE (per atom):   15.5 meV | validation energy MAE (per atom):    4.4 meV | validation forces RMSE:  118.1 meV/A | validation forces MAE:  63.59 meV/A
[2025-10-13 16:37:51][INFO] - Epoch:  466 | learning rate: 2.500e-05 | training loss: 1.423e-01 | training energy RMSE (per atom):    7.9 meV | training energy MAE (per atom):    5.4 meV | training forces RMSE:  110.9 meV/A | training forces MAE:  63.89 meV/A | validation loss: 1.254e-02 | validation energy RMSE (per atom):   17.1 meV | validation energy MAE (per atom):    8.9 meV | validation forces RMSE:  119.3 meV/A | validation forces MAE:  62.89 meV/A
[2025-10-13 16:38:28][INFO] - Epoch:  467 | learning rate: 2.500e-05 | training loss: 1.435e-01 | training energy RMSE (per atom):    8.3 meV | training energy MAE (per atom):    6.0 meV | training forces RMSE:  110.3 meV/A | training forces MAE:  64.80 meV/A | validation loss: 1.133e-02 | validation energy RMSE (per atom):   14.9 meV | validation energy MAE (per atom):    4.2 meV | validation forces RMSE:  115.4 meV/A | validation forces MAE:  63.21 meV/A
[2025-10-13 16:39:06][INFO] - Epoch:  468 | learning rate: 2.500e-05 | training loss: 1.353e-01 | training energy RMSE (per atom):    7.6 meV | training energy MAE (per atom):    5.1 meV | training forces RMSE:  108.0 meV/A | training forces MAE:  62.82 meV/A | validation loss: 1.093e-02 | validation energy RMSE (per atom):   14.5 meV | validation energy MAE (per atom):    3.9 meV | validation forces RMSE:  115.0 meV/A | validation forces MAE:  62.17 meV/A
[2025-10-13 16:39:45][INFO] - Epoch:  469 | learning rate: 2.500e-05 | training loss: 1.274e-01 | training energy RMSE (per atom):    7.7 meV | training energy MAE (per atom):    5.5 meV | training forces RMSE:  104.5 meV/A | training forces MAE:  62.12 meV/A | validation loss: 1.094e-02 | validation energy RMSE (per atom):   14.2 meV | validation energy MAE (per atom):    4.9 meV | validation forces RMSE:  116.9 meV/A | validation forces MAE:  63.08 meV/A
[2025-10-13 16:40:23][INFO] - Epoch:  470 | learning rate: 2.500e-05 | training loss: 1.360e-01 | training energy RMSE (per atom):    8.4 meV | training energy MAE (per atom):    5.8 meV | training forces RMSE:  106.2 meV/A | training forces MAE:  63.67 meV/A | validation loss: 1.194e-02 | validation energy RMSE (per atom):   16.2 meV | validation energy MAE (per atom):    6.1 meV | validation forces RMSE:  116.3 meV/A | validation forces MAE:  62.92 meV/A
[2025-10-13 16:41:01][INFO] - Epoch:  471 | learning rate: 2.500e-05 | training loss: 1.537e-01 | training energy RMSE (per atom):    8.5 meV | training energy MAE (per atom):    6.4 meV | training forces RMSE:  113.7 meV/A | training forces MAE:  65.03 meV/A | validation loss: 1.266e-02 | validation energy RMSE (per atom):   15.0 meV | validation energy MAE (per atom):    4.9 meV | validation forces RMSE:  127.2 meV/A | validation forces MAE:  72.46 meV/A
[2025-10-13 16:41:39][INFO] - Epoch:  472 | learning rate: 2.500e-05 | training loss: 1.493e-01 | training energy RMSE (per atom):    8.5 meV | training energy MAE (per atom):    6.0 meV | training forces RMSE:  112.7 meV/A | training forces MAE:  65.54 meV/A | validation loss: 1.094e-02 | validation energy RMSE (per atom):   14.2 meV | validation energy MAE (per atom):    3.9 meV | validation forces RMSE:  116.1 meV/A | validation forces MAE:  63.60 meV/A
[2025-10-13 16:42:17][INFO] - Epoch:  473 | learning rate: 2.500e-05 | training loss: 1.394e-01 | training energy RMSE (per atom):    7.7 meV | training energy MAE (per atom):    5.4 meV | training forces RMSE:  109.2 meV/A | training forces MAE:  63.60 meV/A | validation loss: 1.450e-02 | validation energy RMSE (per atom):   19.2 meV | validation energy MAE (per atom):   10.9 meV | validation forces RMSE:  123.4 meV/A | validation forces MAE:  69.76 meV/A
[2025-10-13 16:42:55][INFO] - Epoch:  474 | learning rate: 2.500e-05 | training loss: 1.641e-01 | training energy RMSE (per atom):    9.2 meV | training energy MAE (per atom):    6.7 meV | training forces RMSE:  116.7 meV/A | training forces MAE:  68.40 meV/A | validation loss: 1.148e-02 | validation energy RMSE (per atom):   15.1 meV | validation energy MAE (per atom):    4.5 meV | validation forces RMSE:  117.0 meV/A | validation forces MAE:  62.71 meV/A
[2025-10-13 16:43:33][INFO] - Epoch:  475 | learning rate: 2.500e-05 | training loss: 1.351e-01 | training energy RMSE (per atom):    7.8 meV | training energy MAE (per atom):    5.4 meV | training forces RMSE:  107.5 meV/A | training forces MAE:  62.40 meV/A | validation loss: 1.434e-02 | validation energy RMSE (per atom):   19.0 meV | validation energy MAE (per atom):   10.7 meV | validation forces RMSE:  122.4 meV/A | validation forces MAE:  69.19 meV/A
[2025-10-13 16:44:11][INFO] - Epoch:  476 | learning rate: 2.500e-05 | training loss: 1.455e-01 | training energy RMSE (per atom):    9.0 meV | training energy MAE (per atom):    6.4 meV | training forces RMSE:  110.1 meV/A | training forces MAE:  64.76 meV/A | validation loss: 1.202e-02 | validation energy RMSE (per atom):   15.6 meV | validation energy MAE (per atom):    4.2 meV | validation forces RMSE:  119.6 meV/A | validation forces MAE:  65.59 meV/A
[2025-10-13 16:44:48][INFO] - Epoch:  477 | learning rate: 2.500e-05 | training loss: 1.489e-01 | training energy RMSE (per atom):    8.6 meV | training energy MAE (per atom):    6.4 meV | training forces RMSE:  111.2 meV/A | training forces MAE:  64.68 meV/A | validation loss: 1.356e-02 | validation energy RMSE (per atom):   16.2 meV | validation energy MAE (per atom):    7.6 meV | validation forces RMSE:  129.6 meV/A | validation forces MAE:  74.36 meV/A
[2025-10-13 16:45:27][INFO] - Epoch:  478 | learning rate: 2.500e-05 | training loss: 1.362e-01 | training energy RMSE (per atom):    8.8 meV | training energy MAE (per atom):    6.3 meV | training forces RMSE:  106.4 meV/A | training forces MAE:  62.41 meV/A | validation loss: 1.137e-02 | validation energy RMSE (per atom):   15.5 meV | validation energy MAE (per atom):    5.8 meV | validation forces RMSE:  114.1 meV/A | validation forces MAE:  63.03 meV/A
[2025-10-13 16:46:04][INFO] - Epoch:  479 | learning rate: 2.500e-05 | training loss: 1.312e-01 | training energy RMSE (per atom):    8.2 meV | training energy MAE (per atom):    5.9 meV | training forces RMSE:  105.5 meV/A | training forces MAE:  62.38 meV/A | validation loss: 1.184e-02 | validation energy RMSE (per atom):   15.7 meV | validation energy MAE (per atom):    6.6 meV | validation forces RMSE:  118.6 meV/A | validation forces MAE:  64.83 meV/A
[2025-10-13 16:46:42][INFO] - Epoch:  480 | learning rate: 2.500e-05 | training loss: 1.379e-01 | training energy RMSE (per atom):    8.0 meV | training energy MAE (per atom):    5.7 meV | training forces RMSE:  107.7 meV/A | training forces MAE:  63.54 meV/A | validation loss: 1.258e-02 | validation energy RMSE (per atom):   14.4 meV | validation energy MAE (per atom):    3.6 meV | validation forces RMSE:  131.3 meV/A | validation forces MAE:  71.16 meV/A
[2025-10-13 16:47:20][INFO] - Epoch:  481 | learning rate: 2.500e-05 | training loss: 1.524e-01 | training energy RMSE (per atom):    8.5 meV | training energy MAE (per atom):    5.9 meV | training forces RMSE:  113.5 meV/A | training forces MAE:  65.56 meV/A | validation loss: 1.189e-02 | validation energy RMSE (per atom):   15.0 meV | validation energy MAE (per atom):    5.2 meV | validation forces RMSE:  121.4 meV/A | validation forces MAE:  68.16 meV/A
[2025-10-13 16:47:59][INFO] - Epoch:  482 | learning rate: 2.500e-05 | training loss: 1.433e-01 | training energy RMSE (per atom):    7.8 meV | training energy MAE (per atom):    5.4 meV | training forces RMSE:  111.1 meV/A | training forces MAE:  65.48 meV/A | validation loss: 1.258e-02 | validation energy RMSE (per atom):   15.3 meV | validation energy MAE (per atom):    5.3 meV | validation forces RMSE:  127.5 meV/A | validation forces MAE:  65.48 meV/A
[2025-10-13 16:48:37][INFO] - Epoch:  483 | learning rate: 2.500e-05 | training loss: 1.451e-01 | training energy RMSE (per atom):    8.8 meV | training energy MAE (per atom):    6.2 meV | training forces RMSE:  110.3 meV/A | training forces MAE:  64.81 meV/A | validation loss: 1.487e-02 | validation energy RMSE (per atom):   19.9 meV | validation energy MAE (per atom):   13.1 meV | validation forces RMSE:  126.5 meV/A | validation forces MAE:  69.56 meV/A
[2025-10-13 16:49:15][INFO] - Epoch:  484 | learning rate: 2.500e-05 | training loss: 1.370e-01 | training energy RMSE (per atom):    7.1 meV | training energy MAE (per atom):    5.0 meV | training forces RMSE:  109.5 meV/A | training forces MAE:  62.97 meV/A | validation loss: 1.160e-02 | validation energy RMSE (per atom):   14.6 meV | validation energy MAE (per atom):    5.7 meV | validation forces RMSE:  122.2 meV/A | validation forces MAE:  64.24 meV/A
[2025-10-13 16:49:53][INFO] - Epoch:  485 | learning rate: 2.500e-05 | training loss: 1.373e-01 | training energy RMSE (per atom):    7.5 meV | training energy MAE (per atom):    5.2 meV | training forces RMSE:  108.9 meV/A | training forces MAE:  63.45 meV/A | validation loss: 1.244e-02 | validation energy RMSE (per atom):   16.0 meV | validation energy MAE (per atom):    6.3 meV | validation forces RMSE:  121.1 meV/A | validation forces MAE:  66.65 meV/A
[2025-10-13 16:50:31][INFO] - Epoch:  486 | learning rate: 2.500e-05 | training loss: 1.408e-01 | training energy RMSE (per atom):    9.1 meV | training energy MAE (per atom):    6.4 meV | training forces RMSE:  107.2 meV/A | training forces MAE:  63.21 meV/A | validation loss: 1.181e-02 | validation energy RMSE (per atom):   15.6 meV | validation energy MAE (per atom):    7.7 meV | validation forces RMSE:  119.7 meV/A | validation forces MAE:  63.28 meV/A
[2025-10-13 16:51:09][INFO] - Epoch:  487 | learning rate: 2.500e-05 | training loss: 1.365e-01 | training energy RMSE (per atom):    9.0 meV | training energy MAE (per atom):    6.6 meV | training forces RMSE:  106.7 meV/A | training forces MAE:  62.33 meV/A | validation loss: 1.257e-02 | validation energy RMSE (per atom):   17.5 meV | validation energy MAE (per atom):   10.1 meV | validation forces RMSE:  118.3 meV/A | validation forces MAE:  64.36 meV/A
[2025-10-13 16:51:48][INFO] - Epoch:  488 | learning rate: 2.500e-05 | training loss: 1.479e-01 | training energy RMSE (per atom):    9.4 meV | training energy MAE (per atom):    6.6 meV | training forces RMSE:  110.8 meV/A | training forces MAE:  65.21 meV/A | validation loss: 1.216e-02 | validation energy RMSE (per atom):   14.8 meV | validation energy MAE (per atom):    5.0 meV | validation forces RMSE:  123.3 meV/A | validation forces MAE:  67.79 meV/A
[2025-10-13 16:52:26][INFO] - Epoch:  489 | learning rate: 2.500e-05 | training loss: 1.355e-01 | training energy RMSE (per atom):    7.3 meV | training energy MAE (per atom):    5.1 meV | training forces RMSE:  109.0 meV/A | training forces MAE:  62.83 meV/A | validation loss: 1.288e-02 | validation energy RMSE (per atom):   17.8 meV | validation energy MAE (per atom):   10.6 meV | validation forces RMSE:  119.0 meV/A | validation forces MAE:  63.56 meV/A
[2025-10-13 16:53:04][INFO] - Epoch:  490 | learning rate: 2.500e-05 | training loss: 1.401e-01 | training energy RMSE (per atom):    7.9 meV | training energy MAE (per atom):    5.6 meV | training forces RMSE:  110.6 meV/A | training forces MAE:  63.52 meV/A | validation loss: 1.220e-02 | validation energy RMSE (per atom):   16.7 meV | validation energy MAE (per atom):    8.7 meV | validation forces RMSE:  117.1 meV/A | validation forces MAE:  64.28 meV/A
[2025-10-13 16:53:42][INFO] - Epoch:  491 | learning rate: 2.500e-05 | training loss: 1.464e-01 | training energy RMSE (per atom):    7.6 meV | training energy MAE (per atom):    5.2 meV | training forces RMSE:  112.7 meV/A | training forces MAE:  65.76 meV/A | validation loss: 1.315e-02 | validation energy RMSE (per atom):   15.2 meV | validation energy MAE (per atom):    6.2 meV | validation forces RMSE:  129.0 meV/A | validation forces MAE:  74.32 meV/A
[2025-10-13 16:54:20][INFO] - Epoch:  492 | learning rate: 2.500e-05 | training loss: 1.473e-01 | training energy RMSE (per atom):    9.3 meV | training energy MAE (per atom):    6.7 meV | training forces RMSE:  110.7 meV/A | training forces MAE:  65.64 meV/A | validation loss: 1.230e-02 | validation energy RMSE (per atom):   16.2 meV | validation energy MAE (per atom):    8.1 meV | validation forces RMSE:  120.5 meV/A | validation forces MAE:  65.57 meV/A
[2025-10-13 16:54:58][INFO] - Epoch:  493 | learning rate: 2.500e-05 | training loss: 1.312e-01 | training energy RMSE (per atom):    7.9 meV | training energy MAE (per atom):    5.7 meV | training forces RMSE:  105.6 meV/A | training forces MAE:  62.28 meV/A | validation loss: 1.220e-02 | validation energy RMSE (per atom):   16.5 meV | validation energy MAE (per atom):    8.8 meV | validation forces RMSE:  117.7 meV/A | validation forces MAE:  65.24 meV/A
[2025-10-13 16:55:36][INFO] - Epoch:  494 | learning rate: 2.500e-05 | training loss: 1.426e-01 | training energy RMSE (per atom):    9.6 meV | training energy MAE (per atom):    7.2 meV | training forces RMSE:  107.4 meV/A | training forces MAE:  63.61 meV/A | validation loss: 1.101e-02 | validation energy RMSE (per atom):   14.5 meV | validation energy MAE (per atom):    4.7 meV | validation forces RMSE:  115.5 meV/A | validation forces MAE:  63.05 meV/A
[2025-10-13 16:56:15][INFO] - Epoch:  495 | learning rate: 2.500e-05 | training loss: 1.274e-01 | training energy RMSE (per atom):    7.3 meV | training energy MAE (per atom):    5.3 meV | training forces RMSE:  104.0 meV/A | training forces MAE:  61.34 meV/A | validation loss: 1.172e-02 | validation energy RMSE (per atom):   15.9 meV | validation energy MAE (per atom):    6.4 meV | validation forces RMSE:  116.4 meV/A | validation forces MAE:  62.06 meV/A
[2025-10-13 16:56:53][INFO] - Epoch:  496 | learning rate: 2.500e-05 | training loss: 1.379e-01 | training energy RMSE (per atom):    7.8 meV | training energy MAE (per atom):    5.6 meV | training forces RMSE:  109.4 meV/A | training forces MAE:  64.55 meV/A | validation loss: 1.318e-02 | validation energy RMSE (per atom):   15.7 meV | validation energy MAE (per atom):    7.0 meV | validation forces RMSE:  129.0 meV/A | validation forces MAE:  72.42 meV/A
[2025-10-13 16:57:30][INFO] - Epoch:  497 | learning rate: 2.500e-05 | training loss: 1.399e-01 | training energy RMSE (per atom):    8.8 meV | training energy MAE (per atom):    6.2 meV | training forces RMSE:  107.8 meV/A | training forces MAE:  62.79 meV/A | validation loss: 1.184e-02 | validation energy RMSE (per atom):   15.6 meV | validation energy MAE (per atom):    4.4 meV | validation forces RMSE:  117.7 meV/A | validation forces MAE:  62.42 meV/A
[2025-10-13 16:58:08][INFO] - Epoch:  498 | learning rate: 2.500e-05 | training loss: 1.359e-01 | training energy RMSE (per atom):    9.5 meV | training energy MAE (per atom):    6.9 meV | training forces RMSE:  105.0 meV/A | training forces MAE:  62.01 meV/A | validation loss: 1.093e-02 | validation energy RMSE (per atom):   14.6 meV | validation energy MAE (per atom):    4.6 meV | validation forces RMSE:  114.2 meV/A | validation forces MAE:  62.67 meV/A
[2025-10-13 16:58:46][INFO] - Epoch:  499 | learning rate: 2.500e-05 | training loss: 1.331e-01 | training energy RMSE (per atom):    8.3 meV | training energy MAE (per atom):    5.9 meV | training forces RMSE:  105.8 meV/A | training forces MAE:  62.45 meV/A | validation loss: 1.203e-02 | validation energy RMSE (per atom):   16.2 meV | validation energy MAE (per atom):    6.6 meV | validation forces RMSE:  117.8 meV/A | validation forces MAE:  63.95 meV/A
[2025-10-13 16:59:24][INFO] - Epoch:  500 | learning rate: 2.500e-05 | training loss: 1.260e-01 | training energy RMSE (per atom):    6.4 meV | training energy MAE (per atom):    4.3 meV | training forces RMSE:  105.7 meV/A | training forces MAE:  62.57 meV/A | validation loss: 1.119e-02 | validation energy RMSE (per atom):   14.6 meV | validation energy MAE (per atom):    4.6 meV | validation forces RMSE:  117.2 meV/A | validation forces MAE:  62.18 meV/A
[2025-10-13 17:00:02][INFO] - Epoch:  501 | learning rate: 2.500e-05 | training loss: 1.374e-01 | training energy RMSE (per atom):    8.7 meV | training energy MAE (per atom):    6.3 meV | training forces RMSE:  107.1 meV/A | training forces MAE:  63.60 meV/A | validation loss: 1.252e-02 | validation energy RMSE (per atom):   16.0 meV | validation energy MAE (per atom):    6.9 meV | validation forces RMSE:  123.1 meV/A | validation forces MAE:  65.39 meV/A
[2025-10-13 17:00:40][INFO] - Epoch:  502 | learning rate: 2.500e-05 | training loss: 1.346e-01 | training energy RMSE (per atom):    7.7 meV | training energy MAE (per atom):    5.4 meV | training forces RMSE:  108.1 meV/A | training forces MAE:  64.15 meV/A | validation loss: 1.198e-02 | validation energy RMSE (per atom):   15.4 meV | validation energy MAE (per atom):    4.9 meV | validation forces RMSE:  118.7 meV/A | validation forces MAE:  67.69 meV/A
[2025-10-13 17:01:18][INFO] - Epoch:  503 | learning rate: 2.500e-05 | training loss: 1.303e-01 | training energy RMSE (per atom):    8.5 meV | training energy MAE (per atom):    6.2 meV | training forces RMSE:  104.5 meV/A | training forces MAE:  61.84 meV/A | validation loss: 1.283e-02 | validation energy RMSE (per atom):   17.0 meV | validation energy MAE (per atom):    8.7 meV | validation forces RMSE:  121.1 meV/A | validation forces MAE:  67.46 meV/A
[2025-10-13 17:01:56][INFO] - Epoch:  504 | learning rate: 2.500e-05 | training loss: 1.290e-01 | training energy RMSE (per atom):    8.1 meV | training energy MAE (per atom):    5.9 meV | training forces RMSE:  104.3 meV/A | training forces MAE:  61.89 meV/A | validation loss: 1.159e-02 | validation energy RMSE (per atom):   15.1 meV | validation energy MAE (per atom):    5.2 meV | validation forces RMSE:  118.3 meV/A | validation forces MAE:  63.60 meV/A
[2025-10-13 17:01:56][INFO] - Changing learning rate from 2.5e-05 to 1.25e-05
[2025-10-13 17:02:33][INFO] - Epoch:  505 | learning rate: 1.250e-05 | training loss: 1.143e-01 | training energy RMSE (per atom):    5.9 meV | training energy MAE (per atom):    3.9 meV | training forces RMSE:   99.8 meV/A | training forces MAE:  58.61 meV/A | validation loss: 1.112e-02 | validation energy RMSE (per atom):   14.9 meV | validation energy MAE (per atom):    3.6 meV | validation forces RMSE:  114.3 meV/A | validation forces MAE:  61.59 meV/A
[2025-10-13 17:03:11][INFO] - Epoch:  506 | learning rate: 1.250e-05 | training loss: 1.142e-01 | training energy RMSE (per atom):    6.2 meV | training energy MAE (per atom):    4.2 meV | training forces RMSE:   99.7 meV/A | training forces MAE:  59.09 meV/A | validation loss: 1.094e-02 | validation energy RMSE (per atom):   14.9 meV | validation energy MAE (per atom):    5.4 meV | validation forces RMSE:  113.7 meV/A | validation forces MAE:  60.52 meV/A
[2025-10-13 17:03:49][INFO] - Epoch:  507 | learning rate: 1.250e-05 | training loss: 1.084e-01 | training energy RMSE (per atom):    5.8 meV | training energy MAE (per atom):    3.8 meV | training forces RMSE:   98.0 meV/A | training forces MAE:  58.23 meV/A | validation loss: 1.084e-02 | validation energy RMSE (per atom):   14.7 meV | validation energy MAE (per atom):    3.9 meV | validation forces RMSE:  113.7 meV/A | validation forces MAE:  60.14 meV/A
[2025-10-13 17:04:27][INFO] - Epoch:  508 | learning rate: 1.250e-05 | training loss: 1.110e-01 | training energy RMSE (per atom):    6.0 meV | training energy MAE (per atom):    4.0 meV | training forces RMSE:   98.8 meV/A | training forces MAE:  58.60 meV/A | validation loss: 1.156e-02 | validation energy RMSE (per atom):   15.5 meV | validation energy MAE (per atom):    5.4 meV | validation forces RMSE:  115.4 meV/A | validation forces MAE:  62.64 meV/A
[2025-10-13 17:05:05][INFO] - Epoch:  509 | learning rate: 1.250e-05 | training loss: 1.108e-01 | training energy RMSE (per atom):    6.2 meV | training energy MAE (per atom):    4.2 meV | training forces RMSE:   99.4 meV/A | training forces MAE:  58.69 meV/A | validation loss: 1.120e-02 | validation energy RMSE (per atom):   15.7 meV | validation energy MAE (per atom):    6.2 meV | validation forces RMSE:  111.9 meV/A | validation forces MAE:  60.47 meV/A
[2025-10-13 17:05:42][INFO] - Epoch:  510 | learning rate: 1.250e-05 | training loss: 1.123e-01 | training energy RMSE (per atom):    6.3 meV | training energy MAE (per atom):    4.4 meV | training forces RMSE:   98.8 meV/A | training forces MAE:  58.85 meV/A | validation loss: 1.114e-02 | validation energy RMSE (per atom):   15.4 meV | validation energy MAE (per atom):    6.3 meV | validation forces RMSE:  113.4 meV/A | validation forces MAE:  60.11 meV/A
[2025-10-13 17:06:20][INFO] - Epoch:  511 | learning rate: 1.250e-05 | training loss: 1.086e-01 | training energy RMSE (per atom):    6.1 meV | training energy MAE (per atom):    4.0 meV | training forces RMSE:   97.7 meV/A | training forces MAE:  58.26 meV/A | validation loss: 1.104e-02 | validation energy RMSE (per atom):   14.9 meV | validation energy MAE (per atom):    4.1 meV | validation forces RMSE:  113.7 meV/A | validation forces MAE:  60.52 meV/A
[2025-10-13 17:06:58][INFO] - Epoch:  512 | learning rate: 1.250e-05 | training loss: 1.117e-01 | training energy RMSE (per atom):    6.4 meV | training energy MAE (per atom):    4.6 meV | training forces RMSE:   98.7 meV/A | training forces MAE:  58.39 meV/A | validation loss: 1.179e-02 | validation energy RMSE (per atom):   16.1 meV | validation energy MAE (per atom):    8.7 meV | validation forces RMSE:  117.0 meV/A | validation forces MAE:  62.50 meV/A
[2025-10-13 17:07:37][INFO] - Epoch:  513 | learning rate: 1.250e-05 | training loss: 1.148e-01 | training energy RMSE (per atom):    6.4 meV | training energy MAE (per atom):    4.4 meV | training forces RMSE:  100.0 meV/A | training forces MAE:  59.08 meV/A | validation loss: 1.079e-02 | validation energy RMSE (per atom):   15.0 meV | validation energy MAE (per atom):    5.3 meV | validation forces RMSE:  111.6 meV/A | validation forces MAE:  60.11 meV/A
[2025-10-13 17:08:14][INFO] - Epoch:  514 | learning rate: 1.250e-05 | training loss: 1.114e-01 | training energy RMSE (per atom):    5.9 meV | training energy MAE (per atom):    4.0 meV | training forces RMSE:   99.0 meV/A | training forces MAE:  58.61 meV/A | validation loss: 1.144e-02 | validation energy RMSE (per atom):   14.9 meV | validation energy MAE (per atom):    4.4 meV | validation forces RMSE:  116.5 meV/A | validation forces MAE:  63.39 meV/A
[2025-10-13 17:08:52][INFO] - Epoch:  515 | learning rate: 1.250e-05 | training loss: 1.160e-01 | training energy RMSE (per atom):    6.2 meV | training energy MAE (per atom):    4.1 meV | training forces RMSE:  100.8 meV/A | training forces MAE:  58.97 meV/A | validation loss: 1.176e-02 | validation energy RMSE (per atom):   14.9 meV | validation energy MAE (per atom):    4.0 meV | validation forces RMSE:  121.0 meV/A | validation forces MAE:  64.29 meV/A
[2025-10-13 17:09:30][INFO] - Epoch:  516 | learning rate: 1.250e-05 | training loss: 1.140e-01 | training energy RMSE (per atom):    6.2 meV | training energy MAE (per atom):    4.0 meV | training forces RMSE:  100.2 meV/A | training forces MAE:  59.14 meV/A | validation loss: 1.108e-02 | validation energy RMSE (per atom):   15.0 meV | validation energy MAE (per atom):    3.7 meV | validation forces RMSE:  114.1 meV/A | validation forces MAE:  60.08 meV/A
[2025-10-13 17:10:08][INFO] - Epoch:  517 | learning rate: 1.250e-05 | training loss: 1.316e-01 | training energy RMSE (per atom):    6.7 meV | training energy MAE (per atom):    4.6 meV | training forces RMSE:  107.2 meV/A | training forces MAE:  60.70 meV/A | validation loss: 1.070e-02 | validation energy RMSE (per atom):   14.8 meV | validation energy MAE (per atom):    3.9 meV | validation forces RMSE:  111.8 meV/A | validation forces MAE:  59.82 meV/A
[2025-10-13 17:10:46][INFO] - Epoch:  518 | learning rate: 1.250e-05 | training loss: 1.152e-01 | training energy RMSE (per atom):    6.2 meV | training energy MAE (per atom):    4.3 meV | training forces RMSE:   99.9 meV/A | training forces MAE:  58.80 meV/A | validation loss: 1.306e-02 | validation energy RMSE (per atom):   14.7 meV | validation energy MAE (per atom):    5.3 meV | validation forces RMSE:  134.4 meV/A | validation forces MAE:  72.40 meV/A
[2025-10-13 17:11:24][INFO] - Epoch:  519 | learning rate: 1.250e-05 | training loss: 1.169e-01 | training energy RMSE (per atom):    6.2 meV | training energy MAE (per atom):    4.1 meV | training forces RMSE:  101.3 meV/A | training forces MAE:  59.78 meV/A | validation loss: 1.073e-02 | validation energy RMSE (per atom):   14.6 meV | validation energy MAE (per atom):    3.5 meV | validation forces RMSE:  112.6 meV/A | validation forces MAE:  59.55 meV/A
[2025-10-13 17:12:02][INFO] - Epoch:  520 | learning rate: 1.250e-05 | training loss: 1.087e-01 | training energy RMSE (per atom):    6.1 meV | training energy MAE (per atom):    4.2 meV | training forces RMSE:   97.5 meV/A | training forces MAE:  57.82 meV/A | validation loss: 1.037e-02 | validation energy RMSE (per atom):   14.3 meV | validation energy MAE (per atom):    5.7 meV | validation forces RMSE:  113.1 meV/A | validation forces MAE:  60.24 meV/A
[2025-10-13 17:12:40][INFO] - Epoch:  521 | learning rate: 1.250e-05 | training loss: 1.133e-01 | training energy RMSE (per atom):    7.3 meV | training energy MAE (per atom):    5.3 meV | training forces RMSE:   97.9 meV/A | training forces MAE:  58.40 meV/A | validation loss: 1.140e-02 | validation energy RMSE (per atom):   14.7 meV | validation energy MAE (per atom):    4.2 meV | validation forces RMSE:  118.5 meV/A | validation forces MAE:  62.58 meV/A
[2025-10-13 17:13:18][INFO] - Epoch:  522 | learning rate: 1.250e-05 | training loss: 1.069e-01 | training energy RMSE (per atom):    6.0 meV | training energy MAE (per atom):    4.0 meV | training forces RMSE:   96.9 meV/A | training forces MAE:  57.89 meV/A | validation loss: 1.094e-02 | validation energy RMSE (per atom):   15.1 meV | validation energy MAE (per atom):    4.0 meV | validation forces RMSE:  112.3 meV/A | validation forces MAE:  59.53 meV/A
[2025-10-13 17:13:55][INFO] - Epoch:  523 | learning rate: 1.250e-05 | training loss: 1.231e-01 | training energy RMSE (per atom):    7.0 meV | training energy MAE (per atom):    4.9 meV | training forces RMSE:  102.6 meV/A | training forces MAE:  61.05 meV/A | validation loss: 1.110e-02 | validation energy RMSE (per atom):   15.6 meV | validation energy MAE (per atom):    7.3 meV | validation forces RMSE:  112.6 meV/A | validation forces MAE:  59.88 meV/A
[2025-10-13 17:14:33][INFO] - Epoch:  524 | learning rate: 1.250e-05 | training loss: 1.074e-01 | training energy RMSE (per atom):    6.5 meV | training energy MAE (per atom):    4.5 meV | training forces RMSE:   97.0 meV/A | training forces MAE:  57.93 meV/A | validation loss: 1.068e-02 | validation energy RMSE (per atom):   14.9 meV | validation energy MAE (per atom):    5.7 meV | validation forces RMSE:  110.8 meV/A | validation forces MAE:  59.76 meV/A
[2025-10-13 17:15:10][INFO] - Epoch:  525 | learning rate: 1.250e-05 | training loss: 1.113e-01 | training energy RMSE (per atom):    6.3 meV | training energy MAE (per atom):    4.4 meV | training forces RMSE:   97.8 meV/A | training forces MAE:  58.25 meV/A | validation loss: 1.083e-02 | validation energy RMSE (per atom):   14.5 meV | validation energy MAE (per atom):    5.1 meV | validation forces RMSE:  115.6 meV/A | validation forces MAE:  60.66 meV/A
[2025-10-13 17:15:48][INFO] - Epoch:  526 | learning rate: 1.250e-05 | training loss: 1.131e-01 | training energy RMSE (per atom):    6.4 meV | training energy MAE (per atom):    4.2 meV | training forces RMSE:   99.4 meV/A | training forces MAE:  58.58 meV/A | validation loss: 1.196e-02 | validation energy RMSE (per atom):   16.5 meV | validation energy MAE (per atom):    6.2 meV | validation forces RMSE:  115.2 meV/A | validation forces MAE:  60.76 meV/A
[2025-10-13 17:16:26][INFO] - Epoch:  527 | learning rate: 1.250e-05 | training loss: 1.104e-01 | training energy RMSE (per atom):    6.4 meV | training energy MAE (per atom):    4.5 meV | training forces RMSE:   97.9 meV/A | training forces MAE:  57.90 meV/A | validation loss: 1.122e-02 | validation energy RMSE (per atom):   16.0 meV | validation energy MAE (per atom):    7.9 meV | validation forces RMSE:  112.2 meV/A | validation forces MAE:  59.12 meV/A
[2025-10-13 17:17:03][INFO] - Epoch:  528 | learning rate: 1.250e-05 | training loss: 1.161e-01 | training energy RMSE (per atom):    6.1 meV | training energy MAE (per atom):    4.0 meV | training forces RMSE:  101.3 meV/A | training forces MAE:  58.38 meV/A | validation loss: 1.066e-02 | validation energy RMSE (per atom):   14.6 meV | validation energy MAE (per atom):    3.3 meV | validation forces RMSE:  111.6 meV/A | validation forces MAE:  59.70 meV/A
[2025-10-13 17:17:40][INFO] - Epoch:  529 | learning rate: 1.250e-05 | training loss: 1.088e-01 | training energy RMSE (per atom):    6.1 meV | training energy MAE (per atom):    4.1 meV | training forces RMSE:   97.6 meV/A | training forces MAE:  58.26 meV/A | validation loss: 1.101e-02 | validation energy RMSE (per atom):   14.9 meV | validation energy MAE (per atom):    4.3 meV | validation forces RMSE:  114.0 meV/A | validation forces MAE:  60.46 meV/A
[2025-10-13 17:18:19][INFO] - Epoch:  530 | learning rate: 1.250e-05 | training loss: 1.106e-01 | training energy RMSE (per atom):    6.4 meV | training energy MAE (per atom):    4.5 meV | training forces RMSE:   97.9 meV/A | training forces MAE:  58.83 meV/A | validation loss: 1.052e-02 | validation energy RMSE (per atom):   14.5 meV | validation energy MAE (per atom):    3.9 meV | validation forces RMSE:  111.0 meV/A | validation forces MAE:  59.78 meV/A
[2025-10-13 17:18:57][INFO] - Epoch:  531 | learning rate: 1.250e-05 | training loss: 1.076e-01 | training energy RMSE (per atom):    6.1 meV | training energy MAE (per atom):    4.2 meV | training forces RMSE:   96.9 meV/A | training forces MAE:  57.61 meV/A | validation loss: 1.123e-02 | validation energy RMSE (per atom):   15.9 meV | validation energy MAE (per atom):    7.5 meV | validation forces RMSE:  112.1 meV/A | validation forces MAE:  60.10 meV/A
[2025-10-13 17:19:35][INFO] - Epoch:  532 | learning rate: 1.250e-05 | training loss: 1.101e-01 | training energy RMSE (per atom):    6.3 meV | training energy MAE (per atom):    4.2 meV | training forces RMSE:   97.6 meV/A | training forces MAE:  57.91 meV/A | validation loss: 1.099e-02 | validation energy RMSE (per atom):   14.6 meV | validation energy MAE (per atom):    3.9 meV | validation forces RMSE:  115.4 meV/A | validation forces MAE:  61.30 meV/A
[2025-10-13 17:20:14][INFO] - Epoch:  533 | learning rate: 1.250e-05 | training loss: 1.091e-01 | training energy RMSE (per atom):    6.2 meV | training energy MAE (per atom):    4.2 meV | training forces RMSE:   97.6 meV/A | training forces MAE:  58.19 meV/A | validation loss: 1.101e-02 | validation energy RMSE (per atom):   15.2 meV | validation energy MAE (per atom):    5.7 meV | validation forces RMSE:  112.6 meV/A | validation forces MAE:  60.86 meV/A
[2025-10-13 17:20:51][INFO] - Epoch:  534 | learning rate: 1.250e-05 | training loss: 1.101e-01 | training energy RMSE (per atom):    6.7 meV | training energy MAE (per atom):    4.8 meV | training forces RMSE:   96.7 meV/A | training forces MAE:  57.96 meV/A | validation loss: 1.088e-02 | validation energy RMSE (per atom):   14.5 meV | validation energy MAE (per atom):    5.0 meV | validation forces RMSE:  114.3 meV/A | validation forces MAE:  62.57 meV/A
[2025-10-13 17:21:30][INFO] - Epoch:  535 | learning rate: 1.250e-05 | training loss: 1.090e-01 | training energy RMSE (per atom):    6.9 meV | training energy MAE (per atom):    4.8 meV | training forces RMSE:   97.1 meV/A | training forces MAE:  58.09 meV/A | validation loss: 1.106e-02 | validation energy RMSE (per atom):   15.3 meV | validation energy MAE (per atom):    4.0 meV | validation forces RMSE:  112.2 meV/A | validation forces MAE:  60.36 meV/A
[2025-10-13 17:22:07][INFO] - Epoch:  536 | learning rate: 1.250e-05 | training loss: 1.107e-01 | training energy RMSE (per atom):    6.2 meV | training energy MAE (per atom):    4.2 meV | training forces RMSE:   98.1 meV/A | training forces MAE:  58.44 meV/A | validation loss: 1.112e-02 | validation energy RMSE (per atom):   15.2 meV | validation energy MAE (per atom):    4.0 meV | validation forces RMSE:  113.2 meV/A | validation forces MAE:  60.83 meV/A
[2025-10-13 17:22:46][INFO] - Epoch:  537 | learning rate: 1.250e-05 | training loss: 1.135e-01 | training energy RMSE (per atom):    5.7 meV | training energy MAE (per atom):    3.7 meV | training forces RMSE:  100.0 meV/A | training forces MAE:  59.15 meV/A | validation loss: 1.076e-02 | validation energy RMSE (per atom):   14.9 meV | validation energy MAE (per atom):    3.6 meV | validation forces RMSE:  110.7 meV/A | validation forces MAE:  59.54 meV/A
[2025-10-13 17:23:24][INFO] - Epoch:  538 | learning rate: 1.250e-05 | training loss: 1.133e-01 | training energy RMSE (per atom):    7.3 meV | training energy MAE (per atom):    5.3 meV | training forces RMSE:   98.3 meV/A | training forces MAE:  58.27 meV/A | validation loss: 1.124e-02 | validation energy RMSE (per atom):   16.0 meV | validation energy MAE (per atom):    7.3 meV | validation forces RMSE:  111.8 meV/A | validation forces MAE:  59.68 meV/A
[2025-10-13 17:24:02][INFO] - Epoch:  539 | learning rate: 1.250e-05 | training loss: 1.080e-01 | training energy RMSE (per atom):    6.4 meV | training energy MAE (per atom):    4.6 meV | training forces RMSE:   97.8 meV/A | training forces MAE:  58.54 meV/A | validation loss: 1.080e-02 | validation energy RMSE (per atom):   14.8 meV | validation energy MAE (per atom):    4.0 meV | validation forces RMSE:  113.1 meV/A | validation forces MAE:  60.17 meV/A
[2025-10-13 17:24:40][INFO] - Epoch:  540 | learning rate: 1.250e-05 | training loss: 1.206e-01 | training energy RMSE (per atom):    6.1 meV | training energy MAE (per atom):    4.1 meV | training forces RMSE:  103.8 meV/A | training forces MAE:  60.27 meV/A | validation loss: 1.122e-02 | validation energy RMSE (per atom):   15.1 meV | validation energy MAE (per atom):    3.7 meV | validation forces RMSE:  114.9 meV/A | validation forces MAE:  60.54 meV/A
[2025-10-13 17:25:17][INFO] - Epoch:  541 | learning rate: 1.250e-05 | training loss: 1.128e-01 | training energy RMSE (per atom):    5.8 meV | training energy MAE (per atom):    3.9 meV | training forces RMSE:   99.3 meV/A | training forces MAE:  57.97 meV/A | validation loss: 1.090e-02 | validation energy RMSE (per atom):   14.9 meV | validation energy MAE (per atom):    4.9 meV | validation forces RMSE:  111.7 meV/A | validation forces MAE:  61.46 meV/A
[2025-10-13 17:25:55][INFO] - Epoch:  542 | learning rate: 1.250e-05 | training loss: 1.114e-01 | training energy RMSE (per atom):    6.9 meV | training energy MAE (per atom):    4.9 meV | training forces RMSE:   98.1 meV/A | training forces MAE:  58.08 meV/A | validation loss: 1.080e-02 | validation energy RMSE (per atom):   15.2 meV | validation energy MAE (per atom):    4.1 meV | validation forces RMSE:  109.8 meV/A | validation forces MAE:  59.35 meV/A
[2025-10-13 17:26:33][INFO] - Epoch:  543 | learning rate: 1.250e-05 | training loss: 1.074e-01 | training energy RMSE (per atom):    6.1 meV | training energy MAE (per atom):    4.3 meV | training forces RMSE:   97.0 meV/A | training forces MAE:  57.51 meV/A | validation loss: 1.102e-02 | validation energy RMSE (per atom):   14.9 meV | validation energy MAE (per atom):    4.2 meV | validation forces RMSE:  114.6 meV/A | validation forces MAE:  60.07 meV/A
[2025-10-13 17:27:11][INFO] - Epoch:  544 | learning rate: 1.250e-05 | training loss: 1.086e-01 | training energy RMSE (per atom):    6.0 meV | training energy MAE (per atom):    4.0 meV | training forces RMSE:   97.3 meV/A | training forces MAE:  57.83 meV/A | validation loss: 1.074e-02 | validation energy RMSE (per atom):   15.0 meV | validation energy MAE (per atom):    3.9 meV | validation forces RMSE:  110.5 meV/A | validation forces MAE:  59.34 meV/A
[2025-10-13 17:27:49][INFO] - Epoch:  545 | learning rate: 1.250e-05 | training loss: 1.066e-01 | training energy RMSE (per atom):    6.0 meV | training energy MAE (per atom):    4.1 meV | training forces RMSE:   96.7 meV/A | training forces MAE:  57.42 meV/A | validation loss: 1.090e-02 | validation energy RMSE (per atom):   14.9 meV | validation energy MAE (per atom):    5.4 meV | validation forces RMSE:  113.3 meV/A | validation forces MAE:  60.76 meV/A
[2025-10-13 17:28:28][INFO] - Epoch:  546 | learning rate: 1.250e-05 | training loss: 1.058e-01 | training energy RMSE (per atom):    5.9 meV | training energy MAE (per atom):    4.0 meV | training forces RMSE:   96.3 meV/A | training forces MAE:  57.55 meV/A | validation loss: 1.075e-02 | validation energy RMSE (per atom):   14.6 meV | validation energy MAE (per atom):    3.6 meV | validation forces RMSE:  113.5 meV/A | validation forces MAE:  60.31 meV/A
[2025-10-13 17:29:06][INFO] - Epoch:  547 | learning rate: 1.250e-05 | training loss: 1.097e-01 | training energy RMSE (per atom):    6.7 meV | training energy MAE (per atom):    4.6 meV | training forces RMSE:   96.8 meV/A | training forces MAE:  57.90 meV/A | validation loss: 1.089e-02 | validation energy RMSE (per atom):   14.9 meV | validation energy MAE (per atom):    3.7 meV | validation forces RMSE:  112.3 meV/A | validation forces MAE:  59.92 meV/A
[2025-10-13 17:29:44][INFO] - Epoch:  548 | learning rate: 1.250e-05 | training loss: 1.120e-01 | training energy RMSE (per atom):    6.1 meV | training energy MAE (per atom):    4.0 meV | training forces RMSE:   98.4 meV/A | training forces MAE:  58.30 meV/A | validation loss: 1.156e-02 | validation energy RMSE (per atom):   16.1 meV | validation energy MAE (per atom):    5.0 meV | validation forces RMSE:  113.3 meV/A | validation forces MAE:  60.12 meV/A
[2025-10-13 17:30:21][INFO] - Epoch:  549 | learning rate: 1.250e-05 | training loss: 1.033e-01 | training energy RMSE (per atom):    5.8 meV | training energy MAE (per atom):    3.8 meV | training forces RMSE:   95.6 meV/A | training forces MAE:  57.44 meV/A | validation loss: 1.073e-02 | validation energy RMSE (per atom):   14.8 meV | validation energy MAE (per atom):    4.4 meV | validation forces RMSE:  111.8 meV/A | validation forces MAE:  59.57 meV/A
[2025-10-13 17:31:00][INFO] - Epoch:  550 | learning rate: 1.250e-05 | training loss: 1.088e-01 | training energy RMSE (per atom):    6.0 meV | training energy MAE (per atom):    4.0 meV | training forces RMSE:   97.3 meV/A | training forces MAE:  58.34 meV/A | validation loss: 1.117e-02 | validation energy RMSE (per atom):   15.4 meV | validation energy MAE (per atom):    4.9 meV | validation forces RMSE:  113.5 meV/A | validation forces MAE:  59.44 meV/A
[2025-10-13 17:31:38][INFO] - Epoch:  551 | learning rate: 1.250e-05 | training loss: 1.064e-01 | training energy RMSE (per atom):    6.0 meV | training energy MAE (per atom):    4.1 meV | training forces RMSE:   97.0 meV/A | training forces MAE:  57.62 meV/A | validation loss: 1.084e-02 | validation energy RMSE (per atom):   14.6 meV | validation energy MAE (per atom):    5.0 meV | validation forces RMSE:  113.1 meV/A | validation forces MAE:  61.64 meV/A
[2025-10-13 17:32:16][INFO] - Epoch:  552 | learning rate: 1.250e-05 | training loss: 1.055e-01 | training energy RMSE (per atom):    6.3 meV | training energy MAE (per atom):    4.4 meV | training forces RMSE:   95.4 meV/A | training forces MAE:  57.00 meV/A | validation loss: 1.143e-02 | validation energy RMSE (per atom):   16.1 meV | validation energy MAE (per atom):    6.2 meV | validation forces RMSE:  111.9 meV/A | validation forces MAE:  59.10 meV/A
[2025-10-13 17:32:55][INFO] - Epoch:  553 | learning rate: 1.250e-05 | training loss: 1.154e-01 | training energy RMSE (per atom):    6.1 meV | training energy MAE (per atom):    4.1 meV | training forces RMSE:  101.0 meV/A | training forces MAE:  59.15 meV/A | validation loss: 1.192e-02 | validation energy RMSE (per atom):   17.2 meV | validation energy MAE (per atom):    9.4 meV | validation forces RMSE:  113.6 meV/A | validation forces MAE:  60.27 meV/A
[2025-10-13 17:33:32][INFO] - Epoch:  554 | learning rate: 1.250e-05 | training loss: 1.154e-01 | training energy RMSE (per atom):    6.6 meV | training energy MAE (per atom):    4.6 meV | training forces RMSE:  100.7 meV/A | training forces MAE:  59.50 meV/A | validation loss: 1.122e-02 | validation energy RMSE (per atom):   15.5 meV | validation energy MAE (per atom):    4.7 meV | validation forces RMSE:  112.7 meV/A | validation forces MAE:  59.66 meV/A
[2025-10-13 17:34:10][INFO] - Epoch:  555 | learning rate: 1.250e-05 | training loss: 1.056e-01 | training energy RMSE (per atom):    6.1 meV | training energy MAE (per atom):    4.2 meV | training forces RMSE:   95.7 meV/A | training forces MAE:  57.04 meV/A | validation loss: 1.097e-02 | validation energy RMSE (per atom):   15.6 meV | validation energy MAE (per atom):    5.7 meV | validation forces RMSE:  110.3 meV/A | validation forces MAE:  59.19 meV/A
[2025-10-13 17:34:48][INFO] - Epoch:  556 | learning rate: 1.250e-05 | training loss: 1.045e-01 | training energy RMSE (per atom):    6.0 meV | training energy MAE (per atom):    4.0 meV | training forces RMSE:   95.0 meV/A | training forces MAE:  56.97 meV/A | validation loss: 1.081e-02 | validation energy RMSE (per atom):   14.7 meV | validation energy MAE (per atom):    4.0 meV | validation forces RMSE:  111.9 meV/A | validation forces MAE:  61.03 meV/A
[2025-10-13 17:35:26][INFO] - Epoch:  557 | learning rate: 1.250e-05 | training loss: 1.063e-01 | training energy RMSE (per atom):    6.1 meV | training energy MAE (per atom):    4.2 meV | training forces RMSE:   96.5 meV/A | training forces MAE:  57.60 meV/A | validation loss: 1.178e-02 | validation energy RMSE (per atom):   15.3 meV | validation energy MAE (per atom):    6.5 meV | validation forces RMSE:  118.5 meV/A | validation forces MAE:  66.23 meV/A
[2025-10-13 17:36:05][INFO] - Epoch:  558 | learning rate: 1.250e-05 | training loss: 1.069e-01 | training energy RMSE (per atom):    6.4 meV | training energy MAE (per atom):    4.6 meV | training forces RMSE:   96.3 meV/A | training forces MAE:  57.37 meV/A | validation loss: 1.116e-02 | validation energy RMSE (per atom):   14.9 meV | validation energy MAE (per atom):    5.4 meV | validation forces RMSE:  115.4 meV/A | validation forces MAE:  62.04 meV/A
[2025-10-13 17:36:43][INFO] - Epoch:  559 | learning rate: 1.250e-05 | training loss: 1.146e-01 | training energy RMSE (per atom):    7.2 meV | training energy MAE (per atom):    5.0 meV | training forces RMSE:   98.9 meV/A | training forces MAE:  58.89 meV/A | validation loss: 1.088e-02 | validation energy RMSE (per atom):   15.0 meV | validation energy MAE (per atom):    4.4 meV | validation forces RMSE:  112.1 meV/A | validation forces MAE:  59.42 meV/A
[2025-10-13 17:37:21][INFO] - Epoch:  560 | learning rate: 1.250e-05 | training loss: 1.088e-01 | training energy RMSE (per atom):    5.7 meV | training energy MAE (per atom):    3.9 meV | training forces RMSE:   97.5 meV/A | training forces MAE:  57.75 meV/A | validation loss: 1.079e-02 | validation energy RMSE (per atom):   14.9 meV | validation energy MAE (per atom):    4.0 meV | validation forces RMSE:  112.0 meV/A | validation forces MAE:  59.51 meV/A
[2025-10-13 17:37:59][INFO] - Epoch:  561 | learning rate: 1.250e-05 | training loss: 1.033e-01 | training energy RMSE (per atom):    6.5 meV | training energy MAE (per atom):    4.6 meV | training forces RMSE:   94.6 meV/A | training forces MAE:  56.72 meV/A | validation loss: 1.134e-02 | validation energy RMSE (per atom):   15.8 meV | validation energy MAE (per atom):    8.4 meV | validation forces RMSE:  114.3 meV/A | validation forces MAE:  63.70 meV/A
[2025-10-13 17:38:37][INFO] - Epoch:  562 | learning rate: 1.250e-05 | training loss: 1.039e-01 | training energy RMSE (per atom):    6.1 meV | training energy MAE (per atom):    4.2 meV | training forces RMSE:   94.9 meV/A | training forces MAE:  57.11 meV/A | validation loss: 1.061e-02 | validation energy RMSE (per atom):   14.6 meV | validation energy MAE (per atom):    4.3 meV | validation forces RMSE:  112.2 meV/A | validation forces MAE:  60.06 meV/A
[2025-10-13 17:39:14][INFO] - Epoch:  563 | learning rate: 1.250e-05 | training loss: 1.040e-01 | training energy RMSE (per atom):    6.4 meV | training energy MAE (per atom):    4.3 meV | training forces RMSE:   94.9 meV/A | training forces MAE:  56.96 meV/A | validation loss: 1.101e-02 | validation energy RMSE (per atom):   15.3 meV | validation energy MAE (per atom):    6.2 meV | validation forces RMSE:  112.8 meV/A | validation forces MAE:  59.54 meV/A
[2025-10-13 17:39:52][INFO] - Epoch:  564 | learning rate: 1.250e-05 | training loss: 1.042e-01 | training energy RMSE (per atom):    6.1 meV | training energy MAE (per atom):    4.1 meV | training forces RMSE:   95.2 meV/A | training forces MAE:  57.05 meV/A | validation loss: 1.082e-02 | validation energy RMSE (per atom):   15.2 meV | validation energy MAE (per atom):    3.6 meV | validation forces RMSE:  110.2 meV/A | validation forces MAE:  58.95 meV/A
[2025-10-13 17:40:29][INFO] - Epoch:  565 | learning rate: 1.250e-05 | training loss: 1.063e-01 | training energy RMSE (per atom):    6.0 meV | training energy MAE (per atom):    4.0 meV | training forces RMSE:   96.1 meV/A | training forces MAE:  57.51 meV/A | validation loss: 1.127e-02 | validation energy RMSE (per atom):   15.8 meV | validation energy MAE (per atom):    6.8 meV | validation forces RMSE:  113.1 meV/A | validation forces MAE:  59.74 meV/A
[2025-10-13 17:41:07][INFO] - Epoch:  566 | learning rate: 1.250e-05 | training loss: 1.034e-01 | training energy RMSE (per atom):    6.2 meV | training energy MAE (per atom):    4.4 meV | training forces RMSE:   94.8 meV/A | training forces MAE:  56.87 meV/A | validation loss: 1.111e-02 | validation energy RMSE (per atom):   15.1 meV | validation energy MAE (per atom):    4.0 meV | validation forces RMSE:  113.6 meV/A | validation forces MAE:  60.74 meV/A
[2025-10-13 17:41:45][INFO] - Epoch:  567 | learning rate: 1.250e-05 | training loss: 1.079e-01 | training energy RMSE (per atom):    6.7 meV | training energy MAE (per atom):    4.6 meV | training forces RMSE:   96.5 meV/A | training forces MAE:  58.19 meV/A | validation loss: 1.068e-02 | validation energy RMSE (per atom):   14.8 meV | validation energy MAE (per atom):    3.6 meV | validation forces RMSE:  111.3 meV/A | validation forces MAE:  59.02 meV/A
[2025-10-13 17:42:22][INFO] - Epoch:  568 | learning rate: 1.250e-05 | training loss: 1.079e-01 | training energy RMSE (per atom):    7.4 meV | training energy MAE (per atom):    5.2 meV | training forces RMSE:   95.0 meV/A | training forces MAE:  57.23 meV/A | validation loss: 1.015e-02 | validation energy RMSE (per atom):   14.2 meV | validation energy MAE (per atom):    4.4 meV | validation forces RMSE:  110.6 meV/A | validation forces MAE:  58.88 meV/A
[2025-10-13 17:43:00][INFO] - Epoch:  569 | learning rate: 1.250e-05 | training loss: 1.185e-01 | training energy RMSE (per atom):    6.8 meV | training energy MAE (per atom):    4.7 meV | training forces RMSE:  101.4 meV/A | training forces MAE:  59.12 meV/A | validation loss: 1.143e-02 | validation energy RMSE (per atom):   16.4 meV | validation energy MAE (per atom):    7.3 meV | validation forces RMSE:  111.4 meV/A | validation forces MAE:  59.18 meV/A
[2025-10-13 17:43:38][INFO] - Epoch:  570 | learning rate: 1.250e-05 | training loss: 1.041e-01 | training energy RMSE (per atom):    6.0 meV | training energy MAE (per atom):    4.3 meV | training forces RMSE:   95.6 meV/A | training forces MAE:  56.95 meV/A | validation loss: 1.163e-02 | validation energy RMSE (per atom):   16.3 meV | validation energy MAE (per atom):    6.6 meV | validation forces RMSE:  113.5 meV/A | validation forces MAE:  62.27 meV/A
[2025-10-13 17:44:16][INFO] - Epoch:  571 | learning rate: 1.250e-05 | training loss: 1.083e-01 | training energy RMSE (per atom):    6.4 meV | training energy MAE (per atom):    4.5 meV | training forces RMSE:   97.4 meV/A | training forces MAE:  57.54 meV/A | validation loss: 1.124e-02 | validation energy RMSE (per atom):   16.3 meV | validation energy MAE (per atom):    8.8 meV | validation forces RMSE:  111.7 meV/A | validation forces MAE:  58.98 meV/A
[2025-10-13 17:44:54][INFO] - Epoch:  572 | learning rate: 1.250e-05 | training loss: 1.020e-01 | training energy RMSE (per atom):    6.4 meV | training energy MAE (per atom):    4.6 meV | training forces RMSE:   94.1 meV/A | training forces MAE:  56.43 meV/A | validation loss: 1.064e-02 | validation energy RMSE (per atom):   14.6 meV | validation energy MAE (per atom):    3.7 meV | validation forces RMSE:  111.4 meV/A | validation forces MAE:  59.84 meV/A
[2025-10-13 17:45:32][INFO] - Epoch:  573 | learning rate: 1.250e-05 | training loss: 1.026e-01 | training energy RMSE (per atom):    6.0 meV | training energy MAE (per atom):    4.1 meV | training forces RMSE:   94.7 meV/A | training forces MAE:  56.60 meV/A | validation loss: 1.189e-02 | validation energy RMSE (per atom):   17.4 meV | validation energy MAE (per atom):   10.1 meV | validation forces RMSE:  112.9 meV/A | validation forces MAE:  58.60 meV/A
[2025-10-13 17:46:10][INFO] - Epoch:  574 | learning rate: 1.250e-05 | training loss: 1.026e-01 | training energy RMSE (per atom):    6.4 meV | training energy MAE (per atom):    4.5 meV | training forces RMSE:   94.3 meV/A | training forces MAE:  56.72 meV/A | validation loss: 1.055e-02 | validation energy RMSE (per atom):   14.5 meV | validation energy MAE (per atom):    3.8 meV | validation forces RMSE:  112.0 meV/A | validation forces MAE:  59.19 meV/A
[2025-10-13 17:46:48][INFO] - Epoch:  575 | learning rate: 1.250e-05 | training loss: 1.026e-01 | training energy RMSE (per atom):    6.2 meV | training energy MAE (per atom):    4.4 meV | training forces RMSE:   94.1 meV/A | training forces MAE:  56.44 meV/A | validation loss: 1.079e-02 | validation energy RMSE (per atom):   15.2 meV | validation energy MAE (per atom):    5.3 meV | validation forces RMSE:  111.3 meV/A | validation forces MAE:  58.96 meV/A
[2025-10-13 17:47:26][INFO] - Epoch:  576 | learning rate: 1.250e-05 | training loss: 1.037e-01 | training energy RMSE (per atom):    5.5 meV | training energy MAE (per atom):    3.7 meV | training forces RMSE:   95.1 meV/A | training forces MAE:  56.66 meV/A | validation loss: 1.159e-02 | validation energy RMSE (per atom):   15.9 meV | validation energy MAE (per atom):    4.7 meV | validation forces RMSE:  114.6 meV/A | validation forces MAE:  61.45 meV/A
[2025-10-13 17:48:04][INFO] - Epoch:  577 | learning rate: 1.250e-05 | training loss: 1.041e-01 | training energy RMSE (per atom):    6.1 meV | training energy MAE (per atom):    4.1 meV | training forces RMSE:   95.1 meV/A | training forces MAE:  57.14 meV/A | validation loss: 1.093e-02 | validation energy RMSE (per atom):   15.4 meV | validation energy MAE (per atom):    4.0 meV | validation forces RMSE:  110.7 meV/A | validation forces MAE:  59.51 meV/A
[2025-10-13 17:48:42][INFO] - Epoch:  578 | learning rate: 1.250e-05 | training loss: 1.055e-01 | training energy RMSE (per atom):    6.2 meV | training energy MAE (per atom):    4.2 meV | training forces RMSE:   96.2 meV/A | training forces MAE:  57.20 meV/A | validation loss: 1.075e-02 | validation energy RMSE (per atom):   15.0 meV | validation energy MAE (per atom):    5.2 meV | validation forces RMSE:  111.2 meV/A | validation forces MAE:  60.45 meV/A
[2025-10-13 17:49:20][INFO] - Epoch:  579 | learning rate: 1.250e-05 | training loss: 1.070e-01 | training energy RMSE (per atom):    6.6 meV | training energy MAE (per atom):    4.6 meV | training forces RMSE:   95.7 meV/A | training forces MAE:  57.86 meV/A | validation loss: 1.078e-02 | validation energy RMSE (per atom):   14.9 meV | validation energy MAE (per atom):    4.3 meV | validation forces RMSE:  112.2 meV/A | validation forces MAE:  58.44 meV/A
[2025-10-13 17:49:58][INFO] - Epoch:  580 | learning rate: 1.250e-05 | training loss: 1.044e-01 | training energy RMSE (per atom):    6.6 meV | training energy MAE (per atom):    4.6 meV | training forces RMSE:   94.7 meV/A | training forces MAE:  56.91 meV/A | validation loss: 1.104e-02 | validation energy RMSE (per atom):   15.4 meV | validation energy MAE (per atom):    4.9 meV | validation forces RMSE:  111.4 meV/A | validation forces MAE:  58.76 meV/A
[2025-10-13 17:50:35][INFO] - Epoch:  581 | learning rate: 1.250e-05 | training loss: 1.043e-01 | training energy RMSE (per atom):    6.3 meV | training energy MAE (per atom):    4.6 meV | training forces RMSE:   95.1 meV/A | training forces MAE:  57.20 meV/A | validation loss: 1.101e-02 | validation energy RMSE (per atom):   15.4 meV | validation energy MAE (per atom):    4.0 meV | validation forces RMSE:  111.6 meV/A | validation forces MAE:  59.08 meV/A
[2025-10-13 17:51:13][INFO] - Epoch:  582 | learning rate: 1.250e-05 | training loss: 1.043e-01 | training energy RMSE (per atom):    7.0 meV | training energy MAE (per atom):    4.8 meV | training forces RMSE:   93.7 meV/A | training forces MAE:  56.51 meV/A | validation loss: 1.163e-02 | validation energy RMSE (per atom):   16.3 meV | validation energy MAE (per atom):    6.7 meV | validation forces RMSE:  113.0 meV/A | validation forces MAE:  60.71 meV/A
[2025-10-13 17:51:51][INFO] - Epoch:  583 | learning rate: 1.250e-05 | training loss: 1.005e-01 | training energy RMSE (per atom):    6.0 meV | training energy MAE (per atom):    4.2 meV | training forces RMSE:   93.8 meV/A | training forces MAE:  56.65 meV/A | validation loss: 1.048e-02 | validation energy RMSE (per atom):   14.4 meV | validation energy MAE (per atom):    4.5 meV | validation forces RMSE:  111.8 meV/A | validation forces MAE:  60.25 meV/A
[2025-10-13 17:52:29][INFO] - Epoch:  584 | learning rate: 1.250e-05 | training loss: 1.057e-01 | training energy RMSE (per atom):    6.3 meV | training energy MAE (per atom):    4.3 meV | training forces RMSE:   95.5 meV/A | training forces MAE:  57.41 meV/A | validation loss: 1.042e-02 | validation energy RMSE (per atom):   14.6 meV | validation energy MAE (per atom):    3.9 meV | validation forces RMSE:  110.2 meV/A | validation forces MAE:  58.25 meV/A
[2025-10-13 17:53:06][INFO] - Epoch:  585 | learning rate: 1.250e-05 | training loss: 9.605e-02 | training energy RMSE (per atom):    5.7 meV | training energy MAE (per atom):    4.0 meV | training forces RMSE:   92.7 meV/A | training forces MAE:  55.82 meV/A | validation loss: 1.037e-02 | validation energy RMSE (per atom):   14.5 meV | validation energy MAE (per atom):    3.4 meV | validation forces RMSE:  110.1 meV/A | validation forces MAE:  58.36 meV/A
[2025-10-13 17:53:44][INFO] - Epoch:  586 | learning rate: 1.250e-05 | training loss: 1.043e-01 | training energy RMSE (per atom):    6.3 meV | training energy MAE (per atom):    4.2 meV | training forces RMSE:   95.0 meV/A | training forces MAE:  57.68 meV/A | validation loss: 1.100e-02 | validation energy RMSE (per atom):   14.9 meV | validation energy MAE (per atom):    3.9 meV | validation forces RMSE:  114.6 meV/A | validation forces MAE:  61.11 meV/A
[2025-10-13 17:54:22][INFO] - Epoch:  587 | learning rate: 1.250e-05 | training loss: 1.035e-01 | training energy RMSE (per atom):    6.1 meV | training energy MAE (per atom):    4.2 meV | training forces RMSE:   95.3 meV/A | training forces MAE:  57.34 meV/A | validation loss: 1.028e-02 | validation energy RMSE (per atom):   14.4 meV | validation energy MAE (per atom):    4.0 meV | validation forces RMSE:  109.6 meV/A | validation forces MAE:  58.78 meV/A
[2025-10-13 17:54:59][INFO] - Epoch:  588 | learning rate: 1.250e-05 | training loss: 1.011e-01 | training energy RMSE (per atom):    5.7 meV | training energy MAE (per atom):    3.9 meV | training forces RMSE:   94.3 meV/A | training forces MAE:  56.53 meV/A | validation loss: 1.124e-02 | validation energy RMSE (per atom):   15.2 meV | validation energy MAE (per atom):    3.8 meV | validation forces RMSE:  114.7 meV/A | validation forces MAE:  61.68 meV/A
[2025-10-13 17:55:37][INFO] - Epoch:  589 | learning rate: 1.250e-05 | training loss: 1.076e-01 | training energy RMSE (per atom):    6.0 meV | training energy MAE (per atom):    4.2 meV | training forces RMSE:   97.4 meV/A | training forces MAE:  57.53 meV/A | validation loss: 1.130e-02 | validation energy RMSE (per atom):   16.7 meV | validation energy MAE (per atom):   10.1 meV | validation forces RMSE:  110.9 meV/A | validation forces MAE:  58.36 meV/A
[2025-10-13 17:56:15][INFO] - Epoch:  590 | learning rate: 1.250e-05 | training loss: 1.051e-01 | training energy RMSE (per atom):    6.9 meV | training energy MAE (per atom):    4.8 meV | training forces RMSE:   94.9 meV/A | training forces MAE:  56.65 meV/A | validation loss: 1.136e-02 | validation energy RMSE (per atom):   16.1 meV | validation energy MAE (per atom):    5.5 meV | validation forces RMSE:  110.8 meV/A | validation forces MAE:  60.38 meV/A
[2025-10-13 17:56:53][INFO] - Epoch:  591 | learning rate: 1.250e-05 | training loss: 1.014e-01 | training energy RMSE (per atom):    6.1 meV | training energy MAE (per atom):    3.9 meV | training forces RMSE:   93.7 meV/A | training forces MAE:  56.05 meV/A | validation loss: 1.012e-02 | validation energy RMSE (per atom):   14.0 meV | validation energy MAE (per atom):    3.8 meV | validation forces RMSE:  111.0 meV/A | validation forces MAE:  58.39 meV/A
[2025-10-13 17:57:31][INFO] - Epoch:  592 | learning rate: 1.250e-05 | training loss: 1.040e-01 | training energy RMSE (per atom):    7.0 meV | training energy MAE (per atom):    4.9 meV | training forces RMSE:   93.5 meV/A | training forces MAE:  56.52 meV/A | validation loss: 1.129e-02 | validation energy RMSE (per atom):   16.3 meV | validation energy MAE (per atom):    8.2 meV | validation forces RMSE:  111.7 meV/A | validation forces MAE:  58.83 meV/A
[2025-10-13 17:58:08][INFO] - Epoch:  593 | learning rate: 1.250e-05 | training loss: 1.017e-01 | training energy RMSE (per atom):    6.4 meV | training energy MAE (per atom):    4.4 meV | training forces RMSE:   93.3 meV/A | training forces MAE:  56.21 meV/A | validation loss: 1.070e-02 | validation energy RMSE (per atom):   14.8 meV | validation energy MAE (per atom):    3.5 meV | validation forces RMSE:  111.8 meV/A | validation forces MAE:  59.21 meV/A
[2025-10-13 17:58:47][INFO] - Epoch:  594 | learning rate: 1.250e-05 | training loss: 9.945e-02 | training energy RMSE (per atom):    5.9 meV | training energy MAE (per atom):    3.9 meV | training forces RMSE:   93.4 meV/A | training forces MAE:  56.02 meV/A | validation loss: 1.044e-02 | validation energy RMSE (per atom):   14.2 meV | validation energy MAE (per atom):    3.8 meV | validation forces RMSE:  112.4 meV/A | validation forces MAE:  60.65 meV/A
[2025-10-13 17:59:25][INFO] - Epoch:  595 | learning rate: 1.250e-05 | training loss: 1.002e-01 | training energy RMSE (per atom):    6.2 meV | training energy MAE (per atom):    4.2 meV | training forces RMSE:   93.7 meV/A | training forces MAE:  56.54 meV/A | validation loss: 1.057e-02 | validation energy RMSE (per atom):   14.6 meV | validation energy MAE (per atom):    3.6 meV | validation forces RMSE:  111.8 meV/A | validation forces MAE:  59.03 meV/A
[2025-10-13 18:00:03][INFO] - Epoch:  596 | learning rate: 1.250e-05 | training loss: 9.976e-02 | training energy RMSE (per atom):    6.2 meV | training energy MAE (per atom):    4.4 meV | training forces RMSE:   93.1 meV/A | training forces MAE:  56.21 meV/A | validation loss: 1.141e-02 | validation energy RMSE (per atom):   16.4 meV | validation energy MAE (per atom):    7.1 meV | validation forces RMSE:  110.3 meV/A | validation forces MAE:  59.58 meV/A
[2025-10-13 18:00:41][INFO] - Epoch:  597 | learning rate: 1.250e-05 | training loss: 1.004e-01 | training energy RMSE (per atom):    6.1 meV | training energy MAE (per atom):    4.1 meV | training forces RMSE:   93.6 meV/A | training forces MAE:  56.32 meV/A | validation loss: 1.060e-02 | validation energy RMSE (per atom):   14.8 meV | validation energy MAE (per atom):    3.9 meV | validation forces RMSE:  110.3 meV/A | validation forces MAE:  59.31 meV/A
[2025-10-13 18:01:19][INFO] - Epoch:  598 | learning rate: 1.250e-05 | training loss: 9.919e-02 | training energy RMSE (per atom):    5.8 meV | training energy MAE (per atom):    3.8 meV | training forces RMSE:   93.0 meV/A | training forces MAE:  56.01 meV/A | validation loss: 1.097e-02 | validation energy RMSE (per atom):   15.5 meV | validation energy MAE (per atom):    4.8 meV | validation forces RMSE:  111.3 meV/A | validation forces MAE:  58.56 meV/A
[2025-10-13 18:01:57][INFO] - Epoch:  599 | learning rate: 1.250e-05 | training loss: 9.974e-02 | training energy RMSE (per atom):    5.9 meV | training energy MAE (per atom):    4.0 meV | training forces RMSE:   93.6 meV/A | training forces MAE:  56.49 meV/A | validation loss: 1.119e-02 | validation energy RMSE (per atom):   15.7 meV | validation energy MAE (per atom):    5.6 meV | validation forces RMSE:  112.1 meV/A | validation forces MAE:  59.74 meV/A
[2025-10-13 18:02:35][INFO] - Epoch:  600 | learning rate: 1.250e-05 | training loss: 1.108e-01 | training energy RMSE (per atom):    6.4 meV | training energy MAE (per atom):    4.5 meV | training forces RMSE:   98.2 meV/A | training forces MAE:  57.26 meV/A | validation loss: 1.244e-02 | validation energy RMSE (per atom):   15.5 meV | validation energy MAE (per atom):    5.5 meV | validation forces RMSE:  124.9 meV/A | validation forces MAE:  67.80 meV/A
[2025-10-13 18:03:13][INFO] - Epoch:  601 | learning rate: 1.250e-05 | training loss: 1.084e-01 | training energy RMSE (per atom):    6.7 meV | training energy MAE (per atom):    4.7 meV | training forces RMSE:   96.6 meV/A | training forces MAE:  57.84 meV/A | validation loss: 1.024e-02 | validation energy RMSE (per atom):   14.4 meV | validation energy MAE (per atom):    3.4 meV | validation forces RMSE:  109.0 meV/A | validation forces MAE:  58.12 meV/A
[2025-10-13 18:03:51][INFO] - Epoch:  602 | learning rate: 1.250e-05 | training loss: 9.905e-02 | training energy RMSE (per atom):    5.6 meV | training energy MAE (per atom):    3.6 meV | training forces RMSE:   93.2 meV/A | training forces MAE:  55.83 meV/A | validation loss: 1.034e-02 | validation energy RMSE (per atom):   14.4 meV | validation energy MAE (per atom):    4.4 meV | validation forces RMSE:  110.7 meV/A | validation forces MAE:  59.62 meV/A
[2025-10-13 18:04:29][INFO] - Epoch:  603 | learning rate: 1.250e-05 | training loss: 1.041e-01 | training energy RMSE (per atom):    5.8 meV | training energy MAE (per atom):    4.1 meV | training forces RMSE:   95.0 meV/A | training forces MAE:  57.36 meV/A | validation loss: 1.178e-02 | validation energy RMSE (per atom):   15.0 meV | validation energy MAE (per atom):    4.1 meV | validation forces RMSE:  120.8 meV/A | validation forces MAE:  65.75 meV/A
[2025-10-13 18:05:08][INFO] - Epoch:  604 | learning rate: 1.250e-05 | training loss: 1.012e-01 | training energy RMSE (per atom):    6.0 meV | training energy MAE (per atom):    4.1 meV | training forces RMSE:   93.7 meV/A | training forces MAE:  56.58 meV/A | validation loss: 1.060e-02 | validation energy RMSE (per atom):   15.0 meV | validation energy MAE (per atom):    4.2 meV | validation forces RMSE:  109.4 meV/A | validation forces MAE:  58.83 meV/A
[2025-10-13 18:05:46][INFO] - Epoch:  605 | learning rate: 1.250e-05 | training loss: 9.928e-02 | training energy RMSE (per atom):    5.8 meV | training energy MAE (per atom):    4.0 meV | training forces RMSE:   93.5 meV/A | training forces MAE:  56.58 meV/A | validation loss: 1.074e-02 | validation energy RMSE (per atom):   15.1 meV | validation energy MAE (per atom):    3.9 meV | validation forces RMSE:  110.4 meV/A | validation forces MAE:  57.88 meV/A
[2025-10-13 18:06:23][INFO] - Epoch:  606 | learning rate: 1.250e-05 | training loss: 9.791e-02 | training energy RMSE (per atom):    6.4 meV | training energy MAE (per atom):    4.6 meV | training forces RMSE:   92.4 meV/A | training forces MAE:  56.04 meV/A | validation loss: 1.248e-02 | validation energy RMSE (per atom):   18.2 meV | validation energy MAE (per atom):   10.7 meV | validation forces RMSE:  112.9 meV/A | validation forces MAE:  62.21 meV/A
[2025-10-13 18:07:01][INFO] - Epoch:  607 | learning rate: 1.250e-05 | training loss: 1.010e-01 | training energy RMSE (per atom):    5.9 meV | training energy MAE (per atom):    4.0 meV | training forces RMSE:   94.0 meV/A | training forces MAE:  56.39 meV/A | validation loss: 1.067e-02 | validation energy RMSE (per atom):   15.2 meV | validation energy MAE (per atom):    4.7 meV | validation forces RMSE:  111.0 meV/A | validation forces MAE:  59.36 meV/A
[2025-10-13 18:07:39][INFO] - Epoch:  608 | learning rate: 1.250e-05 | training loss: 1.031e-01 | training energy RMSE (per atom):    6.1 meV | training energy MAE (per atom):    4.1 meV | training forces RMSE:   94.8 meV/A | training forces MAE:  56.76 meV/A | validation loss: 1.152e-02 | validation energy RMSE (per atom):   15.7 meV | validation energy MAE (per atom):    3.6 meV | validation forces RMSE:  115.3 meV/A | validation forces MAE:  61.06 meV/A
[2025-10-13 18:08:17][INFO] - Epoch:  609 | learning rate: 1.250e-05 | training loss: 1.038e-01 | training energy RMSE (per atom):    6.2 meV | training energy MAE (per atom):    4.3 meV | training forces RMSE:   95.1 meV/A | training forces MAE:  57.06 meV/A | validation loss: 1.060e-02 | validation energy RMSE (per atom):   14.9 meV | validation energy MAE (per atom):    3.6 meV | validation forces RMSE:  110.3 meV/A | validation forces MAE:  58.14 meV/A
[2025-10-13 18:08:55][INFO] - Epoch:  610 | learning rate: 1.250e-05 | training loss: 1.011e-01 | training energy RMSE (per atom):    6.8 meV | training energy MAE (per atom):    4.7 meV | training forces RMSE:   93.1 meV/A | training forces MAE:  56.33 meV/A | validation loss: 1.068e-02 | validation energy RMSE (per atom):   14.8 meV | validation energy MAE (per atom):    4.4 meV | validation forces RMSE:  111.4 meV/A | validation forces MAE:  58.38 meV/A
[2025-10-13 18:09:33][INFO] - Epoch:  611 | learning rate: 1.250e-05 | training loss: 9.838e-02 | training energy RMSE (per atom):    5.7 meV | training energy MAE (per atom):    3.9 meV | training forces RMSE:   92.2 meV/A | training forces MAE:  55.59 meV/A | validation loss: 1.032e-02 | validation energy RMSE (per atom):   14.5 meV | validation energy MAE (per atom):    4.2 meV | validation forces RMSE:  110.0 meV/A | validation forces MAE:  57.96 meV/A
[2025-10-13 18:10:10][INFO] - Epoch:  612 | learning rate: 1.250e-05 | training loss: 1.026e-01 | training energy RMSE (per atom):    6.1 meV | training energy MAE (per atom):    4.2 meV | training forces RMSE:   94.2 meV/A | training forces MAE:  56.35 meV/A | validation loss: 1.048e-02 | validation energy RMSE (per atom):   14.7 meV | validation energy MAE (per atom):    4.2 meV | validation forces RMSE:  110.5 meV/A | validation forces MAE:  59.77 meV/A
[2025-10-13 18:10:49][INFO] - Epoch:  613 | learning rate: 1.250e-05 | training loss: 1.057e-01 | training energy RMSE (per atom):    6.1 meV | training energy MAE (per atom):    4.2 meV | training forces RMSE:   96.2 meV/A | training forces MAE:  56.76 meV/A | validation loss: 1.061e-02 | validation energy RMSE (per atom):   14.9 meV | validation energy MAE (per atom):    3.4 meV | validation forces RMSE:  110.6 meV/A | validation forces MAE:  57.72 meV/A
[2025-10-13 18:11:26][INFO] - Epoch:  614 | learning rate: 1.250e-05 | training loss: 1.019e-01 | training energy RMSE (per atom):    5.6 meV | training energy MAE (per atom):    3.9 meV | training forces RMSE:   94.6 meV/A | training forces MAE:  55.88 meV/A | validation loss: 1.120e-02 | validation energy RMSE (per atom):   15.6 meV | validation energy MAE (per atom):    5.1 meV | validation forces RMSE:  112.9 meV/A | validation forces MAE:  59.79 meV/A
[2025-10-13 18:12:04][INFO] - Epoch:  615 | learning rate: 1.250e-05 | training loss: 1.045e-01 | training energy RMSE (per atom):    5.8 meV | training energy MAE (per atom):    4.0 meV | training forces RMSE:   95.9 meV/A | training forces MAE:  56.78 meV/A | validation loss: 1.054e-02 | validation energy RMSE (per atom):   14.7 meV | validation energy MAE (per atom):    4.0 meV | validation forces RMSE:  111.0 meV/A | validation forces MAE:  58.68 meV/A
[2025-10-13 18:12:42][INFO] - Epoch:  616 | learning rate: 1.250e-05 | training loss: 1.017e-01 | training energy RMSE (per atom):    5.8 meV | training energy MAE (per atom):    3.9 meV | training forces RMSE:   94.8 meV/A | training forces MAE:  56.92 meV/A | validation loss: 1.183e-02 | validation energy RMSE (per atom):   16.4 meV | validation energy MAE (per atom):    7.8 meV | validation forces RMSE:  115.2 meV/A | validation forces MAE:  61.12 meV/A
[2025-10-13 18:13:20][INFO] - Epoch:  617 | learning rate: 1.250e-05 | training loss: 1.019e-01 | training energy RMSE (per atom):    6.5 meV | training energy MAE (per atom):    4.5 meV | training forces RMSE:   94.2 meV/A | training forces MAE:  56.60 meV/A | validation loss: 1.079e-02 | validation energy RMSE (per atom):   15.7 meV | validation energy MAE (per atom):    8.2 meV | validation forces RMSE:  110.5 meV/A | validation forces MAE:  58.97 meV/A
[2025-10-13 18:13:58][INFO] - Epoch:  618 | learning rate: 1.250e-05 | training loss: 1.154e-01 | training energy RMSE (per atom):    6.6 meV | training energy MAE (per atom):    4.6 meV | training forces RMSE:   99.5 meV/A | training forces MAE:  58.45 meV/A | validation loss: 1.083e-02 | validation energy RMSE (per atom):   15.2 meV | validation energy MAE (per atom):    4.4 meV | validation forces RMSE:  111.2 meV/A | validation forces MAE:  58.21 meV/A
[2025-10-13 18:14:37][INFO] - Epoch:  619 | learning rate: 1.250e-05 | training loss: 1.052e-01 | training energy RMSE (per atom):    6.1 meV | training energy MAE (per atom):    4.3 meV | training forces RMSE:   95.9 meV/A | training forces MAE:  56.35 meV/A | validation loss: 1.087e-02 | validation energy RMSE (per atom):   15.2 meV | validation energy MAE (per atom):    6.2 meV | validation forces RMSE:  113.6 meV/A | validation forces MAE:  58.43 meV/A
[2025-10-13 18:15:15][INFO] - Epoch:  620 | learning rate: 1.250e-05 | training loss: 1.008e-01 | training energy RMSE (per atom):    6.4 meV | training energy MAE (per atom):    4.7 meV | training forces RMSE:   93.5 meV/A | training forces MAE:  56.14 meV/A | validation loss: 1.123e-02 | validation energy RMSE (per atom):   16.0 meV | validation energy MAE (per atom):    9.2 meV | validation forces RMSE:  115.1 meV/A | validation forces MAE:  59.17 meV/A
[2025-10-13 18:15:52][INFO] - Epoch:  621 | learning rate: 1.250e-05 | training loss: 9.711e-02 | training energy RMSE (per atom):    5.9 meV | training energy MAE (per atom):    4.0 meV | training forces RMSE:   92.7 meV/A | training forces MAE:  55.73 meV/A | validation loss: 1.046e-02 | validation energy RMSE (per atom):   14.8 meV | validation energy MAE (per atom):    3.6 meV | validation forces RMSE:  109.8 meV/A | validation forces MAE:  57.21 meV/A
[2025-10-13 18:16:30][INFO] - Epoch:  622 | learning rate: 1.250e-05 | training loss: 9.781e-02 | training energy RMSE (per atom):    6.4 meV | training energy MAE (per atom):    4.5 meV | training forces RMSE:   91.7 meV/A | training forces MAE:  55.36 meV/A | validation loss: 1.039e-02 | validation energy RMSE (per atom):   14.5 meV | validation energy MAE (per atom):    3.6 meV | validation forces RMSE:  110.5 meV/A | validation forces MAE:  57.78 meV/A
[2025-10-13 18:17:08][INFO] - Epoch:  623 | learning rate: 1.250e-05 | training loss: 1.003e-01 | training energy RMSE (per atom):    6.3 meV | training energy MAE (per atom):    4.4 meV | training forces RMSE:   93.0 meV/A | training forces MAE:  56.34 meV/A | validation loss: 1.073e-02 | validation energy RMSE (per atom):   14.7 meV | validation energy MAE (per atom):    3.5 meV | validation forces RMSE:  112.8 meV/A | validation forces MAE:  59.21 meV/A
[2025-10-13 18:17:46][INFO] - Epoch:  624 | learning rate: 1.250e-05 | training loss: 9.761e-02 | training energy RMSE (per atom):    6.0 meV | training energy MAE (per atom):    4.1 meV | training forces RMSE:   92.3 meV/A | training forces MAE:  55.58 meV/A | validation loss: 1.077e-02 | validation energy RMSE (per atom):   15.8 meV | validation energy MAE (per atom):    8.4 meV | validation forces RMSE:  110.2 meV/A | validation forces MAE:  57.87 meV/A
[2025-10-13 18:18:24][INFO] - Epoch:  625 | learning rate: 1.250e-05 | training loss: 1.002e-01 | training energy RMSE (per atom):    6.2 meV | training energy MAE (per atom):    4.2 meV | training forces RMSE:   92.5 meV/A | training forces MAE:  56.05 meV/A | validation loss: 1.055e-02 | validation energy RMSE (per atom):   15.0 meV | validation energy MAE (per atom):    4.4 meV | validation forces RMSE:  110.0 meV/A | validation forces MAE:  57.19 meV/A
[2025-10-13 18:19:01][INFO] - Epoch:  626 | learning rate: 1.250e-05 | training loss: 1.061e-01 | training energy RMSE (per atom):    6.5 meV | training energy MAE (per atom):    4.5 meV | training forces RMSE:   96.0 meV/A | training forces MAE:  56.49 meV/A | validation loss: 1.035e-02 | validation energy RMSE (per atom):   14.6 meV | validation energy MAE (per atom):    4.3 meV | validation forces RMSE:  110.2 meV/A | validation forces MAE:  57.70 meV/A
[2025-10-13 18:19:39][INFO] - Epoch:  627 | learning rate: 1.250e-05 | training loss: 9.912e-02 | training energy RMSE (per atom):    5.7 meV | training energy MAE (per atom):    3.8 meV | training forces RMSE:   93.4 meV/A | training forces MAE:  55.96 meV/A | validation loss: 1.014e-02 | validation energy RMSE (per atom):   14.5 meV | validation energy MAE (per atom):    5.6 meV | validation forces RMSE:  109.5 meV/A | validation forces MAE:  58.00 meV/A
[2025-10-13 18:20:17][INFO] - Epoch:  628 | learning rate: 1.250e-05 | training loss: 9.894e-02 | training energy RMSE (per atom):    6.3 meV | training energy MAE (per atom):    4.5 meV | training forces RMSE:   92.3 meV/A | training forces MAE:  55.74 meV/A | validation loss: 1.075e-02 | validation energy RMSE (per atom):   15.5 meV | validation energy MAE (per atom):    6.4 meV | validation forces RMSE:  109.3 meV/A | validation forces MAE:  58.24 meV/A
[2025-10-13 18:20:55][INFO] - Epoch:  629 | learning rate: 1.250e-05 | training loss: 9.544e-02 | training energy RMSE (per atom):    5.8 meV | training energy MAE (per atom):    4.1 meV | training forces RMSE:   91.1 meV/A | training forces MAE:  55.11 meV/A | validation loss: 1.105e-02 | validation energy RMSE (per atom):   16.0 meV | validation energy MAE (per atom):    6.6 meV | validation forces RMSE:  110.1 meV/A | validation forces MAE:  58.52 meV/A
[2025-10-13 18:21:33][INFO] - Epoch:  630 | learning rate: 1.250e-05 | training loss: 9.711e-02 | training energy RMSE (per atom):    5.9 meV | training energy MAE (per atom):    4.2 meV | training forces RMSE:   91.6 meV/A | training forces MAE:  55.47 meV/A | validation loss: 1.099e-02 | validation energy RMSE (per atom):   15.8 meV | validation energy MAE (per atom):    6.3 meV | validation forces RMSE:  110.4 meV/A | validation forces MAE:  58.64 meV/A
[2025-10-13 18:22:10][INFO] - Epoch:  631 | learning rate: 1.250e-05 | training loss: 9.484e-02 | training energy RMSE (per atom):    5.6 meV | training energy MAE (per atom):    3.8 meV | training forces RMSE:   91.6 meV/A | training forces MAE:  55.50 meV/A | validation loss: 1.047e-02 | validation energy RMSE (per atom):   15.2 meV | validation energy MAE (per atom):    6.9 meV | validation forces RMSE:  109.2 meV/A | validation forces MAE:  57.63 meV/A
[2025-10-13 18:22:48][INFO] - Epoch:  632 | learning rate: 1.250e-05 | training loss: 9.939e-02 | training energy RMSE (per atom):    5.8 meV | training energy MAE (per atom):    3.9 meV | training forces RMSE:   93.2 meV/A | training forces MAE:  56.49 meV/A | validation loss: 1.044e-02 | validation energy RMSE (per atom):   14.8 meV | validation energy MAE (per atom):    4.4 meV | validation forces RMSE:  108.9 meV/A | validation forces MAE:  57.66 meV/A
[2025-10-13 18:23:26][INFO] - Epoch:  633 | learning rate: 1.250e-05 | training loss: 1.002e-01 | training energy RMSE (per atom):    7.1 meV | training energy MAE (per atom):    4.8 meV | training forces RMSE:   91.5 meV/A | training forces MAE:  55.60 meV/A | validation loss: 1.035e-02 | validation energy RMSE (per atom):   14.5 meV | validation energy MAE (per atom):    3.3 meV | validation forces RMSE:  109.7 meV/A | validation forces MAE:  57.73 meV/A
[2025-10-13 18:24:04][INFO] - Epoch:  634 | learning rate: 1.250e-05 | training loss: 9.267e-02 | training energy RMSE (per atom):    5.3 meV | training energy MAE (per atom):    3.7 meV | training forces RMSE:   90.8 meV/A | training forces MAE:  54.75 meV/A | validation loss: 1.133e-02 | validation energy RMSE (per atom):   16.8 meV | validation energy MAE (per atom):    8.8 meV | validation forces RMSE:  109.1 meV/A | validation forces MAE:  58.41 meV/A
[2025-10-13 18:24:41][INFO] - Epoch:  635 | learning rate: 1.250e-05 | training loss: 9.770e-02 | training energy RMSE (per atom):    6.3 meV | training energy MAE (per atom):    4.3 meV | training forces RMSE:   91.8 meV/A | training forces MAE:  55.97 meV/A | validation loss: 1.036e-02 | validation energy RMSE (per atom):   14.8 meV | validation energy MAE (per atom):    5.2 meV | validation forces RMSE:  109.9 meV/A | validation forces MAE:  57.04 meV/A
[2025-10-13 18:25:19][INFO] - Epoch:  636 | learning rate: 1.250e-05 | training loss: 9.654e-02 | training energy RMSE (per atom):    6.1 meV | training energy MAE (per atom):    4.2 meV | training forces RMSE:   91.5 meV/A | training forces MAE:  55.49 meV/A | validation loss: 1.008e-02 | validation energy RMSE (per atom):   14.5 meV | validation energy MAE (per atom):    5.9 meV | validation forces RMSE:  109.2 meV/A | validation forces MAE:  56.89 meV/A
[2025-10-13 18:25:58][INFO] - Epoch:  637 | learning rate: 1.250e-05 | training loss: 9.619e-02 | training energy RMSE (per atom):    6.1 meV | training energy MAE (per atom):    4.3 meV | training forces RMSE:   91.1 meV/A | training forces MAE:  55.11 meV/A | validation loss: 1.073e-02 | validation energy RMSE (per atom):   15.2 meV | validation energy MAE (per atom):    3.6 meV | validation forces RMSE:  109.6 meV/A | validation forces MAE:  56.74 meV/A
[2025-10-13 18:26:35][INFO] - Epoch:  638 | learning rate: 1.250e-05 | training loss: 1.077e-01 | training energy RMSE (per atom):    7.0 meV | training energy MAE (per atom):    4.9 meV | training forces RMSE:   96.1 meV/A | training forces MAE:  58.05 meV/A | validation loss: 1.065e-02 | validation energy RMSE (per atom):   15.0 meV | validation energy MAE (per atom):    3.4 meV | validation forces RMSE:  110.6 meV/A | validation forces MAE:  57.95 meV/A
[2025-10-13 18:27:13][INFO] - Epoch:  639 | learning rate: 1.250e-05 | training loss: 9.580e-02 | training energy RMSE (per atom):    5.8 meV | training energy MAE (per atom):    3.9 meV | training forces RMSE:   91.7 meV/A | training forces MAE:  55.79 meV/A | validation loss: 1.127e-02 | validation energy RMSE (per atom):   15.9 meV | validation energy MAE (per atom):    6.0 meV | validation forces RMSE:  111.3 meV/A | validation forces MAE:  59.39 meV/A
[2025-10-13 18:27:51][INFO] - Epoch:  640 | learning rate: 1.250e-05 | training loss: 9.642e-02 | training energy RMSE (per atom):    5.9 meV | training energy MAE (per atom):    4.2 meV | training forces RMSE:   91.0 meV/A | training forces MAE:  55.11 meV/A | validation loss: 1.021e-02 | validation energy RMSE (per atom):   14.6 meV | validation energy MAE (per atom):    5.0 meV | validation forces RMSE:  109.0 meV/A | validation forces MAE:  58.43 meV/A
[2025-10-13 18:28:28][INFO] - Epoch:  641 | learning rate: 1.250e-05 | training loss: 9.816e-02 | training energy RMSE (per atom):    6.4 meV | training energy MAE (per atom):    4.5 meV | training forces RMSE:   92.0 meV/A | training forces MAE:  55.75 meV/A | validation loss: 1.168e-02 | validation energy RMSE (per atom):   17.5 meV | validation energy MAE (per atom):   11.8 meV | validation forces RMSE:  111.7 meV/A | validation forces MAE:  60.29 meV/A
[2025-10-13 18:29:06][INFO] - Epoch:  642 | learning rate: 1.250e-05 | training loss: 9.823e-02 | training energy RMSE (per atom):    6.1 meV | training energy MAE (per atom):    4.3 meV | training forces RMSE:   92.2 meV/A | training forces MAE:  55.88 meV/A | validation loss: 1.036e-02 | validation energy RMSE (per atom):   14.7 meV | validation energy MAE (per atom):    4.2 meV | validation forces RMSE:  109.1 meV/A | validation forces MAE:  58.23 meV/A
[2025-10-13 18:29:44][INFO] - Epoch:  643 | learning rate: 1.250e-05 | training loss: 9.413e-02 | training energy RMSE (per atom):    5.7 meV | training energy MAE (per atom):    3.9 meV | training forces RMSE:   90.8 meV/A | training forces MAE:  54.99 meV/A | validation loss: 1.083e-02 | validation energy RMSE (per atom):   15.2 meV | validation energy MAE (per atom):    4.8 meV | validation forces RMSE:  110.4 meV/A | validation forces MAE:  58.71 meV/A
[2025-10-13 18:30:21][INFO] - Epoch:  644 | learning rate: 1.250e-05 | training loss: 1.005e-01 | training energy RMSE (per atom):    5.9 meV | training energy MAE (per atom):    4.0 meV | training forces RMSE:   93.3 meV/A | training forces MAE:  56.03 meV/A | validation loss: 1.259e-02 | validation energy RMSE (per atom):   16.6 meV | validation energy MAE (per atom):    7.2 meV | validation forces RMSE:  121.0 meV/A | validation forces MAE:  65.78 meV/A
[2025-10-13 18:30:59][INFO] - Epoch:  645 | learning rate: 1.250e-05 | training loss: 1.038e-01 | training energy RMSE (per atom):    6.2 meV | training energy MAE (per atom):    4.3 meV | training forces RMSE:   95.4 meV/A | training forces MAE:  56.56 meV/A | validation loss: 1.078e-02 | validation energy RMSE (per atom):   15.2 meV | validation energy MAE (per atom):    6.3 meV | validation forces RMSE:  112.3 meV/A | validation forces MAE:  58.80 meV/A
[2025-10-13 18:31:37][INFO] - Epoch:  646 | learning rate: 1.250e-05 | training loss: 1.010e-01 | training energy RMSE (per atom):    5.9 meV | training energy MAE (per atom):    4.1 meV | training forces RMSE:   93.8 meV/A | training forces MAE:  56.29 meV/A | validation loss: 1.123e-02 | validation energy RMSE (per atom):   15.8 meV | validation energy MAE (per atom):    6.1 meV | validation forces RMSE:  112.8 meV/A | validation forces MAE:  59.07 meV/A
[2025-10-13 18:32:15][INFO] - Epoch:  647 | learning rate: 1.250e-05 | training loss: 9.905e-02 | training energy RMSE (per atom):    6.1 meV | training energy MAE (per atom):    4.4 meV | training forces RMSE:   91.8 meV/A | training forces MAE:  55.28 meV/A | validation loss: 1.087e-02 | validation energy RMSE (per atom):   15.5 meV | validation energy MAE (per atom):    5.6 meV | validation forces RMSE:  110.7 meV/A | validation forces MAE:  57.97 meV/A
[2025-10-13 18:32:53][INFO] - Epoch:  648 | learning rate: 1.250e-05 | training loss: 9.475e-02 | training energy RMSE (per atom):    6.0 meV | training energy MAE (per atom):    4.2 meV | training forces RMSE:   90.6 meV/A | training forces MAE:  54.98 meV/A | validation loss: 1.062e-02 | validation energy RMSE (per atom):   15.1 meV | validation energy MAE (per atom):    3.4 meV | validation forces RMSE:  109.6 meV/A | validation forces MAE:  57.21 meV/A
[2025-10-13 18:33:31][INFO] - Epoch:  649 | learning rate: 1.250e-05 | training loss: 9.815e-02 | training energy RMSE (per atom):    6.7 meV | training energy MAE (per atom):    4.7 meV | training forces RMSE:   91.4 meV/A | training forces MAE:  55.60 meV/A | validation loss: 1.067e-02 | validation energy RMSE (per atom):   15.3 meV | validation energy MAE (per atom):    4.7 meV | validation forces RMSE:  108.6 meV/A | validation forces MAE:  59.45 meV/A
[2025-10-13 18:34:09][INFO] - Epoch:  650 | learning rate: 1.250e-05 | training loss: 1.010e-01 | training energy RMSE (per atom):    6.7 meV | training energy MAE (per atom):    4.8 meV | training forces RMSE:   92.6 meV/A | training forces MAE:  55.77 meV/A | validation loss: 1.106e-02 | validation energy RMSE (per atom):   15.6 meV | validation energy MAE (per atom):    5.2 meV | validation forces RMSE:  111.3 meV/A | validation forces MAE:  59.58 meV/A
[2025-10-13 18:34:47][INFO] - Epoch:  651 | learning rate: 1.250e-05 | training loss: 1.017e-01 | training energy RMSE (per atom):    6.0 meV | training energy MAE (per atom):    4.2 meV | training forces RMSE:   94.0 meV/A | training forces MAE:  56.83 meV/A | validation loss: 1.088e-02 | validation energy RMSE (per atom):   15.7 meV | validation energy MAE (per atom):    4.5 meV | validation forces RMSE:  109.1 meV/A | validation forces MAE:  58.30 meV/A
[2025-10-13 18:35:24][INFO] - Epoch:  652 | learning rate: 1.250e-05 | training loss: 9.483e-02 | training energy RMSE (per atom):    5.9 meV | training energy MAE (per atom):    4.1 meV | training forces RMSE:   91.4 meV/A | training forces MAE:  55.06 meV/A | validation loss: 1.087e-02 | validation energy RMSE (per atom):   15.1 meV | validation energy MAE (per atom):    6.4 meV | validation forces RMSE:  113.8 meV/A | validation forces MAE:  59.49 meV/A
[2025-10-13 18:36:02][INFO] - Epoch:  653 | learning rate: 1.250e-05 | training loss: 9.531e-02 | training energy RMSE (per atom):    5.9 meV | training energy MAE (per atom):    4.0 meV | training forces RMSE:   91.0 meV/A | training forces MAE:  55.01 meV/A | validation loss: 1.054e-02 | validation energy RMSE (per atom):   14.9 meV | validation energy MAE (per atom):    3.6 meV | validation forces RMSE:  109.6 meV/A | validation forces MAE:  58.19 meV/A
[2025-10-13 18:36:40][INFO] - Epoch:  654 | learning rate: 1.250e-05 | training loss: 9.578e-02 | training energy RMSE (per atom):    5.9 meV | training energy MAE (per atom):    4.2 meV | training forces RMSE:   90.7 meV/A | training forces MAE:  55.01 meV/A | validation loss: 1.065e-02 | validation energy RMSE (per atom):   15.0 meV | validation energy MAE (per atom):    5.0 meV | validation forces RMSE:  111.1 meV/A | validation forces MAE:  58.01 meV/A
[2025-10-13 18:37:18][INFO] - Epoch:  655 | learning rate: 1.250e-05 | training loss: 9.549e-02 | training energy RMSE (per atom):    5.6 meV | training energy MAE (per atom):    3.8 meV | training forces RMSE:   91.1 meV/A | training forces MAE:  55.16 meV/A | validation loss: 1.086e-02 | validation energy RMSE (per atom):   15.5 meV | validation energy MAE (per atom):    5.5 meV | validation forces RMSE:  110.3 meV/A | validation forces MAE:  58.63 meV/A
[2025-10-13 18:37:56][INFO] - Epoch:  656 | learning rate: 1.250e-05 | training loss: 9.792e-02 | training energy RMSE (per atom):    6.1 meV | training energy MAE (per atom):    4.0 meV | training forces RMSE:   92.3 meV/A | training forces MAE:  56.04 meV/A | validation loss: 1.086e-02 | validation energy RMSE (per atom):   15.6 meV | validation energy MAE (per atom):    6.8 meV | validation forces RMSE:  110.4 meV/A | validation forces MAE:  57.42 meV/A
[2025-10-13 18:38:34][INFO] - Epoch:  657 | learning rate: 1.250e-05 | training loss: 9.771e-02 | training energy RMSE (per atom):    6.4 meV | training energy MAE (per atom):    4.5 meV | training forces RMSE:   92.0 meV/A | training forces MAE:  55.84 meV/A | validation loss: 1.105e-02 | validation energy RMSE (per atom):   16.2 meV | validation energy MAE (per atom):    7.2 meV | validation forces RMSE:  109.8 meV/A | validation forces MAE:  58.27 meV/A
[2025-10-13 18:39:11][INFO] - Epoch:  658 | learning rate: 1.250e-05 | training loss: 9.461e-02 | training energy RMSE (per atom):    5.8 meV | training energy MAE (per atom):    4.2 meV | training forces RMSE:   90.4 meV/A | training forces MAE:  54.97 meV/A | validation loss: 1.085e-02 | validation energy RMSE (per atom):   15.1 meV | validation energy MAE (per atom):    5.7 meV | validation forces RMSE:  112.6 meV/A | validation forces MAE:  59.74 meV/A
[2025-10-13 18:39:50][INFO] - Epoch:  659 | learning rate: 1.250e-05 | training loss: 9.656e-02 | training energy RMSE (per atom):    6.3 meV | training energy MAE (per atom):    4.4 meV | training forces RMSE:   90.6 meV/A | training forces MAE:  55.13 meV/A | validation loss: 1.044e-02 | validation energy RMSE (per atom):   14.8 meV | validation energy MAE (per atom):    3.2 meV | validation forces RMSE:  109.1 meV/A | validation forces MAE:  56.87 meV/A
[2025-10-13 18:40:28][INFO] - Epoch:  660 | learning rate: 1.250e-05 | training loss: 9.850e-02 | training energy RMSE (per atom):    6.8 meV | training energy MAE (per atom):    5.0 meV | training forces RMSE:   91.4 meV/A | training forces MAE:  55.74 meV/A | validation loss: 1.107e-02 | validation energy RMSE (per atom):   15.7 meV | validation energy MAE (per atom):    5.2 meV | validation forces RMSE:  110.8 meV/A | validation forces MAE:  58.37 meV/A
[2025-10-13 18:41:05][INFO] - Epoch:  661 | learning rate: 1.250e-05 | training loss: 9.475e-02 | training energy RMSE (per atom):    6.0 meV | training energy MAE (per atom):    4.1 meV | training forces RMSE:   91.0 meV/A | training forces MAE:  55.02 meV/A | validation loss: 1.111e-02 | validation energy RMSE (per atom):   16.0 meV | validation energy MAE (per atom):    6.4 meV | validation forces RMSE:  110.4 meV/A | validation forces MAE:  58.31 meV/A
[2025-10-13 18:41:43][INFO] - Epoch:  662 | learning rate: 1.250e-05 | training loss: 1.014e-01 | training energy RMSE (per atom):    5.6 meV | training energy MAE (per atom):    3.9 meV | training forces RMSE:   94.4 meV/A | training forces MAE:  56.76 meV/A | validation loss: 1.075e-02 | validation energy RMSE (per atom):   15.0 meV | validation energy MAE (per atom):    3.7 meV | validation forces RMSE:  111.5 meV/A | validation forces MAE:  58.46 meV/A
[2025-10-13 18:42:20][INFO] - Epoch:  663 | learning rate: 1.250e-05 | training loss: 9.314e-02 | training energy RMSE (per atom):    5.7 meV | training energy MAE (per atom):    4.0 meV | training forces RMSE:   90.1 meV/A | training forces MAE:  54.85 meV/A | validation loss: 1.099e-02 | validation energy RMSE (per atom):   16.1 meV | validation energy MAE (per atom):    7.8 meV | validation forces RMSE:  109.9 meV/A | validation forces MAE:  58.37 meV/A
[2025-10-13 18:42:59][INFO] - Epoch:  664 | learning rate: 1.250e-05 | training loss: 1.037e-01 | training energy RMSE (per atom):    6.3 meV | training energy MAE (per atom):    4.5 meV | training forces RMSE:   94.7 meV/A | training forces MAE:  55.59 meV/A | validation loss: 1.076e-02 | validation energy RMSE (per atom):   15.0 meV | validation energy MAE (per atom):    4.7 meV | validation forces RMSE:  112.7 meV/A | validation forces MAE:  58.64 meV/A
[2025-10-13 18:43:36][INFO] - Epoch:  665 | learning rate: 1.250e-05 | training loss: 1.001e-01 | training energy RMSE (per atom):    5.8 meV | training energy MAE (per atom):    4.0 meV | training forces RMSE:   93.8 meV/A | training forces MAE:  56.35 meV/A | validation loss: 1.078e-02 | validation energy RMSE (per atom):   14.3 meV | validation energy MAE (per atom):    4.9 meV | validation forces RMSE:  116.8 meV/A | validation forces MAE:  62.10 meV/A
[2025-10-13 18:44:15][INFO] - Epoch:  666 | learning rate: 1.250e-05 | training loss: 9.406e-02 | training energy RMSE (per atom):    5.3 meV | training energy MAE (per atom):    3.6 meV | training forces RMSE:   91.0 meV/A | training forces MAE:  55.27 meV/A | validation loss: 1.027e-02 | validation energy RMSE (per atom):   14.1 meV | validation energy MAE (per atom):    3.9 meV | validation forces RMSE:  112.7 meV/A | validation forces MAE:  58.34 meV/A
[2025-10-13 18:44:52][INFO] - Epoch:  667 | learning rate: 1.250e-05 | training loss: 9.461e-02 | training energy RMSE (per atom):    6.1 meV | training energy MAE (per atom):    4.3 meV | training forces RMSE:   90.8 meV/A | training forces MAE:  54.78 meV/A | validation loss: 1.072e-02 | validation energy RMSE (per atom):   15.3 meV | validation energy MAE (per atom):    3.9 meV | validation forces RMSE:  109.5 meV/A | validation forces MAE:  56.93 meV/A
[2025-10-13 18:45:29][INFO] - Epoch:  668 | learning rate: 1.250e-05 | training loss: 9.745e-02 | training energy RMSE (per atom):    6.6 meV | training energy MAE (per atom):    4.5 meV | training forces RMSE:   91.1 meV/A | training forces MAE:  55.04 meV/A | validation loss: 1.062e-02 | validation energy RMSE (per atom):   14.9 meV | validation energy MAE (per atom):    3.5 meV | validation forces RMSE:  110.7 meV/A | validation forces MAE:  57.37 meV/A
[2025-10-13 18:46:07][INFO] - Epoch:  669 | learning rate: 1.250e-05 | training loss: 9.832e-02 | training energy RMSE (per atom):    7.2 meV | training energy MAE (per atom):    5.3 meV | training forces RMSE:   90.4 meV/A | training forces MAE:  55.17 meV/A | validation loss: 1.091e-02 | validation energy RMSE (per atom):   15.0 meV | validation energy MAE (per atom):    3.8 meV | validation forces RMSE:  113.6 meV/A | validation forces MAE:  59.13 meV/A
[2025-10-13 18:46:45][INFO] - Epoch:  670 | learning rate: 1.250e-05 | training loss: 9.493e-02 | training energy RMSE (per atom):    5.4 meV | training energy MAE (per atom):    3.6 meV | training forces RMSE:   91.0 meV/A | training forces MAE:  55.24 meV/A | validation loss: 1.048e-02 | validation energy RMSE (per atom):   14.9 meV | validation energy MAE (per atom):    3.3 meV | validation forces RMSE:  109.8 meV/A | validation forces MAE:  57.11 meV/A
[2025-10-13 18:47:23][INFO] - Epoch:  671 | learning rate: 1.250e-05 | training loss: 9.475e-02 | training energy RMSE (per atom):    5.7 meV | training energy MAE (per atom):    4.0 meV | training forces RMSE:   91.0 meV/A | training forces MAE:  54.84 meV/A | validation loss: 1.071e-02 | validation energy RMSE (per atom):   15.2 meV | validation energy MAE (per atom):    3.9 meV | validation forces RMSE:  110.3 meV/A | validation forces MAE:  57.69 meV/A
[2025-10-13 18:48:01][INFO] - Epoch:  672 | learning rate: 1.250e-05 | training loss: 9.539e-02 | training energy RMSE (per atom):    5.8 meV | training energy MAE (per atom):    4.0 meV | training forces RMSE:   91.3 meV/A | training forces MAE:  55.51 meV/A | validation loss: 1.067e-02 | validation energy RMSE (per atom):   15.2 meV | validation energy MAE (per atom):    6.6 meV | validation forces RMSE:  111.0 meV/A | validation forces MAE:  59.14 meV/A
[2025-10-13 18:48:39][INFO] - Epoch:  673 | learning rate: 1.250e-05 | training loss: 9.600e-02 | training energy RMSE (per atom):    6.0 meV | training energy MAE (per atom):    4.2 meV | training forces RMSE:   90.8 meV/A | training forces MAE:  55.01 meV/A | validation loss: 1.029e-02 | validation energy RMSE (per atom):   14.7 meV | validation energy MAE (per atom):    4.6 meV | validation forces RMSE:  110.0 meV/A | validation forces MAE:  57.00 meV/A
[2025-10-13 18:49:16][INFO] - Epoch:  674 | learning rate: 1.250e-05 | training loss: 9.909e-02 | training energy RMSE (per atom):    5.7 meV | training energy MAE (per atom):    4.0 meV | training forces RMSE:   93.3 meV/A | training forces MAE:  55.58 meV/A | validation loss: 1.099e-02 | validation energy RMSE (per atom):   15.8 meV | validation energy MAE (per atom):    4.6 meV | validation forces RMSE:  110.1 meV/A | validation forces MAE:  57.43 meV/A
[2025-10-13 18:49:54][INFO] - Epoch:  675 | learning rate: 1.250e-05 | training loss: 9.404e-02 | training energy RMSE (per atom):    5.9 meV | training energy MAE (per atom):    4.1 meV | training forces RMSE:   90.0 meV/A | training forces MAE:  54.82 meV/A | validation loss: 1.060e-02 | validation energy RMSE (per atom):   15.0 meV | validation energy MAE (per atom):    5.0 meV | validation forces RMSE:  110.8 meV/A | validation forces MAE:  58.66 meV/A
[2025-10-13 18:50:32][INFO] - Epoch:  676 | learning rate: 1.250e-05 | training loss: 9.687e-02 | training energy RMSE (per atom):    6.3 meV | training energy MAE (per atom):    4.5 meV | training forces RMSE:   90.8 meV/A | training forces MAE:  55.29 meV/A | validation loss: 1.039e-02 | validation energy RMSE (per atom):   14.9 meV | validation energy MAE (per atom):    3.5 meV | validation forces RMSE:  108.5 meV/A | validation forces MAE:  56.78 meV/A
[2025-10-13 18:51:10][INFO] - Epoch:  677 | learning rate: 1.250e-05 | training loss: 9.400e-02 | training energy RMSE (per atom):    6.2 meV | training energy MAE (per atom):    4.5 meV | training forces RMSE:   89.9 meV/A | training forces MAE:  54.69 meV/A | validation loss: 1.060e-02 | validation energy RMSE (per atom):   14.7 meV | validation energy MAE (per atom):    3.6 meV | validation forces RMSE:  111.3 meV/A | validation forces MAE:  59.34 meV/A
[2025-10-13 18:51:47][INFO] - Epoch:  678 | learning rate: 1.250e-05 | training loss: 9.371e-02 | training energy RMSE (per atom):    5.4 meV | training energy MAE (per atom):    3.7 meV | training forces RMSE:   90.2 meV/A | training forces MAE:  54.97 meV/A | validation loss: 1.081e-02 | validation energy RMSE (per atom):   15.9 meV | validation energy MAE (per atom):    7.6 meV | validation forces RMSE:  109.3 meV/A | validation forces MAE:  57.81 meV/A
[2025-10-13 18:52:25][INFO] - Epoch:  679 | learning rate: 1.250e-05 | training loss: 9.237e-02 | training energy RMSE (per atom):    5.5 meV | training energy MAE (per atom):    3.6 meV | training forces RMSE:   89.6 meV/A | training forces MAE:  54.45 meV/A | validation loss: 1.047e-02 | validation energy RMSE (per atom):   15.0 meV | validation energy MAE (per atom):    3.3 meV | validation forces RMSE:  108.3 meV/A | validation forces MAE:  56.64 meV/A
[2025-10-13 18:53:02][INFO] - Epoch:  680 | learning rate: 1.250e-05 | training loss: 9.314e-02 | training energy RMSE (per atom):    5.7 meV | training energy MAE (per atom):    3.9 meV | training forces RMSE:   89.5 meV/A | training forces MAE:  54.41 meV/A | validation loss: 1.054e-02 | validation energy RMSE (per atom):   15.0 meV | validation energy MAE (per atom):    3.3 meV | validation forces RMSE:  109.4 meV/A | validation forces MAE:  57.54 meV/A
[2025-10-13 18:53:40][INFO] - Epoch:  681 | learning rate: 1.250e-05 | training loss: 9.756e-02 | training energy RMSE (per atom):    5.8 meV | training energy MAE (per atom):    4.0 meV | training forces RMSE:   92.4 meV/A | training forces MAE:  55.58 meV/A | validation loss: 1.114e-02 | validation energy RMSE (per atom):   14.6 meV | validation energy MAE (per atom):    3.7 meV | validation forces RMSE:  117.3 meV/A | validation forces MAE:  63.24 meV/A
[2025-10-13 18:54:18][INFO] - Epoch:  682 | learning rate: 1.250e-05 | training loss: 9.724e-02 | training energy RMSE (per atom):    6.2 meV | training energy MAE (per atom):    4.4 meV | training forces RMSE:   91.3 meV/A | training forces MAE:  55.44 meV/A | validation loss: 1.059e-02 | validation energy RMSE (per atom):   14.9 meV | validation energy MAE (per atom):    3.3 meV | validation forces RMSE:  110.2 meV/A | validation forces MAE:  57.12 meV/A
[2025-10-13 18:54:56][INFO] - Epoch:  683 | learning rate: 1.250e-05 | training loss: 9.115e-02 | training energy RMSE (per atom):    5.2 meV | training energy MAE (per atom):    3.4 meV | training forces RMSE:   89.3 meV/A | training forces MAE:  54.10 meV/A | validation loss: 1.039e-02 | validation energy RMSE (per atom):   14.5 meV | validation energy MAE (per atom):    3.5 meV | validation forces RMSE:  110.7 meV/A | validation forces MAE:  59.02 meV/A
[2025-10-13 18:55:34][INFO] - Epoch:  684 | learning rate: 1.250e-05 | training loss: 9.498e-02 | training energy RMSE (per atom):    6.1 meV | training energy MAE (per atom):    4.4 meV | training forces RMSE:   91.3 meV/A | training forces MAE:  55.62 meV/A | validation loss: 1.023e-02 | validation energy RMSE (per atom):   14.6 meV | validation energy MAE (per atom):    3.5 meV | validation forces RMSE:  108.0 meV/A | validation forces MAE:  58.22 meV/A
[2025-10-13 18:56:12][INFO] - Epoch:  685 | learning rate: 1.250e-05 | training loss: 9.703e-02 | training energy RMSE (per atom):    6.0 meV | training energy MAE (per atom):    4.1 meV | training forces RMSE:   91.6 meV/A | training forces MAE:  55.90 meV/A | validation loss: 1.030e-02 | validation energy RMSE (per atom):   14.9 meV | validation energy MAE (per atom):    4.0 meV | validation forces RMSE:  108.1 meV/A | validation forces MAE:  56.78 meV/A
[2025-10-13 18:56:51][INFO] - Epoch:  686 | learning rate: 1.250e-05 | training loss: 9.290e-02 | training energy RMSE (per atom):    6.0 meV | training energy MAE (per atom):    4.0 meV | training forces RMSE:   89.9 meV/A | training forces MAE:  54.69 meV/A | validation loss: 1.011e-02 | validation energy RMSE (per atom):   14.5 meV | validation energy MAE (per atom):    3.8 meV | validation forces RMSE:  108.2 meV/A | validation forces MAE:  55.97 meV/A
[2025-10-13 18:57:29][INFO] - Epoch:  687 | learning rate: 1.250e-05 | training loss: 9.022e-02 | training energy RMSE (per atom):    5.8 meV | training energy MAE (per atom):    4.1 meV | training forces RMSE:   88.2 meV/A | training forces MAE:  53.69 meV/A | validation loss: 1.053e-02 | validation energy RMSE (per atom):   15.0 meV | validation energy MAE (per atom):    3.4 meV | validation forces RMSE:  109.4 meV/A | validation forces MAE:  56.81 meV/A
[2025-10-13 18:58:06][INFO] - Epoch:  688 | learning rate: 1.250e-05 | training loss: 9.223e-02 | training energy RMSE (per atom):    6.2 meV | training energy MAE (per atom):    4.4 meV | training forces RMSE:   89.3 meV/A | training forces MAE:  54.42 meV/A | validation loss: 1.018e-02 | validation energy RMSE (per atom):   14.6 meV | validation energy MAE (per atom):    4.0 meV | validation forces RMSE:  108.7 meV/A | validation forces MAE:  56.81 meV/A
[2025-10-13 18:58:44][INFO] - Epoch:  689 | learning rate: 1.250e-05 | training loss: 9.251e-02 | training energy RMSE (per atom):    5.6 meV | training energy MAE (per atom):    3.9 meV | training forces RMSE:   89.9 meV/A | training forces MAE:  54.72 meV/A | validation loss: 1.033e-02 | validation energy RMSE (per atom):   14.7 meV | validation energy MAE (per atom):    3.4 meV | validation forces RMSE:  109.5 meV/A | validation forces MAE:  57.79 meV/A
[2025-10-13 18:59:21][INFO] - Epoch:  690 | learning rate: 1.250e-05 | training loss: 9.389e-02 | training energy RMSE (per atom):    6.4 meV | training energy MAE (per atom):    4.6 meV | training forces RMSE:   89.5 meV/A | training forces MAE:  54.64 meV/A | validation loss: 1.149e-02 | validation energy RMSE (per atom):   16.9 meV | validation energy MAE (per atom):    7.9 meV | validation forces RMSE:  109.9 meV/A | validation forces MAE:  57.33 meV/A
[2025-10-13 18:59:59][INFO] - Epoch:  691 | learning rate: 1.250e-05 | training loss: 9.186e-02 | training energy RMSE (per atom):    5.8 meV | training energy MAE (per atom):    3.8 meV | training forces RMSE:   89.4 meV/A | training forces MAE:  54.68 meV/A | validation loss: 1.073e-02 | validation energy RMSE (per atom):   15.0 meV | validation energy MAE (per atom):    3.8 meV | validation forces RMSE:  111.4 meV/A | validation forces MAE:  58.77 meV/A
[2025-10-13 19:00:37][INFO] - Epoch:  692 | learning rate: 1.250e-05 | training loss: 9.395e-02 | training energy RMSE (per atom):    6.2 meV | training energy MAE (per atom):    4.4 meV | training forces RMSE:   89.6 meV/A | training forces MAE:  54.89 meV/A | validation loss: 1.057e-02 | validation energy RMSE (per atom):   15.0 meV | validation energy MAE (per atom):    4.0 meV | validation forces RMSE:  109.6 meV/A | validation forces MAE:  57.79 meV/A
[2025-10-13 19:01:14][INFO] - Epoch:  693 | learning rate: 1.250e-05 | training loss: 9.238e-02 | training energy RMSE (per atom):    6.1 meV | training energy MAE (per atom):    4.3 meV | training forces RMSE:   89.5 meV/A | training forces MAE:  54.62 meV/A | validation loss: 9.715e-03 | validation energy RMSE (per atom):   13.9 meV | validation energy MAE (per atom):    4.0 meV | validation forces RMSE:  107.7 meV/A | validation forces MAE:  57.42 meV/A
[2025-10-13 19:01:52][INFO] - Epoch:  694 | learning rate: 1.250e-05 | training loss: 9.413e-02 | training energy RMSE (per atom):    6.1 meV | training energy MAE (per atom):    4.3 meV | training forces RMSE:   89.6 meV/A | training forces MAE:  54.44 meV/A | validation loss: 1.019e-02 | validation energy RMSE (per atom):   14.6 meV | validation energy MAE (per atom):    5.2 meV | validation forces RMSE:  109.6 meV/A | validation forces MAE:  56.81 meV/A
[2025-10-13 19:02:30][INFO] - Epoch:  695 | learning rate: 1.250e-05 | training loss: 9.674e-02 | training energy RMSE (per atom):    6.3 meV | training energy MAE (per atom):    4.6 meV | training forces RMSE:   91.6 meV/A | training forces MAE:  55.11 meV/A | validation loss: 1.011e-02 | validation energy RMSE (per atom):   14.6 meV | validation energy MAE (per atom):    3.2 meV | validation forces RMSE:  107.5 meV/A | validation forces MAE:  55.94 meV/A
[2025-10-13 19:03:08][INFO] - Epoch:  696 | learning rate: 1.250e-05 | training loss: 9.447e-02 | training energy RMSE (per atom):    6.5 meV | training energy MAE (per atom):    4.6 meV | training forces RMSE:   89.9 meV/A | training forces MAE:  54.71 meV/A | validation loss: 1.098e-02 | validation energy RMSE (per atom):   15.8 meV | validation energy MAE (per atom):    7.0 meV | validation forces RMSE:  111.0 meV/A | validation forces MAE:  57.89 meV/A
[2025-10-13 19:03:46][INFO] - Epoch:  697 | learning rate: 1.250e-05 | training loss: 1.005e-01 | training energy RMSE (per atom):    6.0 meV | training energy MAE (per atom):    4.1 meV | training forces RMSE:   93.6 meV/A | training forces MAE:  56.39 meV/A | validation loss: 1.055e-02 | validation energy RMSE (per atom):   15.2 meV | validation energy MAE (per atom):    4.5 meV | validation forces RMSE:  108.7 meV/A | validation forces MAE:  56.40 meV/A
[2025-10-13 19:04:24][INFO] - Epoch:  698 | learning rate: 1.250e-05 | training loss: 9.114e-02 | training energy RMSE (per atom):    5.2 meV | training energy MAE (per atom):    3.5 meV | training forces RMSE:   89.9 meV/A | training forces MAE:  54.06 meV/A | validation loss: 1.078e-02 | validation energy RMSE (per atom):   14.9 meV | validation energy MAE (per atom):    3.9 meV | validation forces RMSE:  112.5 meV/A | validation forces MAE:  59.93 meV/A
[2025-10-13 19:05:01][INFO] - Epoch:  699 | learning rate: 1.250e-05 | training loss: 9.614e-02 | training energy RMSE (per atom):    6.0 meV | training energy MAE (per atom):    4.1 meV | training forces RMSE:   91.2 meV/A | training forces MAE:  55.05 meV/A | validation loss: 1.056e-02 | validation energy RMSE (per atom):   15.5 meV | validation energy MAE (per atom):    4.3 meV | validation forces RMSE:  106.9 meV/A | validation forces MAE:  57.04 meV/A
[2025-10-13 19:05:39][INFO] - Epoch:  700 | learning rate: 1.250e-05 | training loss: 9.263e-02 | training energy RMSE (per atom):    5.4 meV | training energy MAE (per atom):    3.7 meV | training forces RMSE:   89.7 meV/A | training forces MAE:  54.40 meV/A | validation loss: 1.053e-02 | validation energy RMSE (per atom):   15.3 meV | validation energy MAE (per atom):    5.2 meV | validation forces RMSE:  108.2 meV/A | validation forces MAE:  57.34 meV/A
[2025-10-13 19:06:17][INFO] - Epoch:  701 | learning rate: 1.250e-05 | training loss: 9.453e-02 | training energy RMSE (per atom):    5.8 meV | training energy MAE (per atom):    4.0 meV | training forces RMSE:   90.5 meV/A | training forces MAE:  54.97 meV/A | validation loss: 1.141e-02 | validation energy RMSE (per atom):   16.7 meV | validation energy MAE (per atom):    5.6 meV | validation forces RMSE:  108.9 meV/A | validation forces MAE:  57.69 meV/A
[2025-10-13 19:06:55][INFO] - Epoch:  702 | learning rate: 1.250e-05 | training loss: 9.164e-02 | training energy RMSE (per atom):    5.9 meV | training energy MAE (per atom):    4.1 meV | training forces RMSE:   89.1 meV/A | training forces MAE:  54.33 meV/A | validation loss: 1.130e-02 | validation energy RMSE (per atom):   15.7 meV | validation energy MAE (per atom):    3.9 meV | validation forces RMSE:  112.8 meV/A | validation forces MAE:  59.74 meV/A
[2025-10-13 19:07:33][INFO] - Epoch:  703 | learning rate: 1.250e-05 | training loss: 9.475e-02 | training energy RMSE (per atom):    6.6 meV | training energy MAE (per atom):    4.5 meV | training forces RMSE:   89.7 meV/A | training forces MAE:  54.48 meV/A | validation loss: 1.112e-02 | validation energy RMSE (per atom):   16.1 meV | validation energy MAE (per atom):    6.5 meV | validation forces RMSE:  110.1 meV/A | validation forces MAE:  57.36 meV/A
[2025-10-13 19:08:11][INFO] - Epoch:  704 | learning rate: 1.250e-05 | training loss: 9.365e-02 | training energy RMSE (per atom):    7.0 meV | training energy MAE (per atom):    5.2 meV | training forces RMSE:   88.7 meV/A | training forces MAE:  53.91 meV/A | validation loss: 1.057e-02 | validation energy RMSE (per atom):   15.3 meV | validation energy MAE (per atom):    5.2 meV | validation forces RMSE:  108.8 meV/A | validation forces MAE:  57.36 meV/A
[2025-10-13 19:08:49][INFO] - Epoch:  705 | learning rate: 1.250e-05 | training loss: 9.055e-02 | training energy RMSE (per atom):    5.9 meV | training energy MAE (per atom):    4.0 meV | training forces RMSE:   88.6 meV/A | training forces MAE:  54.07 meV/A | validation loss: 1.004e-02 | validation energy RMSE (per atom):   14.8 meV | validation energy MAE (per atom):    5.0 meV | validation forces RMSE:  106.7 meV/A | validation forces MAE:  55.89 meV/A
[2025-10-13 19:09:26][INFO] - Epoch:  706 | learning rate: 1.250e-05 | training loss: 8.908e-02 | training energy RMSE (per atom):    5.2 meV | training energy MAE (per atom):    3.6 meV | training forces RMSE:   88.2 meV/A | training forces MAE:  53.72 meV/A | validation loss: 1.004e-02 | validation energy RMSE (per atom):   14.5 meV | validation energy MAE (per atom):    3.9 meV | validation forces RMSE:  108.2 meV/A | validation forces MAE:  56.64 meV/A
[2025-10-13 19:10:04][INFO] - Epoch:  707 | learning rate: 1.250e-05 | training loss: 8.902e-02 | training energy RMSE (per atom):    5.7 meV | training energy MAE (per atom):    4.0 meV | training forces RMSE:   87.9 meV/A | training forces MAE:  53.60 meV/A | validation loss: 1.022e-02 | validation energy RMSE (per atom):   14.5 meV | validation energy MAE (per atom):    4.1 meV | validation forces RMSE:  109.0 meV/A | validation forces MAE:  57.65 meV/A
[2025-10-13 19:10:42][INFO] - Epoch:  708 | learning rate: 1.250e-05 | training loss: 8.857e-02 | training energy RMSE (per atom):    5.3 meV | training energy MAE (per atom):    3.5 meV | training forces RMSE:   88.4 meV/A | training forces MAE:  53.89 meV/A | validation loss: 1.072e-02 | validation energy RMSE (per atom):   15.9 meV | validation energy MAE (per atom):    9.0 meV | validation forces RMSE:  110.7 meV/A | validation forces MAE:  58.28 meV/A
[2025-10-13 19:11:21][INFO] - Epoch:  709 | learning rate: 1.250e-05 | training loss: 9.253e-02 | training energy RMSE (per atom):    6.1 meV | training energy MAE (per atom):    4.3 meV | training forces RMSE:   89.0 meV/A | training forces MAE:  54.28 meV/A | validation loss: 1.058e-02 | validation energy RMSE (per atom):   15.0 meV | validation energy MAE (per atom):    3.6 meV | validation forces RMSE:  110.2 meV/A | validation forces MAE:  57.59 meV/A
[2025-10-13 19:11:58][INFO] - Epoch:  710 | learning rate: 1.250e-05 | training loss: 9.295e-02 | training energy RMSE (per atom):    5.9 meV | training energy MAE (per atom):    4.3 meV | training forces RMSE:   89.7 meV/A | training forces MAE:  54.63 meV/A | validation loss: 1.009e-02 | validation energy RMSE (per atom):   14.5 meV | validation energy MAE (per atom):    3.2 meV | validation forces RMSE:  108.3 meV/A | validation forces MAE:  56.08 meV/A
[2025-10-13 19:12:35][INFO] - Epoch:  711 | learning rate: 1.250e-05 | training loss: 1.112e-01 | training energy RMSE (per atom):    7.5 meV | training energy MAE (per atom):    5.0 meV | training forces RMSE:   96.7 meV/A | training forces MAE:  57.70 meV/A | validation loss: 1.498e-02 | validation energy RMSE (per atom):   20.3 meV | validation energy MAE (per atom):   15.6 meV | validation forces RMSE:  126.3 meV/A | validation forces MAE:  72.37 meV/A
[2025-10-13 19:13:13][INFO] - Epoch:  712 | learning rate: 1.250e-05 | training loss: 1.021e-01 | training energy RMSE (per atom):    6.1 meV | training energy MAE (per atom):    4.1 meV | training forces RMSE:   94.2 meV/A | training forces MAE:  57.17 meV/A | validation loss: 1.006e-02 | validation energy RMSE (per atom):   14.2 meV | validation energy MAE (per atom):    3.8 meV | validation forces RMSE:  110.2 meV/A | validation forces MAE:  57.19 meV/A
[2025-10-13 19:13:51][INFO] - Epoch:  713 | learning rate: 1.250e-05 | training loss: 9.118e-02 | training energy RMSE (per atom):    5.8 meV | training energy MAE (per atom):    4.1 meV | training forces RMSE:   89.1 meV/A | training forces MAE:  54.38 meV/A | validation loss: 1.044e-02 | validation energy RMSE (per atom):   15.5 meV | validation energy MAE (per atom):    7.2 meV | validation forces RMSE:  108.3 meV/A | validation forces MAE:  56.09 meV/A
[2025-10-13 19:14:29][INFO] - Epoch:  714 | learning rate: 1.250e-05 | training loss: 9.327e-02 | training energy RMSE (per atom):    5.7 meV | training energy MAE (per atom):    3.9 meV | training forces RMSE:   90.8 meV/A | training forces MAE:  55.54 meV/A | validation loss: 1.025e-02 | validation energy RMSE (per atom):   14.7 meV | validation energy MAE (per atom):    3.4 meV | validation forces RMSE:  108.1 meV/A | validation forces MAE:  56.90 meV/A
[2025-10-13 19:15:07][INFO] - Epoch:  715 | learning rate: 1.250e-05 | training loss: 8.723e-02 | training energy RMSE (per atom):    5.4 meV | training energy MAE (per atom):    3.8 meV | training forces RMSE:   87.5 meV/A | training forces MAE:  53.35 meV/A | validation loss: 1.035e-02 | validation energy RMSE (per atom):   14.5 meV | validation energy MAE (per atom):    3.4 meV | validation forces RMSE:  110.3 meV/A | validation forces MAE:  58.16 meV/A
[2025-10-13 19:15:45][INFO] - Epoch:  716 | learning rate: 1.250e-05 | training loss: 8.835e-02 | training energy RMSE (per atom):    6.0 meV | training energy MAE (per atom):    4.2 meV | training forces RMSE:   87.6 meV/A | training forces MAE:  53.53 meV/A | validation loss: 1.014e-02 | validation energy RMSE (per atom):   14.6 meV | validation energy MAE (per atom):    4.3 meV | validation forces RMSE:  108.4 meV/A | validation forces MAE:  56.96 meV/A
[2025-10-13 19:16:22][INFO] - Epoch:  717 | learning rate: 1.250e-05 | training loss: 9.302e-02 | training energy RMSE (per atom):    5.7 meV | training energy MAE (per atom):    4.1 meV | training forces RMSE:   89.5 meV/A | training forces MAE:  54.82 meV/A | validation loss: 1.026e-02 | validation energy RMSE (per atom):   15.3 meV | validation energy MAE (per atom):    5.7 meV | validation forces RMSE:  105.8 meV/A | validation forces MAE:  56.05 meV/A
[2025-10-13 19:17:00][INFO] - Epoch:  718 | learning rate: 1.250e-05 | training loss: 9.105e-02 | training energy RMSE (per atom):    5.5 meV | training energy MAE (per atom):    3.9 meV | training forces RMSE:   89.1 meV/A | training forces MAE:  54.15 meV/A | validation loss: 1.025e-02 | validation energy RMSE (per atom):   15.0 meV | validation energy MAE (per atom):    4.8 meV | validation forces RMSE:  107.0 meV/A | validation forces MAE:  55.92 meV/A
[2025-10-13 19:17:38][INFO] - Epoch:  719 | learning rate: 1.250e-05 | training loss: 9.167e-02 | training energy RMSE (per atom):    6.3 meV | training energy MAE (per atom):    4.7 meV | training forces RMSE:   88.7 meV/A | training forces MAE:  54.36 meV/A | validation loss: 1.061e-02 | validation energy RMSE (per atom):   15.3 meV | validation energy MAE (per atom):    5.5 meV | validation forces RMSE:  109.5 meV/A | validation forces MAE:  57.59 meV/A
[2025-10-13 19:18:15][INFO] - Epoch:  720 | learning rate: 1.250e-05 | training loss: 8.987e-02 | training energy RMSE (per atom):    5.4 meV | training energy MAE (per atom):    3.8 meV | training forces RMSE:   87.9 meV/A | training forces MAE:  53.67 meV/A | validation loss: 1.029e-02 | validation energy RMSE (per atom):   14.9 meV | validation energy MAE (per atom):    3.3 meV | validation forces RMSE:  107.7 meV/A | validation forces MAE:  55.68 meV/A
[2025-10-13 19:18:53][INFO] - Epoch:  721 | learning rate: 1.250e-05 | training loss: 9.562e-02 | training energy RMSE (per atom):    6.8 meV | training energy MAE (per atom):    4.8 meV | training forces RMSE:   89.6 meV/A | training forces MAE:  54.75 meV/A | validation loss: 1.028e-02 | validation energy RMSE (per atom):   15.2 meV | validation energy MAE (per atom):    5.2 meV | validation forces RMSE:  106.5 meV/A | validation forces MAE:  55.57 meV/A
[2025-10-13 19:19:30][INFO] - Epoch:  722 | learning rate: 1.250e-05 | training loss: 8.729e-02 | training energy RMSE (per atom):    5.5 meV | training energy MAE (per atom):    3.8 meV | training forces RMSE:   87.4 meV/A | training forces MAE:  53.43 meV/A | validation loss: 1.002e-02 | validation energy RMSE (per atom):   14.5 meV | validation energy MAE (per atom):    3.5 meV | validation forces RMSE:  107.6 meV/A | validation forces MAE:  56.15 meV/A
[2025-10-13 19:20:08][INFO] - Epoch:  723 | learning rate: 1.250e-05 | training loss: 9.652e-02 | training energy RMSE (per atom):    6.2 meV | training energy MAE (per atom):    4.1 meV | training forces RMSE:   91.6 meV/A | training forces MAE:  54.96 meV/A | validation loss: 1.061e-02 | validation energy RMSE (per atom):   15.1 meV | validation energy MAE (per atom):    5.4 meV | validation forces RMSE:  110.9 meV/A | validation forces MAE:  58.31 meV/A
[2025-10-13 19:20:46][INFO] - Epoch:  724 | learning rate: 1.250e-05 | training loss: 8.933e-02 | training energy RMSE (per atom):    5.5 meV | training energy MAE (per atom):    3.9 meV | training forces RMSE:   88.2 meV/A | training forces MAE:  53.71 meV/A | validation loss: 1.045e-02 | validation energy RMSE (per atom):   14.9 meV | validation energy MAE (per atom):    6.4 meV | validation forces RMSE:  110.7 meV/A | validation forces MAE:  58.41 meV/A
[2025-10-13 19:21:24][INFO] - Epoch:  725 | learning rate: 1.250e-05 | training loss: 9.203e-02 | training energy RMSE (per atom):    5.8 meV | training energy MAE (per atom):    3.9 meV | training forces RMSE:   89.1 meV/A | training forces MAE:  54.17 meV/A | validation loss: 1.038e-02 | validation energy RMSE (per atom):   14.7 meV | validation energy MAE (per atom):    3.8 meV | validation forces RMSE:  109.8 meV/A | validation forces MAE:  58.73 meV/A
[2025-10-13 19:22:03][INFO] - Epoch:  726 | learning rate: 1.250e-05 | training loss: 9.105e-02 | training energy RMSE (per atom):    5.8 meV | training energy MAE (per atom):    4.0 meV | training forces RMSE:   89.0 meV/A | training forces MAE:  54.65 meV/A | validation loss: 1.051e-02 | validation energy RMSE (per atom):   14.8 meV | validation energy MAE (per atom):    3.3 meV | validation forces RMSE:  111.1 meV/A | validation forces MAE:  57.72 meV/A
[2025-10-13 19:22:41][INFO] - Epoch:  727 | learning rate: 1.250e-05 | training loss: 8.740e-02 | training energy RMSE (per atom):    5.5 meV | training energy MAE (per atom):    3.8 meV | training forces RMSE:   87.5 meV/A | training forces MAE:  53.54 meV/A | validation loss: 1.015e-02 | validation energy RMSE (per atom):   14.7 meV | validation energy MAE (per atom):    4.4 meV | validation forces RMSE:  107.8 meV/A | validation forces MAE:  57.53 meV/A
[2025-10-13 19:23:19][INFO] - Epoch:  728 | learning rate: 1.250e-05 | training loss: 9.242e-02 | training energy RMSE (per atom):    6.0 meV | training energy MAE (per atom):    4.1 meV | training forces RMSE:   89.1 meV/A | training forces MAE:  54.27 meV/A | validation loss: 1.029e-02 | validation energy RMSE (per atom):   14.8 meV | validation energy MAE (per atom):    3.8 meV | validation forces RMSE:  108.0 meV/A | validation forces MAE:  56.85 meV/A
[2025-10-13 19:23:57][INFO] - Epoch:  729 | learning rate: 1.250e-05 | training loss: 8.966e-02 | training energy RMSE (per atom):    5.8 meV | training energy MAE (per atom):    4.1 meV | training forces RMSE:   88.0 meV/A | training forces MAE:  53.70 meV/A | validation loss: 1.005e-02 | validation energy RMSE (per atom):   14.9 meV | validation energy MAE (per atom):    4.3 meV | validation forces RMSE:  106.0 meV/A | validation forces MAE:  55.35 meV/A
[2025-10-13 19:24:34][INFO] - Epoch:  730 | learning rate: 1.250e-05 | training loss: 9.362e-02 | training energy RMSE (per atom):    6.3 meV | training energy MAE (per atom):    4.5 meV | training forces RMSE:   90.1 meV/A | training forces MAE:  55.06 meV/A | validation loss: 1.047e-02 | validation energy RMSE (per atom):   14.8 meV | validation energy MAE (per atom):    3.7 meV | validation forces RMSE:  110.4 meV/A | validation forces MAE:  57.38 meV/A
[2025-10-13 19:25:12][INFO] - Epoch:  731 | learning rate: 1.250e-05 | training loss: 9.134e-02 | training energy RMSE (per atom):    6.0 meV | training energy MAE (per atom):    4.3 meV | training forces RMSE:   88.6 meV/A | training forces MAE:  54.28 meV/A | validation loss: 1.007e-02 | validation energy RMSE (per atom):   14.5 meV | validation energy MAE (per atom):    4.7 meV | validation forces RMSE:  109.4 meV/A | validation forces MAE:  57.57 meV/A
[2025-10-13 19:25:50][INFO] - Epoch:  732 | learning rate: 1.250e-05 | training loss: 9.342e-02 | training energy RMSE (per atom):    6.6 meV | training energy MAE (per atom):    4.6 meV | training forces RMSE:   89.0 meV/A | training forces MAE:  54.71 meV/A | validation loss: 1.039e-02 | validation energy RMSE (per atom):   15.0 meV | validation energy MAE (per atom):    3.9 meV | validation forces RMSE:  108.3 meV/A | validation forces MAE:  57.39 meV/A
[2025-10-13 19:26:27][INFO] - Epoch:  733 | learning rate: 1.250e-05 | training loss: 9.153e-02 | training energy RMSE (per atom):    5.6 meV | training energy MAE (per atom):    3.9 meV | training forces RMSE:   89.1 meV/A | training forces MAE:  54.45 meV/A | validation loss: 1.073e-02 | validation energy RMSE (per atom):   15.5 meV | validation energy MAE (per atom):    4.7 meV | validation forces RMSE:  109.6 meV/A | validation forces MAE:  57.68 meV/A
[2025-10-13 19:27:06][INFO] - Epoch:  734 | learning rate: 1.250e-05 | training loss: 8.829e-02 | training energy RMSE (per atom):    6.0 meV | training energy MAE (per atom):    4.5 meV | training forces RMSE:   87.2 meV/A | training forces MAE:  53.28 meV/A | validation loss: 1.023e-02 | validation energy RMSE (per atom):   14.7 meV | validation energy MAE (per atom):    4.7 meV | validation forces RMSE:  109.2 meV/A | validation forces MAE:  57.06 meV/A
[2025-10-13 19:27:44][INFO] - Epoch:  735 | learning rate: 1.250e-05 | training loss: 8.954e-02 | training energy RMSE (per atom):    5.4 meV | training energy MAE (per atom):    3.7 meV | training forces RMSE:   88.3 meV/A | training forces MAE:  53.74 meV/A | validation loss: 1.023e-02 | validation energy RMSE (per atom):   14.9 meV | validation energy MAE (per atom):    3.9 meV | validation forces RMSE:  107.4 meV/A | validation forces MAE:  56.56 meV/A
[2025-10-13 19:28:22][INFO] - Epoch:  736 | learning rate: 1.250e-05 | training loss: 9.249e-02 | training energy RMSE (per atom):    6.0 meV | training energy MAE (per atom):    4.2 meV | training forces RMSE:   89.0 meV/A | training forces MAE:  54.61 meV/A | validation loss: 1.049e-02 | validation energy RMSE (per atom):   15.0 meV | validation energy MAE (per atom):    4.8 meV | validation forces RMSE:  109.5 meV/A | validation forces MAE:  57.50 meV/A
[2025-10-13 19:29:00][INFO] - Epoch:  737 | learning rate: 1.250e-05 | training loss: 9.330e-02 | training energy RMSE (per atom):    6.2 meV | training energy MAE (per atom):    4.5 meV | training forces RMSE:   89.5 meV/A | training forces MAE:  55.08 meV/A | validation loss: 1.064e-02 | validation energy RMSE (per atom):   15.2 meV | validation energy MAE (per atom):    3.5 meV | validation forces RMSE:  109.5 meV/A | validation forces MAE:  57.40 meV/A
[2025-10-13 19:29:37][INFO] - Epoch:  738 | learning rate: 1.250e-05 | training loss: 8.985e-02 | training energy RMSE (per atom):    5.8 meV | training energy MAE (per atom):    4.2 meV | training forces RMSE:   88.3 meV/A | training forces MAE:  54.02 meV/A | validation loss: 1.013e-02 | validation energy RMSE (per atom):   14.9 meV | validation energy MAE (per atom):    4.8 meV | validation forces RMSE:  106.6 meV/A | validation forces MAE:  56.15 meV/A
[2025-10-13 19:30:15][INFO] - Epoch:  739 | learning rate: 1.250e-05 | training loss: 8.599e-02 | training energy RMSE (per atom):    5.2 meV | training energy MAE (per atom):    3.6 meV | training forces RMSE:   86.8 meV/A | training forces MAE:  53.01 meV/A | validation loss: 1.101e-02 | validation energy RMSE (per atom):   16.4 meV | validation energy MAE (per atom):    7.6 meV | validation forces RMSE:  108.2 meV/A | validation forces MAE:  56.56 meV/A
[2025-10-13 19:30:53][INFO] - Epoch:  740 | learning rate: 1.250e-05 | training loss: 8.740e-02 | training energy RMSE (per atom):    5.6 meV | training energy MAE (per atom):    3.8 meV | training forces RMSE:   87.5 meV/A | training forces MAE:  53.47 meV/A | validation loss: 1.077e-02 | validation energy RMSE (per atom):   16.2 meV | validation energy MAE (per atom):    7.6 meV | validation forces RMSE:  106.9 meV/A | validation forces MAE:  55.91 meV/A
[2025-10-13 19:31:31][INFO] - Epoch:  741 | learning rate: 1.250e-05 | training loss: 8.775e-02 | training energy RMSE (per atom):    5.9 meV | training energy MAE (per atom):    4.2 meV | training forces RMSE:   87.2 meV/A | training forces MAE:  53.23 meV/A | validation loss: 1.016e-02 | validation energy RMSE (per atom):   15.0 meV | validation energy MAE (per atom):    5.1 meV | validation forces RMSE:  107.3 meV/A | validation forces MAE:  55.63 meV/A
[2025-10-13 19:32:09][INFO] - Epoch:  742 | learning rate: 1.250e-05 | training loss: 9.101e-02 | training energy RMSE (per atom):    6.4 meV | training energy MAE (per atom):    4.5 meV | training forces RMSE:   88.0 meV/A | training forces MAE:  53.87 meV/A | validation loss: 9.948e-03 | validation energy RMSE (per atom):   14.8 meV | validation energy MAE (per atom):    4.8 meV | validation forces RMSE:  105.8 meV/A | validation forces MAE:  55.17 meV/A
[2025-10-13 19:32:47][INFO] - Epoch:  743 | learning rate: 1.250e-05 | training loss: 8.742e-02 | training energy RMSE (per atom):    5.5 meV | training energy MAE (per atom):    3.9 meV | training forces RMSE:   87.0 meV/A | training forces MAE:  53.11 meV/A | validation loss: 9.981e-03 | validation energy RMSE (per atom):   14.5 meV | validation energy MAE (per atom):    4.0 meV | validation forces RMSE:  107.4 meV/A | validation forces MAE:  56.04 meV/A
[2025-10-13 19:33:25][INFO] - Epoch:  744 | learning rate: 1.250e-05 | training loss: 1.058e-01 | training energy RMSE (per atom):    6.3 meV | training energy MAE (per atom):    4.4 meV | training forces RMSE:   96.4 meV/A | training forces MAE:  58.27 meV/A | validation loss: 9.912e-03 | validation energy RMSE (per atom):   14.2 meV | validation energy MAE (per atom):    3.1 meV | validation forces RMSE:  108.1 meV/A | validation forces MAE:  56.08 meV/A
[2025-10-13 19:34:02][INFO] - Epoch:  745 | learning rate: 1.250e-05 | training loss: 8.561e-02 | training energy RMSE (per atom):    5.4 meV | training energy MAE (per atom):    3.8 meV | training forces RMSE:   86.9 meV/A | training forces MAE:  53.07 meV/A | validation loss: 1.014e-02 | validation energy RMSE (per atom):   14.6 meV | validation energy MAE (per atom):    3.6 meV | validation forces RMSE:  108.2 meV/A | validation forces MAE:  56.13 meV/A
[2025-10-13 19:34:40][INFO] - Epoch:  746 | learning rate: 1.250e-05 | training loss: 8.695e-02 | training energy RMSE (per atom):    5.1 meV | training energy MAE (per atom):    3.3 meV | training forces RMSE:   87.4 meV/A | training forces MAE:  53.38 meV/A | validation loss: 1.038e-02 | validation energy RMSE (per atom):   15.0 meV | validation energy MAE (per atom):    3.5 meV | validation forces RMSE:  108.1 meV/A | validation forces MAE:  56.70 meV/A
[2025-10-13 19:35:18][INFO] - Epoch:  747 | learning rate: 1.250e-05 | training loss: 8.923e-02 | training energy RMSE (per atom):    6.0 meV | training energy MAE (per atom):    4.3 meV | training forces RMSE:   87.4 meV/A | training forces MAE:  53.33 meV/A | validation loss: 1.010e-02 | validation energy RMSE (per atom):   14.7 meV | validation energy MAE (per atom):    3.3 meV | validation forces RMSE:  107.4 meV/A | validation forces MAE:  56.06 meV/A
[2025-10-13 19:35:56][INFO] - Epoch:  748 | learning rate: 1.250e-05 | training loss: 8.862e-02 | training energy RMSE (per atom):    5.6 meV | training energy MAE (per atom):    4.0 meV | training forces RMSE:   87.9 meV/A | training forces MAE:  53.57 meV/A | validation loss: 9.962e-03 | validation energy RMSE (per atom):   14.6 meV | validation energy MAE (per atom):    4.2 meV | validation forces RMSE:  106.5 meV/A | validation forces MAE:  56.02 meV/A
[2025-10-13 19:36:35][INFO] - Epoch:  749 | learning rate: 1.250e-05 | training loss: 9.050e-02 | training energy RMSE (per atom):    6.0 meV | training energy MAE (per atom):    4.3 meV | training forces RMSE:   88.1 meV/A | training forces MAE:  53.80 meV/A | validation loss: 1.047e-02 | validation energy RMSE (per atom):   15.3 meV | validation energy MAE (per atom):    4.9 meV | validation forces RMSE:  108.6 meV/A | validation forces MAE:  56.02 meV/A
[2025-10-13 19:37:12][INFO] - Epoch:  750 | learning rate: 1.250e-05 | training loss: 8.683e-02 | training energy RMSE (per atom):    5.6 meV | training energy MAE (per atom):    4.0 meV | training forces RMSE:   86.7 meV/A | training forces MAE:  52.99 meV/A | validation loss: 1.059e-02 | validation energy RMSE (per atom):   15.1 meV | validation energy MAE (per atom):    3.5 meV | validation forces RMSE:  109.6 meV/A | validation forces MAE:  57.68 meV/A
[2025-10-13 19:37:51][INFO] - Epoch:  751 | learning rate: 1.250e-05 | training loss: 9.459e-02 | training energy RMSE (per atom):    6.4 meV | training energy MAE (per atom):    4.8 meV | training forces RMSE:   89.9 meV/A | training forces MAE:  54.91 meV/A | validation loss: 9.950e-03 | validation energy RMSE (per atom):   14.6 meV | validation energy MAE (per atom):    3.2 meV | validation forces RMSE:  106.4 meV/A | validation forces MAE:  55.26 meV/A
[2025-10-13 19:38:29][INFO] - Epoch:  752 | learning rate: 1.250e-05 | training loss: 8.804e-02 | training energy RMSE (per atom):    5.7 meV | training energy MAE (per atom):    4.0 meV | training forces RMSE:   87.6 meV/A | training forces MAE:  53.70 meV/A | validation loss: 1.021e-02 | validation energy RMSE (per atom):   14.9 meV | validation energy MAE (per atom):    3.7 meV | validation forces RMSE:  107.2 meV/A | validation forces MAE:  56.57 meV/A
[2025-10-13 19:39:08][INFO] - Epoch:  753 | learning rate: 1.250e-05 | training loss: 9.084e-02 | training energy RMSE (per atom):    5.4 meV | training energy MAE (per atom):    3.8 meV | training forces RMSE:   89.5 meV/A | training forces MAE:  53.83 meV/A | validation loss: 1.048e-02 | validation energy RMSE (per atom):   14.5 meV | validation energy MAE (per atom):    4.1 meV | validation forces RMSE:  112.7 meV/A | validation forces MAE:  58.54 meV/A
[2025-10-13 19:39:46][INFO] - Epoch:  754 | learning rate: 1.250e-05 | training loss: 9.297e-02 | training energy RMSE (per atom):    5.6 meV | training energy MAE (per atom):    3.9 meV | training forces RMSE:   91.0 meV/A | training forces MAE:  54.82 meV/A | validation loss: 1.037e-02 | validation energy RMSE (per atom):   14.8 meV | validation energy MAE (per atom):    3.9 meV | validation forces RMSE:  110.3 meV/A | validation forces MAE:  56.18 meV/A
[2025-10-13 19:39:46][INFO] - Changing learning rate from 1.25e-05 to 6.25e-06
[2025-10-13 19:40:24][INFO] - Epoch:  755 | learning rate: 6.250e-06 | training loss: 8.172e-02 | training energy RMSE (per atom):    4.3 meV | training energy MAE (per atom):    2.6 meV | training forces RMSE:   85.6 meV/A | training forces MAE:  51.83 meV/A | validation loss: 1.010e-02 | validation energy RMSE (per atom):   14.5 meV | validation energy MAE (per atom):    3.1 meV | validation forces RMSE:  108.9 meV/A | validation forces MAE:  54.95 meV/A
[2025-10-13 19:41:02][INFO] - Epoch:  756 | learning rate: 6.250e-06 | training loss: 8.086e-02 | training energy RMSE (per atom):    4.5 meV | training energy MAE (per atom):    2.9 meV | training forces RMSE:   85.1 meV/A | training forces MAE:  51.67 meV/A | validation loss: 1.014e-02 | validation energy RMSE (per atom):   14.6 meV | validation energy MAE (per atom):    3.6 meV | validation forces RMSE:  108.7 meV/A | validation forces MAE:  55.34 meV/A
[2025-10-13 19:41:39][INFO] - Epoch:  757 | learning rate: 6.250e-06 | training loss: 8.126e-02 | training energy RMSE (per atom):    4.4 meV | training energy MAE (per atom):    2.8 meV | training forces RMSE:   85.5 meV/A | training forces MAE:  51.73 meV/A | validation loss: 1.012e-02 | validation energy RMSE (per atom):   14.7 meV | validation energy MAE (per atom):    3.0 meV | validation forces RMSE:  108.2 meV/A | validation forces MAE:  55.14 meV/A
[2025-10-13 19:42:17][INFO] - Epoch:  758 | learning rate: 6.250e-06 | training loss: 8.116e-02 | training energy RMSE (per atom):    4.8 meV | training energy MAE (per atom):    3.3 meV | training forces RMSE:   85.1 meV/A | training forces MAE:  51.69 meV/A | validation loss: 1.022e-02 | validation energy RMSE (per atom):   14.8 meV | validation energy MAE (per atom):    4.0 meV | validation forces RMSE:  109.1 meV/A | validation forces MAE:  55.49 meV/A
[2025-10-13 19:42:56][INFO] - Epoch:  759 | learning rate: 6.250e-06 | training loss: 8.250e-02 | training energy RMSE (per atom):    4.8 meV | training energy MAE (per atom):    3.2 meV | training forces RMSE:   85.3 meV/A | training forces MAE:  51.95 meV/A | validation loss: 1.025e-02 | validation energy RMSE (per atom):   14.8 meV | validation energy MAE (per atom):    4.6 meV | validation forces RMSE:  108.3 meV/A | validation forces MAE:  56.66 meV/A
[2025-10-13 19:43:33][INFO] - Epoch:  760 | learning rate: 6.250e-06 | training loss: 8.189e-02 | training energy RMSE (per atom):    4.6 meV | training energy MAE (per atom):    3.0 meV | training forces RMSE:   85.0 meV/A | training forces MAE:  51.87 meV/A | validation loss: 9.838e-03 | validation energy RMSE (per atom):   14.5 meV | validation energy MAE (per atom):    3.0 meV | validation forces RMSE:  105.9 meV/A | validation forces MAE:  54.61 meV/A
[2025-10-13 19:44:12][INFO] - Epoch:  761 | learning rate: 6.250e-06 | training loss: 8.133e-02 | training energy RMSE (per atom):    4.5 meV | training energy MAE (per atom):    2.9 meV | training forces RMSE:   84.9 meV/A | training forces MAE:  51.67 meV/A | validation loss: 1.015e-02 | validation energy RMSE (per atom):   15.1 meV | validation energy MAE (per atom):    4.7 meV | validation forces RMSE:  106.3 meV/A | validation forces MAE:  55.02 meV/A
[2025-10-13 19:44:50][INFO] - Epoch:  762 | learning rate: 6.250e-06 | training loss: 8.200e-02 | training energy RMSE (per atom):    4.7 meV | training energy MAE (per atom):    3.1 meV | training forces RMSE:   85.1 meV/A | training forces MAE:  51.82 meV/A | validation loss: 1.022e-02 | validation energy RMSE (per atom):   15.0 meV | validation energy MAE (per atom):    3.4 meV | validation forces RMSE:  107.0 meV/A | validation forces MAE:  55.15 meV/A
[2025-10-13 19:45:28][INFO] - Epoch:  763 | learning rate: 6.250e-06 | training loss: 8.132e-02 | training energy RMSE (per atom):    4.8 meV | training energy MAE (per atom):    3.3 meV | training forces RMSE:   84.7 meV/A | training forces MAE:  51.63 meV/A | validation loss: 1.009e-02 | validation energy RMSE (per atom):   14.9 meV | validation energy MAE (per atom):    4.1 meV | validation forces RMSE:  106.2 meV/A | validation forces MAE:  55.17 meV/A
[2025-10-13 19:46:05][INFO] - Epoch:  764 | learning rate: 6.250e-06 | training loss: 8.092e-02 | training energy RMSE (per atom):    4.8 meV | training energy MAE (per atom):    3.4 meV | training forces RMSE:   84.8 meV/A | training forces MAE:  51.73 meV/A | validation loss: 9.909e-03 | validation energy RMSE (per atom):   14.5 meV | validation energy MAE (per atom):    3.6 meV | validation forces RMSE:  106.5 meV/A | validation forces MAE:  55.00 meV/A
[2025-10-13 19:46:43][INFO] - Epoch:  765 | learning rate: 6.250e-06 | training loss: 8.111e-02 | training energy RMSE (per atom):    4.7 meV | training energy MAE (per atom):    3.0 meV | training forces RMSE:   85.1 meV/A | training forces MAE:  51.99 meV/A | validation loss: 1.020e-02 | validation energy RMSE (per atom):   14.7 meV | validation energy MAE (per atom):    3.2 meV | validation forces RMSE:  107.9 meV/A | validation forces MAE:  57.25 meV/A
[2025-10-13 19:47:21][INFO] - Epoch:  766 | learning rate: 6.250e-06 | training loss: 8.054e-02 | training energy RMSE (per atom):    4.6 meV | training energy MAE (per atom):    3.1 meV | training forces RMSE:   84.5 meV/A | training forces MAE:  51.52 meV/A | validation loss: 1.044e-02 | validation energy RMSE (per atom):   14.9 meV | validation energy MAE (per atom):    4.7 meV | validation forces RMSE:  110.0 meV/A | validation forces MAE:  57.58 meV/A
[2025-10-13 19:47:59][INFO] - Epoch:  767 | learning rate: 6.250e-06 | training loss: 8.158e-02 | training energy RMSE (per atom):    5.0 meV | training energy MAE (per atom):    3.4 meV | training forces RMSE:   84.5 meV/A | training forces MAE:  51.64 meV/A | validation loss: 9.879e-03 | validation energy RMSE (per atom):   14.5 meV | validation energy MAE (per atom):    3.1 meV | validation forces RMSE:  106.1 meV/A | validation forces MAE:  54.94 meV/A
[2025-10-13 19:48:37][INFO] - Epoch:  768 | learning rate: 6.250e-06 | training loss: 8.152e-02 | training energy RMSE (per atom):    4.6 meV | training energy MAE (per atom):    3.1 meV | training forces RMSE:   84.7 meV/A | training forces MAE:  51.83 meV/A | validation loss: 9.967e-03 | validation energy RMSE (per atom):   14.7 meV | validation energy MAE (per atom):    3.6 meV | validation forces RMSE:  105.8 meV/A | validation forces MAE:  54.85 meV/A
[2025-10-13 19:49:14][INFO] - Epoch:  769 | learning rate: 6.250e-06 | training loss: 8.002e-02 | training energy RMSE (per atom):    4.8 meV | training energy MAE (per atom):    3.1 meV | training forces RMSE:   84.8 meV/A | training forces MAE:  51.84 meV/A | validation loss: 1.014e-02 | validation energy RMSE (per atom):   15.1 meV | validation energy MAE (per atom):    4.8 meV | validation forces RMSE:  106.0 meV/A | validation forces MAE:  54.77 meV/A
[2025-10-13 19:49:52][INFO] - Epoch:  770 | learning rate: 6.250e-06 | training loss: 7.997e-02 | training energy RMSE (per atom):    4.6 meV | training energy MAE (per atom):    3.1 meV | training forces RMSE:   84.4 meV/A | training forces MAE:  51.67 meV/A | validation loss: 9.911e-03 | validation energy RMSE (per atom):   14.5 meV | validation energy MAE (per atom):    3.4 meV | validation forces RMSE:  106.4 meV/A | validation forces MAE:  55.12 meV/A
[2025-10-13 19:50:30][INFO] - Epoch:  771 | learning rate: 6.250e-06 | training loss: 8.169e-02 | training energy RMSE (per atom):    4.8 meV | training energy MAE (per atom):    3.1 meV | training forces RMSE:   85.2 meV/A | training forces MAE:  51.99 meV/A | validation loss: 9.893e-03 | validation energy RMSE (per atom):   14.6 meV | validation energy MAE (per atom):    3.8 meV | validation forces RMSE:  106.3 meV/A | validation forces MAE:  55.16 meV/A
[2025-10-13 19:51:08][INFO] - Epoch:  772 | learning rate: 6.250e-06 | training loss: 8.043e-02 | training energy RMSE (per atom):    4.6 meV | training energy MAE (per atom):    3.1 meV | training forces RMSE:   84.4 meV/A | training forces MAE:  51.57 meV/A | validation loss: 1.005e-02 | validation energy RMSE (per atom):   14.8 meV | validation energy MAE (per atom):    3.6 meV | validation forces RMSE:  106.0 meV/A | validation forces MAE:  55.29 meV/A
[2025-10-13 19:51:46][INFO] - Epoch:  773 | learning rate: 6.250e-06 | training loss: 7.989e-02 | training energy RMSE (per atom):    4.8 meV | training energy MAE (per atom):    3.3 meV | training forces RMSE:   84.5 meV/A | training forces MAE:  51.66 meV/A | validation loss: 9.763e-03 | validation energy RMSE (per atom):   14.4 meV | validation energy MAE (per atom):    3.9 meV | validation forces RMSE:  105.6 meV/A | validation forces MAE:  54.98 meV/A
[2025-10-13 19:52:24][INFO] - Epoch:  774 | learning rate: 6.250e-06 | training loss: 8.215e-02 | training energy RMSE (per atom):    4.8 meV | training energy MAE (per atom):    3.3 meV | training forces RMSE:   85.0 meV/A | training forces MAE:  52.02 meV/A | validation loss: 1.030e-02 | validation energy RMSE (per atom):   15.3 meV | validation energy MAE (per atom):    5.0 meV | validation forces RMSE:  106.5 meV/A | validation forces MAE:  55.19 meV/A
[2025-10-13 19:53:02][INFO] - Epoch:  775 | learning rate: 6.250e-06 | training loss: 8.126e-02 | training energy RMSE (per atom):    5.0 meV | training energy MAE (per atom):    3.4 meV | training forces RMSE:   84.6 meV/A | training forces MAE:  51.71 meV/A | validation loss: 1.003e-02 | validation energy RMSE (per atom):   14.6 meV | validation energy MAE (per atom):    3.8 meV | validation forces RMSE:  107.0 meV/A | validation forces MAE:  56.96 meV/A
[2025-10-13 19:53:40][INFO] - Epoch:  776 | learning rate: 6.250e-06 | training loss: 8.077e-02 | training energy RMSE (per atom):    4.5 meV | training energy MAE (per atom):    3.0 meV | training forces RMSE:   84.9 meV/A | training forces MAE:  51.95 meV/A | validation loss: 1.009e-02 | validation energy RMSE (per atom):   15.1 meV | validation energy MAE (per atom):    4.8 meV | validation forces RMSE:  105.2 meV/A | validation forces MAE:  54.57 meV/A
[2025-10-13 19:54:18][INFO] - Epoch:  777 | learning rate: 6.250e-06 | training loss: 7.997e-02 | training energy RMSE (per atom):    4.6 meV | training energy MAE (per atom):    3.0 meV | training forces RMSE:   84.3 meV/A | training forces MAE:  51.55 meV/A | validation loss: 1.007e-02 | validation energy RMSE (per atom):   14.9 meV | validation energy MAE (per atom):    3.4 meV | validation forces RMSE:  106.2 meV/A | validation forces MAE:  55.17 meV/A
[2025-10-13 19:54:56][INFO] - Epoch:  778 | learning rate: 6.250e-06 | training loss: 7.948e-02 | training energy RMSE (per atom):    4.8 meV | training energy MAE (per atom):    3.2 meV | training forces RMSE:   84.3 meV/A | training forces MAE:  51.69 meV/A | validation loss: 1.055e-02 | validation energy RMSE (per atom):   15.7 meV | validation energy MAE (per atom):    5.4 meV | validation forces RMSE:  106.9 meV/A | validation forces MAE:  55.32 meV/A
[2025-10-13 19:55:33][INFO] - Epoch:  779 | learning rate: 6.250e-06 | training loss: 8.197e-02 | training energy RMSE (per atom):    5.1 meV | training energy MAE (per atom):    3.6 meV | training forces RMSE:   84.6 meV/A | training forces MAE:  51.77 meV/A | validation loss: 1.016e-02 | validation energy RMSE (per atom):   15.0 meV | validation energy MAE (per atom):    3.4 meV | validation forces RMSE:  106.5 meV/A | validation forces MAE:  55.07 meV/A
[2025-10-13 19:56:12][INFO] - Epoch:  780 | learning rate: 6.250e-06 | training loss: 8.011e-02 | training energy RMSE (per atom):    4.5 meV | training energy MAE (per atom):    2.9 meV | training forces RMSE:   84.4 meV/A | training forces MAE:  51.55 meV/A | validation loss: 9.932e-03 | validation energy RMSE (per atom):   14.9 meV | validation energy MAE (per atom):    5.8 meV | validation forces RMSE:  105.7 meV/A | validation forces MAE:  54.80 meV/A
[2025-10-13 19:56:50][INFO] - Epoch:  781 | learning rate: 6.250e-06 | training loss: 7.988e-02 | training energy RMSE (per atom):    4.5 meV | training energy MAE (per atom):    2.9 meV | training forces RMSE:   84.3 meV/A | training forces MAE:  51.57 meV/A | validation loss: 1.015e-02 | validation energy RMSE (per atom):   14.6 meV | validation energy MAE (per atom):    3.9 meV | validation forces RMSE:  108.2 meV/A | validation forces MAE:  56.98 meV/A
[2025-10-13 19:57:28][INFO] - Epoch:  782 | learning rate: 6.250e-06 | training loss: 7.941e-02 | training energy RMSE (per atom):    4.7 meV | training energy MAE (per atom):    3.0 meV | training forces RMSE:   84.1 meV/A | training forces MAE:  51.47 meV/A | validation loss: 1.077e-02 | validation energy RMSE (per atom):   16.4 meV | validation energy MAE (per atom):    8.1 meV | validation forces RMSE:  107.6 meV/A | validation forces MAE:  56.24 meV/A
[2025-10-13 19:58:06][INFO] - Epoch:  783 | learning rate: 6.250e-06 | training loss: 8.160e-02 | training energy RMSE (per atom):    5.4 meV | training energy MAE (per atom):    3.7 meV | training forces RMSE:   84.3 meV/A | training forces MAE:  51.53 meV/A | validation loss: 9.900e-03 | validation energy RMSE (per atom):   14.6 meV | validation energy MAE (per atom):    3.5 meV | validation forces RMSE:  106.0 meV/A | validation forces MAE:  54.64 meV/A
[2025-10-13 19:58:44][INFO] - Epoch:  784 | learning rate: 6.250e-06 | training loss: 8.043e-02 | training energy RMSE (per atom):    4.8 meV | training energy MAE (per atom):    3.1 meV | training forces RMSE:   84.2 meV/A | training forces MAE:  51.66 meV/A | validation loss: 9.962e-03 | validation energy RMSE (per atom):   14.8 meV | validation energy MAE (per atom):    3.9 meV | validation forces RMSE:  105.8 meV/A | validation forces MAE:  54.51 meV/A
[2025-10-13 19:59:22][INFO] - Epoch:  785 | learning rate: 6.250e-06 | training loss: 7.996e-02 | training energy RMSE (per atom):    5.1 meV | training energy MAE (per atom):    3.5 meV | training forces RMSE:   84.2 meV/A | training forces MAE:  51.41 meV/A | validation loss: 9.868e-03 | validation energy RMSE (per atom):   14.6 meV | validation energy MAE (per atom):    3.1 meV | validation forces RMSE:  105.2 meV/A | validation forces MAE:  54.96 meV/A
[2025-10-13 20:00:00][INFO] - Epoch:  786 | learning rate: 6.250e-06 | training loss: 7.984e-02 | training energy RMSE (per atom):    4.6 meV | training energy MAE (per atom):    3.1 meV | training forces RMSE:   83.9 meV/A | training forces MAE:  51.31 meV/A | validation loss: 9.974e-03 | validation energy RMSE (per atom):   14.9 meV | validation energy MAE (per atom):    3.8 meV | validation forces RMSE:  105.5 meV/A | validation forces MAE:  54.47 meV/A
[2025-10-13 20:00:38][INFO] - Epoch:  787 | learning rate: 6.250e-06 | training loss: 7.874e-02 | training energy RMSE (per atom):    4.7 meV | training energy MAE (per atom):    3.2 meV | training forces RMSE:   83.8 meV/A | training forces MAE:  51.22 meV/A | validation loss: 9.816e-03 | validation energy RMSE (per atom):   14.6 meV | validation energy MAE (per atom):    3.1 meV | validation forces RMSE:  104.9 meV/A | validation forces MAE:  54.87 meV/A
[2025-10-13 20:01:16][INFO] - Epoch:  788 | learning rate: 6.250e-06 | training loss: 8.015e-02 | training energy RMSE (per atom):    4.9 meV | training energy MAE (per atom):    3.3 meV | training forces RMSE:   83.8 meV/A | training forces MAE:  51.36 meV/A | validation loss: 1.011e-02 | validation energy RMSE (per atom):   15.1 meV | validation energy MAE (per atom):    4.3 meV | validation forces RMSE:  105.3 meV/A | validation forces MAE:  54.91 meV/A
[2025-10-13 20:01:54][INFO] - Epoch:  789 | learning rate: 6.250e-06 | training loss: 7.973e-02 | training energy RMSE (per atom):    4.7 meV | training energy MAE (per atom):    3.1 meV | training forces RMSE:   83.9 meV/A | training forces MAE:  51.42 meV/A | validation loss: 9.852e-03 | validation energy RMSE (per atom):   14.8 meV | validation energy MAE (per atom):    4.3 meV | validation forces RMSE:  104.4 meV/A | validation forces MAE:  54.43 meV/A
[2025-10-13 20:02:32][INFO] - Epoch:  790 | learning rate: 6.250e-06 | training loss: 7.927e-02 | training energy RMSE (per atom):    4.5 meV | training energy MAE (per atom):    3.0 meV | training forces RMSE:   84.1 meV/A | training forces MAE:  51.41 meV/A | validation loss: 9.873e-03 | validation energy RMSE (per atom):   14.6 meV | validation energy MAE (per atom):    3.1 meV | validation forces RMSE:  105.4 meV/A | validation forces MAE:  54.73 meV/A
[2025-10-13 20:03:10][INFO] - Epoch:  791 | learning rate: 6.250e-06 | training loss: 7.924e-02 | training energy RMSE (per atom):    4.5 meV | training energy MAE (per atom):    2.9 meV | training forces RMSE:   83.9 meV/A | training forces MAE:  51.47 meV/A | validation loss: 9.882e-03 | validation energy RMSE (per atom):   14.9 meV | validation energy MAE (per atom):    5.8 meV | validation forces RMSE:  105.1 meV/A | validation forces MAE:  54.90 meV/A
[2025-10-13 20:03:48][INFO] - Epoch:  792 | learning rate: 6.250e-06 | training loss: 8.005e-02 | training energy RMSE (per atom):    5.2 meV | training energy MAE (per atom):    3.4 meV | training forces RMSE:   84.2 meV/A | training forces MAE:  51.52 meV/A | validation loss: 9.615e-03 | validation energy RMSE (per atom):   14.2 meV | validation energy MAE (per atom):    3.3 meV | validation forces RMSE:  105.7 meV/A | validation forces MAE:  54.76 meV/A
[2025-10-13 20:04:25][INFO] - Epoch:  793 | learning rate: 6.250e-06 | training loss: 8.035e-02 | training energy RMSE (per atom):    5.0 meV | training energy MAE (per atom):    3.4 meV | training forces RMSE:   84.0 meV/A | training forces MAE:  51.45 meV/A | validation loss: 1.017e-02 | validation energy RMSE (per atom):   14.6 meV | validation energy MAE (per atom):    3.8 meV | validation forces RMSE:  108.5 meV/A | validation forces MAE:  57.38 meV/A
[2025-10-13 20:05:03][INFO] - Epoch:  794 | learning rate: 6.250e-06 | training loss: 8.201e-02 | training energy RMSE (per atom):    5.0 meV | training energy MAE (per atom):    3.5 meV | training forces RMSE:   84.6 meV/A | training forces MAE:  51.91 meV/A | validation loss: 9.928e-03 | validation energy RMSE (per atom):   14.8 meV | validation energy MAE (per atom):    3.8 meV | validation forces RMSE:  105.4 meV/A | validation forces MAE:  54.39 meV/A
[2025-10-13 20:05:42][INFO] - Epoch:  795 | learning rate: 6.250e-06 | training loss: 7.925e-02 | training energy RMSE (per atom):    5.1 meV | training energy MAE (per atom):    3.5 meV | training forces RMSE:   83.7 meV/A | training forces MAE:  51.32 meV/A | validation loss: 9.820e-03 | validation energy RMSE (per atom):   14.6 meV | validation energy MAE (per atom):    3.7 meV | validation forces RMSE:  105.5 meV/A | validation forces MAE:  54.55 meV/A
[2025-10-13 20:06:20][INFO] - Epoch:  796 | learning rate: 6.250e-06 | training loss: 7.981e-02 | training energy RMSE (per atom):    4.8 meV | training energy MAE (per atom):    3.3 meV | training forces RMSE:   83.9 meV/A | training forces MAE:  51.25 meV/A | validation loss: 9.761e-03 | validation energy RMSE (per atom):   14.6 meV | validation energy MAE (per atom):    3.1 meV | validation forces RMSE:  104.8 meV/A | validation forces MAE:  54.32 meV/A
[2025-10-13 20:06:57][INFO] - Epoch:  797 | learning rate: 6.250e-06 | training loss: 8.012e-02 | training energy RMSE (per atom):    4.5 meV | training energy MAE (per atom):    2.9 meV | training forces RMSE:   84.4 meV/A | training forces MAE:  51.56 meV/A | validation loss: 1.003e-02 | validation energy RMSE (per atom):   14.8 meV | validation energy MAE (per atom):    3.2 meV | validation forces RMSE:  105.6 meV/A | validation forces MAE:  55.13 meV/A
[2025-10-13 20:07:35][INFO] - Epoch:  798 | learning rate: 6.250e-06 | training loss: 8.006e-02 | training energy RMSE (per atom):    4.6 meV | training energy MAE (per atom):    3.0 meV | training forces RMSE:   84.0 meV/A | training forces MAE:  51.49 meV/A | validation loss: 9.781e-03 | validation energy RMSE (per atom):   14.5 meV | validation energy MAE (per atom):    3.4 meV | validation forces RMSE:  105.0 meV/A | validation forces MAE:  54.85 meV/A
[2025-10-13 20:08:13][INFO] - Epoch:  799 | learning rate: 6.250e-06 | training loss: 7.825e-02 | training energy RMSE (per atom):    4.7 meV | training energy MAE (per atom):    3.2 meV | training forces RMSE:   83.7 meV/A | training forces MAE:  51.23 meV/A | validation loss: 9.928e-03 | validation energy RMSE (per atom):   15.0 meV | validation energy MAE (per atom):    6.5 meV | validation forces RMSE:  105.5 meV/A | validation forces MAE:  54.91 meV/A
[2025-10-13 20:08:51][INFO] - Epoch:  800 | learning rate: 6.250e-06 | training loss: 7.883e-02 | training energy RMSE (per atom):    4.4 meV | training energy MAE (per atom):    2.8 meV | training forces RMSE:   83.8 meV/A | training forces MAE:  51.17 meV/A | validation loss: 9.764e-03 | validation energy RMSE (per atom):   14.5 meV | validation energy MAE (per atom):    3.3 meV | validation forces RMSE:  105.1 meV/A | validation forces MAE:  54.71 meV/A
[2025-10-13 20:09:29][INFO] - Epoch:  801 | learning rate: 6.250e-06 | training loss: 7.962e-02 | training energy RMSE (per atom):    4.4 meV | training energy MAE (per atom):    2.9 meV | training forces RMSE:   84.1 meV/A | training forces MAE:  51.57 meV/A | validation loss: 9.865e-03 | validation energy RMSE (per atom):   14.6 meV | validation energy MAE (per atom):    3.3 meV | validation forces RMSE:  105.6 meV/A | validation forces MAE:  55.63 meV/A
[2025-10-13 20:10:07][INFO] - Epoch:  802 | learning rate: 6.250e-06 | training loss: 7.918e-02 | training energy RMSE (per atom):    4.9 meV | training energy MAE (per atom):    3.3 meV | training forces RMSE:   84.0 meV/A | training forces MAE:  51.45 meV/A | validation loss: 9.793e-03 | validation energy RMSE (per atom):   14.5 meV | validation energy MAE (per atom):    4.8 meV | validation forces RMSE:  105.6 meV/A | validation forces MAE:  55.24 meV/A
[2025-10-13 20:10:46][INFO] - Epoch:  803 | learning rate: 6.250e-06 | training loss: 8.194e-02 | training energy RMSE (per atom):    5.2 meV | training energy MAE (per atom):    3.6 meV | training forces RMSE:   84.6 meV/A | training forces MAE:  52.03 meV/A | validation loss: 9.814e-03 | validation energy RMSE (per atom):   14.6 meV | validation energy MAE (per atom):    3.2 meV | validation forces RMSE:  105.4 meV/A | validation forces MAE:  54.32 meV/A
[2025-10-13 20:11:24][INFO] - Epoch:  804 | learning rate: 6.250e-06 | training loss: 7.809e-02 | training energy RMSE (per atom):    4.6 meV | training energy MAE (per atom):    3.1 meV | training forces RMSE:   83.7 meV/A | training forces MAE:  51.16 meV/A | validation loss: 1.026e-02 | validation energy RMSE (per atom):   15.3 meV | validation energy MAE (per atom):    5.5 meV | validation forces RMSE:  106.1 meV/A | validation forces MAE:  55.61 meV/A
[2025-10-13 20:12:02][INFO] - Epoch:  805 | learning rate: 6.250e-06 | training loss: 8.093e-02 | training energy RMSE (per atom):    4.9 meV | training energy MAE (per atom):    3.3 meV | training forces RMSE:   84.2 meV/A | training forces MAE:  51.50 meV/A | validation loss: 9.815e-03 | validation energy RMSE (per atom):   14.6 meV | validation energy MAE (per atom):    3.5 meV | validation forces RMSE:  105.2 meV/A | validation forces MAE:  54.70 meV/A
[2025-10-13 20:12:40][INFO] - Epoch:  806 | learning rate: 6.250e-06 | training loss: 7.958e-02 | training energy RMSE (per atom):    4.7 meV | training energy MAE (per atom):    3.1 meV | training forces RMSE:   83.8 meV/A | training forces MAE:  51.11 meV/A | validation loss: 9.832e-03 | validation energy RMSE (per atom):   14.5 meV | validation energy MAE (per atom):    3.0 meV | validation forces RMSE:  105.8 meV/A | validation forces MAE:  55.07 meV/A
[2025-10-13 20:13:18][INFO] - Epoch:  807 | learning rate: 6.250e-06 | training loss: 7.817e-02 | training energy RMSE (per atom):    4.7 meV | training energy MAE (per atom):    3.1 meV | training forces RMSE:   83.5 meV/A | training forces MAE:  51.13 meV/A | validation loss: 9.951e-03 | validation energy RMSE (per atom):   14.8 meV | validation energy MAE (per atom):    3.8 meV | validation forces RMSE:  105.0 meV/A | validation forces MAE:  54.53 meV/A
[2025-10-13 20:13:56][INFO] - Epoch:  808 | learning rate: 6.250e-06 | training loss: 7.712e-02 | training energy RMSE (per atom):    4.5 meV | training energy MAE (per atom):    3.0 meV | training forces RMSE:   83.3 meV/A | training forces MAE:  51.14 meV/A | validation loss: 9.996e-03 | validation energy RMSE (per atom):   14.9 meV | validation energy MAE (per atom):    4.9 meV | validation forces RMSE:  105.8 meV/A | validation forces MAE:  54.25 meV/A
[2025-10-13 20:14:34][INFO] - Epoch:  809 | learning rate: 6.250e-06 | training loss: 8.028e-02 | training energy RMSE (per atom):    5.0 meV | training energy MAE (per atom):    3.5 meV | training forces RMSE:   83.6 meV/A | training forces MAE:  51.29 meV/A | validation loss: 9.824e-03 | validation energy RMSE (per atom):   14.6 meV | validation energy MAE (per atom):    3.4 meV | validation forces RMSE:  105.1 meV/A | validation forces MAE:  54.66 meV/A
[2025-10-13 20:15:12][INFO] - Epoch:  810 | learning rate: 6.250e-06 | training loss: 7.864e-02 | training energy RMSE (per atom):    4.6 meV | training energy MAE (per atom):    2.9 meV | training forces RMSE:   83.8 meV/A | training forces MAE:  51.23 meV/A | validation loss: 9.900e-03 | validation energy RMSE (per atom):   14.7 meV | validation energy MAE (per atom):    3.0 meV | validation forces RMSE:  105.0 meV/A | validation forces MAE:  54.52 meV/A
[2025-10-13 20:15:50][INFO] - Epoch:  811 | learning rate: 6.250e-06 | training loss: 7.904e-02 | training energy RMSE (per atom):    4.5 meV | training energy MAE (per atom):    2.9 meV | training forces RMSE:   83.3 meV/A | training forces MAE:  50.99 meV/A | validation loss: 1.004e-02 | validation energy RMSE (per atom):   14.7 meV | validation energy MAE (per atom):    3.1 meV | validation forces RMSE:  106.3 meV/A | validation forces MAE:  55.33 meV/A
[2025-10-13 20:16:27][INFO] - Epoch:  812 | learning rate: 6.250e-06 | training loss: 7.947e-02 | training energy RMSE (per atom):    4.9 meV | training energy MAE (per atom):    3.3 meV | training forces RMSE:   83.5 meV/A | training forces MAE:  51.09 meV/A | validation loss: 9.790e-03 | validation energy RMSE (per atom):   14.6 meV | validation energy MAE (per atom):    3.1 meV | validation forces RMSE:  105.0 meV/A | validation forces MAE:  54.00 meV/A
[2025-10-13 20:17:06][INFO] - Epoch:  813 | learning rate: 6.250e-06 | training loss: 7.940e-02 | training energy RMSE (per atom):    4.7 meV | training energy MAE (per atom):    3.2 meV | training forces RMSE:   83.9 meV/A | training forces MAE:  51.26 meV/A | validation loss: 9.847e-03 | validation energy RMSE (per atom):   14.8 meV | validation energy MAE (per atom):    5.1 meV | validation forces RMSE:  105.0 meV/A | validation forces MAE:  54.76 meV/A
[2025-10-13 20:17:43][INFO] - Epoch:  814 | learning rate: 6.250e-06 | training loss: 7.762e-02 | training energy RMSE (per atom):    4.8 meV | training energy MAE (per atom):    3.3 meV | training forces RMSE:   83.2 meV/A | training forces MAE:  50.92 meV/A | validation loss: 1.057e-02 | validation energy RMSE (per atom):   16.2 meV | validation energy MAE (per atom):    7.2 meV | validation forces RMSE:  105.3 meV/A | validation forces MAE:  54.28 meV/A
[2025-10-13 20:18:21][INFO] - Epoch:  815 | learning rate: 6.250e-06 | training loss: 8.019e-02 | training energy RMSE (per atom):    5.2 meV | training energy MAE (per atom):    3.6 meV | training forces RMSE:   83.5 meV/A | training forces MAE:  51.22 meV/A | validation loss: 9.861e-03 | validation energy RMSE (per atom):   14.6 meV | validation energy MAE (per atom):    3.5 meV | validation forces RMSE:  105.9 meV/A | validation forces MAE:  55.13 meV/A
[2025-10-13 20:18:59][INFO] - Epoch:  816 | learning rate: 6.250e-06 | training loss: 7.790e-02 | training energy RMSE (per atom):    4.6 meV | training energy MAE (per atom):    3.0 meV | training forces RMSE:   83.1 meV/A | training forces MAE:  50.91 meV/A | validation loss: 9.776e-03 | validation energy RMSE (per atom):   14.5 meV | validation energy MAE (per atom):    3.1 meV | validation forces RMSE:  105.7 meV/A | validation forces MAE:  55.00 meV/A
[2025-10-13 20:19:38][INFO] - Epoch:  817 | learning rate: 6.250e-06 | training loss: 7.897e-02 | training energy RMSE (per atom):    4.7 meV | training energy MAE (per atom):    3.1 meV | training forces RMSE:   83.6 meV/A | training forces MAE:  51.24 meV/A | validation loss: 9.805e-03 | validation energy RMSE (per atom):   14.5 meV | validation energy MAE (per atom):    3.1 meV | validation forces RMSE:  105.8 meV/A | validation forces MAE:  55.96 meV/A
[2025-10-13 20:20:16][INFO] - Epoch:  818 | learning rate: 6.250e-06 | training loss: 7.857e-02 | training energy RMSE (per atom):    4.5 meV | training energy MAE (per atom):    3.0 meV | training forces RMSE:   83.3 meV/A | training forces MAE:  51.09 meV/A | validation loss: 1.004e-02 | validation energy RMSE (per atom):   15.2 meV | validation energy MAE (per atom):    6.4 meV | validation forces RMSE:  105.5 meV/A | validation forces MAE:  54.95 meV/A
[2025-10-13 20:20:54][INFO] - Epoch:  819 | learning rate: 6.250e-06 | training loss: 7.893e-02 | training energy RMSE (per atom):    5.0 meV | training energy MAE (per atom):    3.5 meV | training forces RMSE:   83.5 meV/A | training forces MAE:  51.25 meV/A | validation loss: 9.794e-03 | validation energy RMSE (per atom):   14.5 meV | validation energy MAE (per atom):    3.2 meV | validation forces RMSE:  105.1 meV/A | validation forces MAE:  54.27 meV/A
[2025-10-13 20:21:32][INFO] - Epoch:  820 | learning rate: 6.250e-06 | training loss: 7.938e-02 | training energy RMSE (per atom):    4.7 meV | training energy MAE (per atom):    3.1 meV | training forces RMSE:   83.6 meV/A | training forces MAE:  51.38 meV/A | validation loss: 9.902e-03 | validation energy RMSE (per atom):   14.3 meV | validation energy MAE (per atom):    3.6 meV | validation forces RMSE:  107.2 meV/A | validation forces MAE:  56.03 meV/A
[2025-10-13 20:22:10][INFO] - Epoch:  821 | learning rate: 6.250e-06 | training loss: 7.780e-02 | training energy RMSE (per atom):    4.5 meV | training energy MAE (per atom):    3.0 meV | training forces RMSE:   83.1 meV/A | training forces MAE:  50.94 meV/A | validation loss: 9.854e-03 | validation energy RMSE (per atom):   14.5 meV | validation energy MAE (per atom):    3.2 meV | validation forces RMSE:  105.5 meV/A | validation forces MAE:  54.92 meV/A
[2025-10-13 20:22:48][INFO] - Epoch:  822 | learning rate: 6.250e-06 | training loss: 7.880e-02 | training energy RMSE (per atom):    5.1 meV | training energy MAE (per atom):    3.5 meV | training forces RMSE:   83.2 meV/A | training forces MAE:  51.12 meV/A | validation loss: 9.712e-03 | validation energy RMSE (per atom):   14.5 meV | validation energy MAE (per atom):    3.1 meV | validation forces RMSE:  104.8 meV/A | validation forces MAE:  54.38 meV/A
[2025-10-13 20:23:26][INFO] - Epoch:  823 | learning rate: 6.250e-06 | training loss: 7.807e-02 | training energy RMSE (per atom):    4.6 meV | training energy MAE (per atom):    3.1 meV | training forces RMSE:   83.1 meV/A | training forces MAE:  50.93 meV/A | validation loss: 1.007e-02 | validation energy RMSE (per atom):   15.3 meV | validation energy MAE (per atom):    4.8 meV | validation forces RMSE:  104.1 meV/A | validation forces MAE:  54.01 meV/A
[2025-10-13 20:24:04][INFO] - Epoch:  824 | learning rate: 6.250e-06 | training loss: 7.936e-02 | training energy RMSE (per atom):    5.1 meV | training energy MAE (per atom):    3.5 meV | training forces RMSE:   83.5 meV/A | training forces MAE:  51.28 meV/A | validation loss: 9.701e-03 | validation energy RMSE (per atom):   14.5 meV | validation energy MAE (per atom):    3.0 meV | validation forces RMSE:  104.3 meV/A | validation forces MAE:  54.20 meV/A
[2025-10-13 20:24:41][INFO] - Epoch:  825 | learning rate: 6.250e-06 | training loss: 7.924e-02 | training energy RMSE (per atom):    4.8 meV | training energy MAE (per atom):    3.2 meV | training forces RMSE:   83.9 meV/A | training forces MAE:  51.48 meV/A | validation loss: 9.740e-03 | validation energy RMSE (per atom):   14.5 meV | validation energy MAE (per atom):    3.7 meV | validation forces RMSE:  104.7 meV/A | validation forces MAE:  54.13 meV/A
[2025-10-13 20:25:20][INFO] - Epoch:  826 | learning rate: 6.250e-06 | training loss: 7.780e-02 | training energy RMSE (per atom):    4.7 meV | training energy MAE (per atom):    3.3 meV | training forces RMSE:   83.1 meV/A | training forces MAE:  50.89 meV/A | validation loss: 1.000e-02 | validation energy RMSE (per atom):   15.0 meV | validation energy MAE (per atom):    3.4 meV | validation forces RMSE:  104.7 meV/A | validation forces MAE:  54.15 meV/A
[2025-10-13 20:25:57][INFO] - Epoch:  827 | learning rate: 6.250e-06 | training loss: 7.697e-02 | training energy RMSE (per atom):    4.5 meV | training energy MAE (per atom):    3.0 meV | training forces RMSE:   83.2 meV/A | training forces MAE:  51.11 meV/A | validation loss: 9.795e-03 | validation energy RMSE (per atom):   14.7 meV | validation energy MAE (per atom):    3.5 meV | validation forces RMSE:  104.8 meV/A | validation forces MAE:  54.02 meV/A
[2025-10-13 20:26:35][INFO] - Epoch:  828 | learning rate: 6.250e-06 | training loss: 7.731e-02 | training energy RMSE (per atom):    4.6 meV | training energy MAE (per atom):    3.1 meV | training forces RMSE:   83.2 meV/A | training forces MAE:  50.93 meV/A | validation loss: 9.847e-03 | validation energy RMSE (per atom):   14.6 meV | validation energy MAE (per atom):    3.6 meV | validation forces RMSE:  105.4 meV/A | validation forces MAE:  54.64 meV/A
[2025-10-13 20:27:13][INFO] - Epoch:  829 | learning rate: 6.250e-06 | training loss: 7.699e-02 | training energy RMSE (per atom):    4.5 meV | training energy MAE (per atom):    2.9 meV | training forces RMSE:   83.2 meV/A | training forces MAE:  50.93 meV/A | validation loss: 9.748e-03 | validation energy RMSE (per atom):   14.6 meV | validation energy MAE (per atom):    3.8 meV | validation forces RMSE:  104.4 meV/A | validation forces MAE:  54.30 meV/A
[2025-10-13 20:27:51][INFO] - Epoch:  830 | learning rate: 6.250e-06 | training loss: 8.038e-02 | training energy RMSE (per atom):    4.8 meV | training energy MAE (per atom):    3.3 meV | training forces RMSE:   83.7 meV/A | training forces MAE:  51.44 meV/A | validation loss: 9.881e-03 | validation energy RMSE (per atom):   14.9 meV | validation energy MAE (per atom):    4.3 meV | validation forces RMSE:  104.8 meV/A | validation forces MAE:  54.20 meV/A
[2025-10-13 20:28:29][INFO] - Epoch:  831 | learning rate: 6.250e-06 | training loss: 7.846e-02 | training energy RMSE (per atom):    5.2 meV | training energy MAE (per atom):    3.8 meV | training forces RMSE:   82.8 meV/A | training forces MAE:  50.78 meV/A | validation loss: 9.944e-03 | validation energy RMSE (per atom):   14.9 meV | validation energy MAE (per atom):    3.4 meV | validation forces RMSE:  104.8 meV/A | validation forces MAE:  54.46 meV/A
[2025-10-13 20:29:07][INFO] - Epoch:  832 | learning rate: 6.250e-06 | training loss: 7.737e-02 | training energy RMSE (per atom):    4.5 meV | training energy MAE (per atom):    3.0 meV | training forces RMSE:   82.7 meV/A | training forces MAE:  50.73 meV/A | validation loss: 9.866e-03 | validation energy RMSE (per atom):   14.5 meV | validation energy MAE (per atom):    3.0 meV | validation forces RMSE:  106.1 meV/A | validation forces MAE:  55.05 meV/A
[2025-10-13 20:29:45][INFO] - Epoch:  833 | learning rate: 6.250e-06 | training loss: 7.831e-02 | training energy RMSE (per atom):    4.4 meV | training energy MAE (per atom):    2.9 meV | training forces RMSE:   83.4 meV/A | training forces MAE:  51.04 meV/A | validation loss: 9.588e-03 | validation energy RMSE (per atom):   14.4 meV | validation energy MAE (per atom):    3.4 meV | validation forces RMSE:  104.3 meV/A | validation forces MAE:  53.67 meV/A
[2025-10-13 20:30:22][INFO] - Epoch:  834 | learning rate: 6.250e-06 | training loss: 7.850e-02 | training energy RMSE (per atom):    4.8 meV | training energy MAE (per atom):    3.2 meV | training forces RMSE:   83.1 meV/A | training forces MAE:  51.09 meV/A | validation loss: 1.005e-02 | validation energy RMSE (per atom):   15.1 meV | validation energy MAE (per atom):    3.5 meV | validation forces RMSE:  104.9 meV/A | validation forces MAE:  54.61 meV/A
[2025-10-13 20:31:00][INFO] - Epoch:  835 | learning rate: 6.250e-06 | training loss: 7.847e-02 | training energy RMSE (per atom):    4.9 meV | training energy MAE (per atom):    3.4 meV | training forces RMSE:   82.8 meV/A | training forces MAE:  50.83 meV/A | validation loss: 1.035e-02 | validation energy RMSE (per atom):   15.7 meV | validation energy MAE (per atom):    5.2 meV | validation forces RMSE:  104.8 meV/A | validation forces MAE:  54.43 meV/A
[2025-10-13 20:31:38][INFO] - Epoch:  836 | learning rate: 6.250e-06 | training loss: 7.757e-02 | training energy RMSE (per atom):    4.5 meV | training energy MAE (per atom):    3.1 meV | training forces RMSE:   82.8 meV/A | training forces MAE:  50.74 meV/A | validation loss: 9.799e-03 | validation energy RMSE (per atom):   14.7 meV | validation energy MAE (per atom):    3.2 meV | validation forces RMSE:  104.6 meV/A | validation forces MAE:  54.19 meV/A
[2025-10-13 20:32:15][INFO] - Epoch:  837 | learning rate: 6.250e-06 | training loss: 7.847e-02 | training energy RMSE (per atom):    4.6 meV | training energy MAE (per atom):    3.1 meV | training forces RMSE:   83.4 meV/A | training forces MAE:  51.03 meV/A | validation loss: 1.066e-02 | validation energy RMSE (per atom):   15.5 meV | validation energy MAE (per atom):    5.8 meV | validation forces RMSE:  109.8 meV/A | validation forces MAE:  58.09 meV/A
[2025-10-13 20:32:53][INFO] - Epoch:  838 | learning rate: 6.250e-06 | training loss: 7.972e-02 | training energy RMSE (per atom):    5.1 meV | training energy MAE (per atom):    3.6 meV | training forces RMSE:   83.7 meV/A | training forces MAE:  51.38 meV/A | validation loss: 9.664e-03 | validation energy RMSE (per atom):   14.5 meV | validation energy MAE (per atom):    3.5 meV | validation forces RMSE:  104.6 meV/A | validation forces MAE:  54.18 meV/A
[2025-10-13 20:33:32][INFO] - Epoch:  839 | learning rate: 6.250e-06 | training loss: 7.920e-02 | training energy RMSE (per atom):    5.1 meV | training energy MAE (per atom):    3.7 meV | training forces RMSE:   83.4 meV/A | training forces MAE:  51.37 meV/A | validation loss: 1.020e-02 | validation energy RMSE (per atom):   15.5 meV | validation energy MAE (per atom):    5.3 meV | validation forces RMSE:  104.5 meV/A | validation forces MAE:  53.99 meV/A
[2025-10-13 20:34:10][INFO] - Epoch:  840 | learning rate: 6.250e-06 | training loss: 7.744e-02 | training energy RMSE (per atom):    4.7 meV | training energy MAE (per atom):    3.2 meV | training forces RMSE:   82.7 meV/A | training forces MAE:  50.76 meV/A | validation loss: 9.863e-03 | validation energy RMSE (per atom):   14.5 meV | validation energy MAE (per atom):    3.6 meV | validation forces RMSE:  105.8 meV/A | validation forces MAE:  54.91 meV/A
[2025-10-13 20:34:48][INFO] - Epoch:  841 | learning rate: 6.250e-06 | training loss: 7.873e-02 | training energy RMSE (per atom):    4.9 meV | training energy MAE (per atom):    3.4 meV | training forces RMSE:   83.0 meV/A | training forces MAE:  51.06 meV/A | validation loss: 9.801e-03 | validation energy RMSE (per atom):   14.6 meV | validation energy MAE (per atom):    3.4 meV | validation forces RMSE:  105.2 meV/A | validation forces MAE:  54.87 meV/A
[2025-10-13 20:35:26][INFO] - Epoch:  842 | learning rate: 6.250e-06 | training loss: 7.725e-02 | training energy RMSE (per atom):    4.5 meV | training energy MAE (per atom):    3.1 meV | training forces RMSE:   82.6 meV/A | training forces MAE:  50.75 meV/A | validation loss: 9.954e-03 | validation energy RMSE (per atom):   14.8 meV | validation energy MAE (per atom):    3.1 meV | validation forces RMSE:  105.5 meV/A | validation forces MAE:  54.34 meV/A
[2025-10-13 20:36:04][INFO] - Epoch:  843 | learning rate: 6.250e-06 | training loss: 7.958e-02 | training energy RMSE (per atom):    4.5 meV | training energy MAE (per atom):    3.0 meV | training forces RMSE:   83.9 meV/A | training forces MAE:  51.67 meV/A | validation loss: 1.001e-02 | validation energy RMSE (per atom):   15.1 meV | validation energy MAE (per atom):    4.2 meV | validation forces RMSE:  104.8 meV/A | validation forces MAE:  53.58 meV/A
[2025-10-13 20:36:42][INFO] - Epoch:  844 | learning rate: 6.250e-06 | training loss: 7.793e-02 | training energy RMSE (per atom):    4.6 meV | training energy MAE (per atom):    3.1 meV | training forces RMSE:   83.0 meV/A | training forces MAE:  50.94 meV/A | validation loss: 1.009e-02 | validation energy RMSE (per atom):   15.1 meV | validation energy MAE (per atom):    4.0 meV | validation forces RMSE:  105.0 meV/A | validation forces MAE:  54.44 meV/A
[2025-10-13 20:37:20][INFO] - Epoch:  845 | learning rate: 6.250e-06 | training loss: 7.688e-02 | training energy RMSE (per atom):    4.9 meV | training energy MAE (per atom):    3.3 meV | training forces RMSE:   82.5 meV/A | training forces MAE:  50.70 meV/A | validation loss: 1.003e-02 | validation energy RMSE (per atom):   14.8 meV | validation energy MAE (per atom):    3.6 meV | validation forces RMSE:  106.2 meV/A | validation forces MAE:  54.93 meV/A
[2025-10-13 20:37:58][INFO] - Epoch:  846 | learning rate: 6.250e-06 | training loss: 8.005e-02 | training energy RMSE (per atom):    4.5 meV | training energy MAE (per atom):    3.0 meV | training forces RMSE:   84.2 meV/A | training forces MAE:  51.31 meV/A | validation loss: 1.001e-02 | validation energy RMSE (per atom):   14.9 meV | validation energy MAE (per atom):    3.6 meV | validation forces RMSE:  105.9 meV/A | validation forces MAE:  54.31 meV/A
[2025-10-13 20:38:37][INFO] - Epoch:  847 | learning rate: 6.250e-06 | training loss: 7.703e-02 | training energy RMSE (per atom):    4.6 meV | training energy MAE (per atom):    3.1 meV | training forces RMSE:   82.9 meV/A | training forces MAE:  50.70 meV/A | validation loss: 1.022e-02 | validation energy RMSE (per atom):   15.9 meV | validation energy MAE (per atom):    8.0 meV | validation forces RMSE:  104.5 meV/A | validation forces MAE:  54.12 meV/A
[2025-10-13 20:39:15][INFO] - Epoch:  848 | learning rate: 6.250e-06 | training loss: 7.680e-02 | training energy RMSE (per atom):    4.4 meV | training energy MAE (per atom):    2.8 meV | training forces RMSE:   82.8 meV/A | training forces MAE:  50.54 meV/A | validation loss: 9.746e-03 | validation energy RMSE (per atom):   14.6 meV | validation energy MAE (per atom):    3.0 meV | validation forces RMSE:  104.3 meV/A | validation forces MAE:  54.11 meV/A
[2025-10-13 20:39:53][INFO] - Epoch:  849 | learning rate: 6.250e-06 | training loss: 7.788e-02 | training energy RMSE (per atom):    4.7 meV | training energy MAE (per atom):    3.2 meV | training forces RMSE:   82.6 meV/A | training forces MAE:  50.71 meV/A | validation loss: 9.983e-03 | validation energy RMSE (per atom):   14.8 meV | validation energy MAE (per atom):    3.7 meV | validation forces RMSE:  105.8 meV/A | validation forces MAE:  54.84 meV/A
[2025-10-13 20:40:31][INFO] - Epoch:  850 | learning rate: 6.250e-06 | training loss: 7.767e-02 | training energy RMSE (per atom):    4.9 meV | training energy MAE (per atom):    3.4 meV | training forces RMSE:   82.8 meV/A | training forces MAE:  50.72 meV/A | validation loss: 9.885e-03 | validation energy RMSE (per atom):   14.9 meV | validation energy MAE (per atom):    3.7 meV | validation forces RMSE:  104.9 meV/A | validation forces MAE:  53.94 meV/A
[2025-10-13 20:41:09][INFO] - Epoch:  851 | learning rate: 6.250e-06 | training loss: 7.720e-02 | training energy RMSE (per atom):    4.6 meV | training energy MAE (per atom):    3.1 meV | training forces RMSE:   82.4 meV/A | training forces MAE:  50.81 meV/A | validation loss: 1.009e-02 | validation energy RMSE (per atom):   14.9 meV | validation energy MAE (per atom):    3.5 meV | validation forces RMSE:  106.4 meV/A | validation forces MAE:  54.67 meV/A
[2025-10-13 20:41:45][INFO] - Epoch:  852 | learning rate: 6.250e-06 | training loss: 7.684e-02 | training energy RMSE (per atom):    4.6 meV | training energy MAE (per atom):    3.0 meV | training forces RMSE:   82.1 meV/A | training forces MAE:  50.44 meV/A | validation loss: 1.001e-02 | validation energy RMSE (per atom):   15.2 meV | validation energy MAE (per atom):    4.0 meV | validation forces RMSE:  104.3 meV/A | validation forces MAE:  53.56 meV/A
[2025-10-13 20:42:23][INFO] - Epoch:  853 | learning rate: 6.250e-06 | training loss: 7.699e-02 | training energy RMSE (per atom):    4.7 meV | training energy MAE (per atom):    3.2 meV | training forces RMSE:   82.3 meV/A | training forces MAE:  50.60 meV/A | validation loss: 9.839e-03 | validation energy RMSE (per atom):   14.7 meV | validation energy MAE (per atom):    3.0 meV | validation forces RMSE:  105.4 meV/A | validation forces MAE:  54.00 meV/A
[2025-10-13 20:43:01][INFO] - Epoch:  854 | learning rate: 6.250e-06 | training loss: 7.621e-02 | training energy RMSE (per atom):    4.3 meV | training energy MAE (per atom):    2.8 meV | training forces RMSE:   82.6 meV/A | training forces MAE:  50.76 meV/A | validation loss: 9.510e-03 | validation energy RMSE (per atom):   14.1 meV | validation energy MAE (per atom):    3.3 meV | validation forces RMSE:  104.9 meV/A | validation forces MAE:  54.32 meV/A
[2025-10-13 20:43:38][INFO] - Epoch:  855 | learning rate: 6.250e-06 | training loss: 7.746e-02 | training energy RMSE (per atom):    4.7 meV | training energy MAE (per atom):    3.2 meV | training forces RMSE:   82.6 meV/A | training forces MAE:  50.71 meV/A | validation loss: 9.555e-03 | validation energy RMSE (per atom):   14.2 meV | validation energy MAE (per atom):    3.4 meV | validation forces RMSE:  105.0 meV/A | validation forces MAE:  54.60 meV/A
[2025-10-13 20:44:16][INFO] - Epoch:  856 | learning rate: 6.250e-06 | training loss: 7.631e-02 | training energy RMSE (per atom):    4.4 meV | training energy MAE (per atom):    2.8 meV | training forces RMSE:   82.4 meV/A | training forces MAE:  50.55 meV/A | validation loss: 9.920e-03 | validation energy RMSE (per atom):   14.9 meV | validation energy MAE (per atom):    3.5 meV | validation forces RMSE:  104.7 meV/A | validation forces MAE:  53.97 meV/A
[2025-10-13 20:44:54][INFO] - Epoch:  857 | learning rate: 6.250e-06 | training loss: 7.765e-02 | training energy RMSE (per atom):    4.7 meV | training energy MAE (per atom):    3.3 meV | training forces RMSE:   83.4 meV/A | training forces MAE:  51.05 meV/A | validation loss: 9.916e-03 | validation energy RMSE (per atom):   14.7 meV | validation energy MAE (per atom):    4.3 meV | validation forces RMSE:  105.7 meV/A | validation forces MAE:  55.42 meV/A
[2025-10-13 20:45:32][INFO] - Epoch:  858 | learning rate: 6.250e-06 | training loss: 7.949e-02 | training energy RMSE (per atom):    4.5 meV | training energy MAE (per atom):    3.0 meV | training forces RMSE:   83.7 meV/A | training forces MAE:  51.17 meV/A | validation loss: 9.785e-03 | validation energy RMSE (per atom):   14.4 meV | validation energy MAE (per atom):    3.3 meV | validation forces RMSE:  105.5 meV/A | validation forces MAE:  55.24 meV/A
[2025-10-13 20:46:10][INFO] - Epoch:  859 | learning rate: 6.250e-06 | training loss: 7.818e-02 | training energy RMSE (per atom):    4.6 meV | training energy MAE (per atom):    3.1 meV | training forces RMSE:   82.8 meV/A | training forces MAE:  50.70 meV/A | validation loss: 1.018e-02 | validation energy RMSE (per atom):   15.4 meV | validation energy MAE (per atom):    5.0 meV | validation forces RMSE:  105.6 meV/A | validation forces MAE:  53.89 meV/A
[2025-10-13 20:46:49][INFO] - Epoch:  860 | learning rate: 6.250e-06 | training loss: 8.007e-02 | training energy RMSE (per atom):    5.3 meV | training energy MAE (per atom):    3.8 meV | training forces RMSE:   82.9 meV/A | training forces MAE:  51.02 meV/A | validation loss: 9.967e-03 | validation energy RMSE (per atom):   14.7 meV | validation energy MAE (per atom):    3.4 meV | validation forces RMSE:  106.3 meV/A | validation forces MAE:  54.37 meV/A
[2025-10-13 20:47:27][INFO] - Epoch:  861 | learning rate: 6.250e-06 | training loss: 7.626e-02 | training energy RMSE (per atom):    4.6 meV | training energy MAE (per atom):    3.2 meV | training forces RMSE:   82.3 meV/A | training forces MAE:  50.40 meV/A | validation loss: 9.811e-03 | validation energy RMSE (per atom):   14.6 meV | validation energy MAE (per atom):    4.9 meV | validation forces RMSE:  106.1 meV/A | validation forces MAE:  54.25 meV/A
[2025-10-13 20:48:06][INFO] - Epoch:  862 | learning rate: 6.250e-06 | training loss: 7.848e-02 | training energy RMSE (per atom):    4.7 meV | training energy MAE (per atom):    3.1 meV | training forces RMSE:   82.9 meV/A | training forces MAE:  50.95 meV/A | validation loss: 9.731e-03 | validation energy RMSE (per atom):   14.3 meV | validation energy MAE (per atom):    3.4 meV | validation forces RMSE:  106.2 meV/A | validation forces MAE:  55.15 meV/A
[2025-10-13 20:48:43][INFO] - Epoch:  863 | learning rate: 6.250e-06 | training loss: 7.705e-02 | training energy RMSE (per atom):    4.3 meV | training energy MAE (per atom):    2.8 meV | training forces RMSE:   82.8 meV/A | training forces MAE:  50.80 meV/A | validation loss: 9.999e-03 | validation energy RMSE (per atom):   15.0 meV | validation energy MAE (per atom):    3.7 meV | validation forces RMSE:  105.6 meV/A | validation forces MAE:  54.27 meV/A
[2025-10-13 20:49:21][INFO] - Epoch:  864 | learning rate: 6.250e-06 | training loss: 7.726e-02 | training energy RMSE (per atom):    4.9 meV | training energy MAE (per atom):    3.4 meV | training forces RMSE:   82.5 meV/A | training forces MAE:  50.48 meV/A | validation loss: 1.056e-02 | validation energy RMSE (per atom):   15.9 meV | validation energy MAE (per atom):    6.5 meV | validation forces RMSE:  106.9 meV/A | validation forces MAE:  54.75 meV/A
[2025-10-13 20:49:59][INFO] - Epoch:  865 | learning rate: 6.250e-06 | training loss: 7.749e-02 | training energy RMSE (per atom):    4.8 meV | training energy MAE (per atom):    3.4 meV | training forces RMSE:   82.5 meV/A | training forces MAE:  50.69 meV/A | validation loss: 9.749e-03 | validation energy RMSE (per atom):   14.6 meV | validation energy MAE (per atom):    3.9 meV | validation forces RMSE:  105.2 meV/A | validation forces MAE:  53.87 meV/A
[2025-10-13 20:50:37][INFO] - Epoch:  866 | learning rate: 6.250e-06 | training loss: 7.567e-02 | training energy RMSE (per atom):    4.5 meV | training energy MAE (per atom):    3.0 meV | training forces RMSE:   81.9 meV/A | training forces MAE:  50.34 meV/A | validation loss: 1.025e-02 | validation energy RMSE (per atom):   15.4 meV | validation energy MAE (per atom):    3.9 meV | validation forces RMSE:  105.5 meV/A | validation forces MAE:  54.69 meV/A
[2025-10-13 20:51:15][INFO] - Epoch:  867 | learning rate: 6.250e-06 | training loss: 7.739e-02 | training energy RMSE (per atom):    4.5 meV | training energy MAE (per atom):    3.0 meV | training forces RMSE:   83.2 meV/A | training forces MAE:  51.19 meV/A | validation loss: 1.004e-02 | validation energy RMSE (per atom):   15.2 meV | validation energy MAE (per atom):    5.0 meV | validation forces RMSE:  105.0 meV/A | validation forces MAE:  53.57 meV/A
[2025-10-13 20:51:53][INFO] - Epoch:  868 | learning rate: 6.250e-06 | training loss: 7.924e-02 | training energy RMSE (per atom):    4.9 meV | training energy MAE (per atom):    3.3 meV | training forces RMSE:   83.3 meV/A | training forces MAE:  51.07 meV/A | validation loss: 9.823e-03 | validation energy RMSE (per atom):   14.4 meV | validation energy MAE (per atom):    3.2 meV | validation forces RMSE:  106.0 meV/A | validation forces MAE:  55.25 meV/A
[2025-10-13 20:52:32][INFO] - Epoch:  869 | learning rate: 6.250e-06 | training loss: 7.687e-02 | training energy RMSE (per atom):    4.5 meV | training energy MAE (per atom):    2.9 meV | training forces RMSE:   82.8 meV/A | training forces MAE:  50.75 meV/A | validation loss: 1.045e-02 | validation energy RMSE (per atom):   15.6 meV | validation energy MAE (per atom):    5.0 meV | validation forces RMSE:  106.0 meV/A | validation forces MAE:  54.30 meV/A
[2025-10-13 20:53:10][INFO] - Epoch:  870 | learning rate: 6.250e-06 | training loss: 7.717e-02 | training energy RMSE (per atom):    4.4 meV | training energy MAE (per atom):    2.8 meV | training forces RMSE:   83.6 meV/A | training forces MAE:  50.96 meV/A | validation loss: 9.636e-03 | validation energy RMSE (per atom):   14.4 meV | validation energy MAE (per atom):    4.0 meV | validation forces RMSE:  104.6 meV/A | validation forces MAE:  54.13 meV/A
[2025-10-13 20:53:47][INFO] - Epoch:  871 | learning rate: 6.250e-06 | training loss: 7.753e-02 | training energy RMSE (per atom):    4.8 meV | training energy MAE (per atom):    3.3 meV | training forces RMSE:   82.6 meV/A | training forces MAE:  50.75 meV/A | validation loss: 9.842e-03 | validation energy RMSE (per atom):   14.8 meV | validation energy MAE (per atom):    4.3 meV | validation forces RMSE:  104.6 meV/A | validation forces MAE:  53.86 meV/A
[2025-10-13 20:54:26][INFO] - Epoch:  872 | learning rate: 6.250e-06 | training loss: 7.705e-02 | training energy RMSE (per atom):    4.4 meV | training energy MAE (per atom):    2.9 meV | training forces RMSE:   82.7 meV/A | training forces MAE:  50.61 meV/A | validation loss: 1.010e-02 | validation energy RMSE (per atom):   14.8 meV | validation energy MAE (per atom):    4.0 meV | validation forces RMSE:  106.7 meV/A | validation forces MAE:  56.43 meV/A
[2025-10-13 20:55:03][INFO] - Epoch:  873 | learning rate: 6.250e-06 | training loss: 7.663e-02 | training energy RMSE (per atom):    4.4 meV | training energy MAE (per atom):    3.0 meV | training forces RMSE:   82.3 meV/A | training forces MAE:  50.65 meV/A | validation loss: 9.589e-03 | validation energy RMSE (per atom):   14.3 meV | validation energy MAE (per atom):    3.1 meV | validation forces RMSE:  104.8 meV/A | validation forces MAE:  54.15 meV/A
[2025-10-13 20:55:41][INFO] - Epoch:  874 | learning rate: 6.250e-06 | training loss: 7.632e-02 | training energy RMSE (per atom):    4.6 meV | training energy MAE (per atom):    3.2 meV | training forces RMSE:   82.3 meV/A | training forces MAE:  50.51 meV/A | validation loss: 9.687e-03 | validation energy RMSE (per atom):   14.5 meV | validation energy MAE (per atom):    3.2 meV | validation forces RMSE:  104.7 meV/A | validation forces MAE:  53.86 meV/A
[2025-10-13 20:56:20][INFO] - Epoch:  875 | learning rate: 6.250e-06 | training loss: 7.717e-02 | training energy RMSE (per atom):    4.6 meV | training energy MAE (per atom):    3.1 meV | training forces RMSE:   82.2 meV/A | training forces MAE:  50.74 meV/A | validation loss: 9.809e-03 | validation energy RMSE (per atom):   14.6 meV | validation energy MAE (per atom):    3.5 meV | validation forces RMSE:  105.3 meV/A | validation forces MAE:  54.58 meV/A
[2025-10-13 20:56:58][INFO] - Epoch:  876 | learning rate: 6.250e-06 | training loss: 7.815e-02 | training energy RMSE (per atom):    4.7 meV | training energy MAE (per atom):    3.2 meV | training forces RMSE:   83.2 meV/A | training forces MAE:  50.71 meV/A | validation loss: 9.509e-03 | validation energy RMSE (per atom):   14.4 meV | validation energy MAE (per atom):    3.1 meV | validation forces RMSE:  103.6 meV/A | validation forces MAE:  53.47 meV/A
[2025-10-13 20:57:35][INFO] - Epoch:  877 | learning rate: 6.250e-06 | training loss: 7.800e-02 | training energy RMSE (per atom):    4.6 meV | training energy MAE (per atom):    3.1 meV | training forces RMSE:   83.2 meV/A | training forces MAE:  50.74 meV/A | validation loss: 9.440e-03 | validation energy RMSE (per atom):   14.2 meV | validation energy MAE (per atom):    3.7 meV | validation forces RMSE:  103.9 meV/A | validation forces MAE:  54.28 meV/A
[2025-10-13 20:58:13][INFO] - Epoch:  878 | learning rate: 6.250e-06 | training loss: 7.608e-02 | training energy RMSE (per atom):    4.7 meV | training energy MAE (per atom):    3.2 meV | training forces RMSE:   82.0 meV/A | training forces MAE:  50.29 meV/A | validation loss: 9.629e-03 | validation energy RMSE (per atom):   14.5 meV | validation energy MAE (per atom):    3.2 meV | validation forces RMSE:  104.2 meV/A | validation forces MAE:  53.92 meV/A
[2025-10-13 20:58:50][INFO] - Epoch:  879 | learning rate: 6.250e-06 | training loss: 7.758e-02 | training energy RMSE (per atom):    4.4 meV | training energy MAE (per atom):    2.9 meV | training forces RMSE:   83.1 meV/A | training forces MAE:  51.06 meV/A | validation loss: 9.759e-03 | validation energy RMSE (per atom):   14.6 meV | validation energy MAE (per atom):    3.8 meV | validation forces RMSE:  104.9 meV/A | validation forces MAE:  54.24 meV/A
[2025-10-13 20:59:28][INFO] - Epoch:  880 | learning rate: 6.250e-06 | training loss: 7.705e-02 | training energy RMSE (per atom):    4.7 meV | training energy MAE (per atom):    3.0 meV | training forces RMSE:   82.1 meV/A | training forces MAE:  50.47 meV/A | validation loss: 9.889e-03 | validation energy RMSE (per atom):   14.9 meV | validation energy MAE (per atom):    3.3 meV | validation forces RMSE:  104.7 meV/A | validation forces MAE:  53.80 meV/A
[2025-10-13 21:00:07][INFO] - Epoch:  881 | learning rate: 6.250e-06 | training loss: 7.646e-02 | training energy RMSE (per atom):    4.5 meV | training energy MAE (per atom):    3.0 meV | training forces RMSE:   82.6 meV/A | training forces MAE:  50.76 meV/A | validation loss: 9.866e-03 | validation energy RMSE (per atom):   14.8 meV | validation energy MAE (per atom):    3.9 meV | validation forces RMSE:  105.0 meV/A | validation forces MAE:  54.44 meV/A
[2025-10-13 21:00:44][INFO] - Epoch:  882 | learning rate: 6.250e-06 | training loss: 7.727e-02 | training energy RMSE (per atom):    4.7 meV | training energy MAE (per atom):    3.1 meV | training forces RMSE:   82.7 meV/A | training forces MAE:  50.85 meV/A | validation loss: 9.991e-03 | validation energy RMSE (per atom):   14.9 meV | validation energy MAE (per atom):    3.8 meV | validation forces RMSE:  105.2 meV/A | validation forces MAE:  55.92 meV/A
[2025-10-13 21:01:22][INFO] - Epoch:  883 | learning rate: 6.250e-06 | training loss: 7.735e-02 | training energy RMSE (per atom):    5.1 meV | training energy MAE (per atom):    3.5 meV | training forces RMSE:   82.0 meV/A | training forces MAE:  50.43 meV/A | validation loss: 1.003e-02 | validation energy RMSE (per atom):   15.1 meV | validation energy MAE (per atom):    3.7 meV | validation forces RMSE:  105.2 meV/A | validation forces MAE:  54.41 meV/A
[2025-10-13 21:02:00][INFO] - Epoch:  884 | learning rate: 6.250e-06 | training loss: 7.509e-02 | training energy RMSE (per atom):    4.4 meV | training energy MAE (per atom):    3.0 meV | training forces RMSE:   82.1 meV/A | training forces MAE:  50.38 meV/A | validation loss: 1.049e-02 | validation energy RMSE (per atom):   15.7 meV | validation energy MAE (per atom):    5.5 meV | validation forces RMSE:  106.3 meV/A | validation forces MAE:  55.20 meV/A
[2025-10-13 21:02:38][INFO] - Epoch:  885 | learning rate: 6.250e-06 | training loss: 7.834e-02 | training energy RMSE (per atom):    4.9 meV | training energy MAE (per atom):    3.4 meV | training forces RMSE:   82.8 meV/A | training forces MAE:  50.64 meV/A | validation loss: 9.671e-03 | validation energy RMSE (per atom):   14.3 meV | validation energy MAE (per atom):    3.1 meV | validation forces RMSE:  106.1 meV/A | validation forces MAE:  53.93 meV/A
[2025-10-13 21:03:16][INFO] - Epoch:  886 | learning rate: 6.250e-06 | training loss: 7.594e-02 | training energy RMSE (per atom):    4.4 meV | training energy MAE (per atom):    2.9 meV | training forces RMSE:   82.2 meV/A | training forces MAE:  50.36 meV/A | validation loss: 9.821e-03 | validation energy RMSE (per atom):   14.6 meV | validation energy MAE (per atom):    3.2 meV | validation forces RMSE:  104.9 meV/A | validation forces MAE:  55.18 meV/A
[2025-10-13 21:03:54][INFO] - Epoch:  887 | learning rate: 6.250e-06 | training loss: 7.643e-02 | training energy RMSE (per atom):    4.4 meV | training energy MAE (per atom):    2.9 meV | training forces RMSE:   82.1 meV/A | training forces MAE:  50.44 meV/A | validation loss: 9.944e-03 | validation energy RMSE (per atom):   15.0 meV | validation energy MAE (per atom):    4.0 meV | validation forces RMSE:  104.2 meV/A | validation forces MAE:  54.51 meV/A
[2025-10-13 21:04:32][INFO] - Epoch:  888 | learning rate: 6.250e-06 | training loss: 7.528e-02 | training energy RMSE (per atom):    4.6 meV | training energy MAE (per atom):    3.0 meV | training forces RMSE:   81.9 meV/A | training forces MAE:  50.45 meV/A | validation loss: 9.651e-03 | validation energy RMSE (per atom):   14.6 meV | validation energy MAE (per atom):    3.8 meV | validation forces RMSE:  103.8 meV/A | validation forces MAE:  53.64 meV/A
[2025-10-13 21:05:10][INFO] - Epoch:  889 | learning rate: 6.250e-06 | training loss: 7.502e-02 | training energy RMSE (per atom):    4.4 meV | training energy MAE (per atom):    3.0 meV | training forces RMSE:   81.3 meV/A | training forces MAE:  49.97 meV/A | validation loss: 9.761e-03 | validation energy RMSE (per atom):   14.8 meV | validation energy MAE (per atom):    4.7 meV | validation forces RMSE:  104.5 meV/A | validation forces MAE:  53.69 meV/A
[2025-10-13 21:05:47][INFO] - Epoch:  890 | learning rate: 6.250e-06 | training loss: 7.458e-02 | training energy RMSE (per atom):    4.3 meV | training energy MAE (per atom):    2.8 meV | training forces RMSE:   81.9 meV/A | training forces MAE:  50.60 meV/A | validation loss: 9.762e-03 | validation energy RMSE (per atom):   14.7 meV | validation energy MAE (per atom):    3.7 meV | validation forces RMSE:  104.0 meV/A | validation forces MAE:  54.11 meV/A
[2025-10-13 21:06:25][INFO] - Epoch:  891 | learning rate: 6.250e-06 | training loss: 7.587e-02 | training energy RMSE (per atom):    4.6 meV | training energy MAE (per atom):    3.1 meV | training forces RMSE:   81.9 meV/A | training forces MAE:  50.36 meV/A | validation loss: 9.790e-03 | validation energy RMSE (per atom):   14.6 meV | validation energy MAE (per atom):    3.2 meV | validation forces RMSE:  104.9 meV/A | validation forces MAE:  53.97 meV/A
[2025-10-13 21:07:03][INFO] - Epoch:  892 | learning rate: 6.250e-06 | training loss: 7.501e-02 | training energy RMSE (per atom):    4.3 meV | training energy MAE (per atom):    2.8 meV | training forces RMSE:   81.6 meV/A | training forces MAE:  50.19 meV/A | validation loss: 9.808e-03 | validation energy RMSE (per atom):   14.7 meV | validation energy MAE (per atom):    3.8 meV | validation forces RMSE:  104.6 meV/A | validation forces MAE:  53.57 meV/A
[2025-10-13 21:07:41][INFO] - Epoch:  893 | learning rate: 6.250e-06 | training loss: 7.569e-02 | training energy RMSE (per atom):    4.4 meV | training energy MAE (per atom):    3.0 meV | training forces RMSE:   82.3 meV/A | training forces MAE:  50.57 meV/A | validation loss: 9.970e-03 | validation energy RMSE (per atom):   14.8 meV | validation energy MAE (per atom):    3.8 meV | validation forces RMSE:  105.5 meV/A | validation forces MAE:  54.45 meV/A
[2025-10-13 21:08:19][INFO] - Epoch:  894 | learning rate: 6.250e-06 | training loss: 7.881e-02 | training energy RMSE (per atom):    5.3 meV | training energy MAE (per atom):    3.8 meV | training forces RMSE:   82.5 meV/A | training forces MAE:  50.56 meV/A | validation loss: 1.021e-02 | validation energy RMSE (per atom):   15.2 meV | validation energy MAE (per atom):    4.2 meV | validation forces RMSE:  106.4 meV/A | validation forces MAE:  54.07 meV/A
[2025-10-13 21:08:57][INFO] - Epoch:  895 | learning rate: 6.250e-06 | training loss: 7.456e-02 | training energy RMSE (per atom):    4.6 meV | training energy MAE (per atom):    3.1 meV | training forces RMSE:   81.9 meV/A | training forces MAE:  50.31 meV/A | validation loss: 1.021e-02 | validation energy RMSE (per atom):   15.3 meV | validation energy MAE (per atom):    6.0 meV | validation forces RMSE:  106.9 meV/A | validation forces MAE:  54.67 meV/A
[2025-10-13 21:09:35][INFO] - Epoch:  896 | learning rate: 6.250e-06 | training loss: 7.468e-02 | training energy RMSE (per atom):    4.4 meV | training energy MAE (per atom):    3.0 meV | training forces RMSE:   81.7 meV/A | training forces MAE:  50.15 meV/A | validation loss: 9.679e-03 | validation energy RMSE (per atom):   14.6 meV | validation energy MAE (per atom):    4.7 meV | validation forces RMSE:  104.5 meV/A | validation forces MAE:  53.96 meV/A
[2025-10-13 21:10:13][INFO] - Epoch:  897 | learning rate: 6.250e-06 | training loss: 7.694e-02 | training energy RMSE (per atom):    4.6 meV | training energy MAE (per atom):    3.1 meV | training forces RMSE:   82.6 meV/A | training forces MAE:  50.47 meV/A | validation loss: 9.813e-03 | validation energy RMSE (per atom):   14.7 meV | validation energy MAE (per atom):    3.3 meV | validation forces RMSE:  105.0 meV/A | validation forces MAE:  53.43 meV/A
[2025-10-13 21:10:51][INFO] - Epoch:  898 | learning rate: 6.250e-06 | training loss: 7.604e-02 | training energy RMSE (per atom):    4.5 meV | training energy MAE (per atom):    3.1 meV | training forces RMSE:   81.8 meV/A | training forces MAE:  50.33 meV/A | validation loss: 9.459e-03 | validation energy RMSE (per atom):   14.1 meV | validation energy MAE (per atom):    3.3 meV | validation forces RMSE:  104.9 meV/A | validation forces MAE:  53.53 meV/A
[2025-10-13 21:11:29][INFO] - Epoch:  899 | learning rate: 6.250e-06 | training loss: 7.546e-02 | training energy RMSE (per atom):    4.7 meV | training energy MAE (per atom):    3.2 meV | training forces RMSE:   81.8 meV/A | training forces MAE:  50.50 meV/A | validation loss: 1.022e-02 | validation energy RMSE (per atom):   15.5 meV | validation energy MAE (per atom):    5.8 meV | validation forces RMSE:  105.5 meV/A | validation forces MAE:  53.65 meV/A
[2025-10-13 21:12:07][INFO] - Epoch:  900 | learning rate: 6.250e-06 | training loss: 7.564e-02 | training energy RMSE (per atom):    4.5 meV | training energy MAE (per atom):    3.1 meV | training forces RMSE:   81.8 meV/A | training forces MAE:  50.34 meV/A | validation loss: 9.961e-03 | validation energy RMSE (per atom):   14.9 meV | validation energy MAE (per atom):    3.7 meV | validation forces RMSE:  105.3 meV/A | validation forces MAE:  54.37 meV/A
[2025-10-13 21:12:45][INFO] - Epoch:  901 | learning rate: 6.250e-06 | training loss: 7.471e-02 | training energy RMSE (per atom):    4.4 meV | training energy MAE (per atom):    3.0 meV | training forces RMSE:   81.8 meV/A | training forces MAE:  50.29 meV/A | validation loss: 9.785e-03 | validation energy RMSE (per atom):   15.1 meV | validation energy MAE (per atom):    7.2 meV | validation forces RMSE:  104.4 meV/A | validation forces MAE:  53.79 meV/A
[2025-10-13 21:13:23][INFO] - Epoch:  902 | learning rate: 6.250e-06 | training loss: 7.489e-02 | training energy RMSE (per atom):    4.9 meV | training energy MAE (per atom):    3.5 meV | training forces RMSE:   81.3 meV/A | training forces MAE:  49.96 meV/A | validation loss: 9.865e-03 | validation energy RMSE (per atom):   15.0 meV | validation energy MAE (per atom):    5.4 meV | validation forces RMSE:  105.2 meV/A | validation forces MAE:  53.92 meV/A
[2025-10-13 21:14:01][INFO] - Epoch:  903 | learning rate: 6.250e-06 | training loss: 7.466e-02 | training energy RMSE (per atom):    4.4 meV | training energy MAE (per atom):    3.0 meV | training forces RMSE:   81.8 meV/A | training forces MAE:  50.39 meV/A | validation loss: 9.831e-03 | validation energy RMSE (per atom):   14.6 meV | validation energy MAE (per atom):    3.0 meV | validation forces RMSE:  105.5 meV/A | validation forces MAE:  53.96 meV/A
[2025-10-13 21:14:40][INFO] - Epoch:  904 | learning rate: 6.250e-06 | training loss: 7.609e-02 | training energy RMSE (per atom):    4.8 meV | training energy MAE (per atom):    3.4 meV | training forces RMSE:   81.7 meV/A | training forces MAE:  50.22 meV/A | validation loss: 1.017e-02 | validation energy RMSE (per atom):   15.6 meV | validation energy MAE (per atom):    7.5 meV | validation forces RMSE:  105.8 meV/A | validation forces MAE:  54.43 meV/A
[2025-10-13 21:15:17][INFO] - Epoch:  905 | learning rate: 6.250e-06 | training loss: 7.581e-02 | training energy RMSE (per atom):    5.1 meV | training energy MAE (per atom):    3.5 meV | training forces RMSE:   81.7 meV/A | training forces MAE:  50.25 meV/A | validation loss: 9.763e-03 | validation energy RMSE (per atom):   14.8 meV | validation energy MAE (per atom):    4.2 meV | validation forces RMSE:  104.2 meV/A | validation forces MAE:  53.52 meV/A
[2025-10-13 21:15:54][INFO] - Epoch:  906 | learning rate: 6.250e-06 | training loss: 7.575e-02 | training energy RMSE (per atom):    4.5 meV | training energy MAE (per atom):    3.1 meV | training forces RMSE:   81.6 meV/A | training forces MAE:  50.23 meV/A | validation loss: 9.657e-03 | validation energy RMSE (per atom):   14.4 meV | validation energy MAE (per atom):    3.1 meV | validation forces RMSE:  104.9 meV/A | validation forces MAE:  53.55 meV/A
[2025-10-13 21:16:33][INFO] - Epoch:  907 | learning rate: 6.250e-06 | training loss: 7.691e-02 | training energy RMSE (per atom):    4.6 meV | training energy MAE (per atom):    3.2 meV | training forces RMSE:   82.7 meV/A | training forces MAE:  50.54 meV/A | validation loss: 9.751e-03 | validation energy RMSE (per atom):   14.4 meV | validation energy MAE (per atom):    3.1 meV | validation forces RMSE:  105.7 meV/A | validation forces MAE:  55.08 meV/A
[2025-10-13 21:17:10][INFO] - Epoch:  908 | learning rate: 6.250e-06 | training loss: 7.542e-02 | training energy RMSE (per atom):    5.0 meV | training energy MAE (per atom):    3.2 meV | training forces RMSE:   81.7 meV/A | training forces MAE:  50.31 meV/A | validation loss: 9.972e-03 | validation energy RMSE (per atom):   15.3 meV | validation energy MAE (per atom):    5.6 meV | validation forces RMSE:  103.8 meV/A | validation forces MAE:  54.32 meV/A
[2025-10-13 21:17:48][INFO] - Epoch:  909 | learning rate: 6.250e-06 | training loss: 7.697e-02 | training energy RMSE (per atom):    5.1 meV | training energy MAE (per atom):    3.5 meV | training forces RMSE:   81.7 meV/A | training forces MAE:  50.25 meV/A | validation loss: 9.642e-03 | validation energy RMSE (per atom):   14.4 meV | validation energy MAE (per atom):    3.3 meV | validation forces RMSE:  104.8 meV/A | validation forces MAE:  53.77 meV/A
[2025-10-13 21:18:26][INFO] - Epoch:  910 | learning rate: 6.250e-06 | training loss: 7.890e-02 | training energy RMSE (per atom):    4.4 meV | training energy MAE (per atom):    3.1 meV | training forces RMSE:   83.5 meV/A | training forces MAE:  50.71 meV/A | validation loss: 9.818e-03 | validation energy RMSE (per atom):   14.6 meV | validation energy MAE (per atom):    3.8 meV | validation forces RMSE:  105.7 meV/A | validation forces MAE:  54.52 meV/A
[2025-10-13 21:19:04][INFO] - Epoch:  911 | learning rate: 6.250e-06 | training loss: 7.367e-02 | training energy RMSE (per atom):    4.5 meV | training energy MAE (per atom):    3.1 meV | training forces RMSE:   81.4 meV/A | training forces MAE:  49.90 meV/A | validation loss: 9.826e-03 | validation energy RMSE (per atom):   14.8 meV | validation energy MAE (per atom):    5.4 meV | validation forces RMSE:  105.7 meV/A | validation forces MAE:  53.66 meV/A
[2025-10-13 21:19:41][INFO] - Epoch:  912 | learning rate: 6.250e-06 | training loss: 7.605e-02 | training energy RMSE (per atom):    4.6 meV | training energy MAE (per atom):    3.1 meV | training forces RMSE:   81.7 meV/A | training forces MAE:  50.19 meV/A | validation loss: 9.733e-03 | validation energy RMSE (per atom):   14.5 meV | validation energy MAE (per atom):    3.5 meV | validation forces RMSE:  104.5 meV/A | validation forces MAE:  54.27 meV/A
[2025-10-13 21:20:19][INFO] - Epoch:  913 | learning rate: 6.250e-06 | training loss: 7.469e-02 | training energy RMSE (per atom):    4.4 meV | training energy MAE (per atom):    2.9 meV | training forces RMSE:   81.6 meV/A | training forces MAE:  50.24 meV/A | validation loss: 9.724e-03 | validation energy RMSE (per atom):   14.5 meV | validation energy MAE (per atom):    3.2 meV | validation forces RMSE:  105.5 meV/A | validation forces MAE:  54.12 meV/A
[2025-10-13 21:20:57][INFO] - Epoch:  914 | learning rate: 6.250e-06 | training loss: 7.621e-02 | training energy RMSE (per atom):    4.5 meV | training energy MAE (per atom):    3.0 meV | training forces RMSE:   82.3 meV/A | training forces MAE:  50.51 meV/A | validation loss: 9.660e-03 | validation energy RMSE (per atom):   14.3 meV | validation energy MAE (per atom):    3.5 meV | validation forces RMSE:  105.3 meV/A | validation forces MAE:  54.15 meV/A
[2025-10-13 21:21:35][INFO] - Epoch:  915 | learning rate: 6.250e-06 | training loss: 7.602e-02 | training energy RMSE (per atom):    4.2 meV | training energy MAE (per atom):    2.8 meV | training forces RMSE:   82.4 meV/A | training forces MAE:  50.37 meV/A | validation loss: 1.007e-02 | validation energy RMSE (per atom):   14.7 meV | validation energy MAE (per atom):    3.5 meV | validation forces RMSE:  107.5 meV/A | validation forces MAE:  56.20 meV/A
[2025-10-13 21:22:13][INFO] - Epoch:  916 | learning rate: 6.250e-06 | training loss: 7.920e-02 | training energy RMSE (per atom):    4.9 meV | training energy MAE (per atom):    3.4 meV | training forces RMSE:   83.3 meV/A | training forces MAE:  51.52 meV/A | validation loss: 9.902e-03 | validation energy RMSE (per atom):   14.8 meV | validation energy MAE (per atom):    3.5 meV | validation forces RMSE:  105.2 meV/A | validation forces MAE:  54.58 meV/A
[2025-10-13 21:22:51][INFO] - Epoch:  917 | learning rate: 6.250e-06 | training loss: 7.352e-02 | training energy RMSE (per atom):    4.4 meV | training energy MAE (per atom):    3.0 meV | training forces RMSE:   80.9 meV/A | training forces MAE:  49.85 meV/A | validation loss: 9.655e-03 | validation energy RMSE (per atom):   14.5 meV | validation energy MAE (per atom):    3.3 meV | validation forces RMSE:  104.8 meV/A | validation forces MAE:  53.41 meV/A
[2025-10-13 21:23:28][INFO] - Epoch:  918 | learning rate: 6.250e-06 | training loss: 7.346e-02 | training energy RMSE (per atom):    4.3 meV | training energy MAE (per atom):    2.8 meV | training forces RMSE:   81.1 meV/A | training forces MAE:  49.87 meV/A | validation loss: 9.696e-03 | validation energy RMSE (per atom):   14.5 meV | validation energy MAE (per atom):    3.5 meV | validation forces RMSE:  104.8 meV/A | validation forces MAE:  53.92 meV/A
[2025-10-13 21:24:07][INFO] - Epoch:  919 | learning rate: 6.250e-06 | training loss: 7.278e-02 | training energy RMSE (per atom):    4.2 meV | training energy MAE (per atom):    2.8 meV | training forces RMSE:   81.0 meV/A | training forces MAE:  49.98 meV/A | validation loss: 9.834e-03 | validation energy RMSE (per atom):   14.9 meV | validation energy MAE (per atom):    5.0 meV | validation forces RMSE:  104.7 meV/A | validation forces MAE:  54.23 meV/A
[2025-10-13 21:24:45][INFO] - Epoch:  920 | learning rate: 6.250e-06 | training loss: 7.385e-02 | training energy RMSE (per atom):    4.4 meV | training energy MAE (per atom):    2.9 meV | training forces RMSE:   81.1 meV/A | training forces MAE:  49.98 meV/A | validation loss: 9.855e-03 | validation energy RMSE (per atom):   14.7 meV | validation energy MAE (per atom):    3.1 meV | validation forces RMSE:  105.6 meV/A | validation forces MAE:  54.68 meV/A
[2025-10-13 21:25:23][INFO] - Epoch:  921 | learning rate: 6.250e-06 | training loss: 7.408e-02 | training energy RMSE (per atom):    4.5 meV | training energy MAE (per atom):    3.1 meV | training forces RMSE:   81.1 meV/A | training forces MAE:  49.92 meV/A | validation loss: 1.008e-02 | validation energy RMSE (per atom):   15.4 meV | validation energy MAE (per atom):    5.6 meV | validation forces RMSE:  105.0 meV/A | validation forces MAE:  53.70 meV/A
[2025-10-13 21:26:00][INFO] - Epoch:  922 | learning rate: 6.250e-06 | training loss: 7.515e-02 | training energy RMSE (per atom):    4.7 meV | training energy MAE (per atom):    3.2 meV | training forces RMSE:   81.2 meV/A | training forces MAE:  50.14 meV/A | validation loss: 1.001e-02 | validation energy RMSE (per atom):   14.9 meV | validation energy MAE (per atom):    3.1 meV | validation forces RMSE:  105.9 meV/A | validation forces MAE:  54.27 meV/A
[2025-10-13 21:26:38][INFO] - Epoch:  923 | learning rate: 6.250e-06 | training loss: 7.539e-02 | training energy RMSE (per atom):    5.0 meV | training energy MAE (per atom):    3.6 meV | training forces RMSE:   81.4 meV/A | training forces MAE:  50.45 meV/A | validation loss: 9.806e-03 | validation energy RMSE (per atom):   14.9 meV | validation energy MAE (per atom):    4.3 meV | validation forces RMSE:  104.2 meV/A | validation forces MAE:  53.29 meV/A
[2025-10-13 21:27:16][INFO] - Epoch:  924 | learning rate: 6.250e-06 | training loss: 7.430e-02 | training energy RMSE (per atom):    4.7 meV | training energy MAE (per atom):    3.2 meV | training forces RMSE:   81.2 meV/A | training forces MAE:  50.12 meV/A | validation loss: 1.008e-02 | validation energy RMSE (per atom):   15.3 meV | validation energy MAE (per atom):    5.1 meV | validation forces RMSE:  105.1 meV/A | validation forces MAE:  53.99 meV/A
[2025-10-13 21:27:54][INFO] - Epoch:  925 | learning rate: 6.250e-06 | training loss: 7.451e-02 | training energy RMSE (per atom):    4.8 meV | training energy MAE (per atom):    3.4 meV | training forces RMSE:   81.2 meV/A | training forces MAE:  50.07 meV/A | validation loss: 9.666e-03 | validation energy RMSE (per atom):   14.6 meV | validation energy MAE (per atom):    4.1 meV | validation forces RMSE:  104.1 meV/A | validation forces MAE:  53.14 meV/A
[2025-10-13 21:28:31][INFO] - Epoch:  926 | learning rate: 6.250e-06 | training loss: 7.498e-02 | training energy RMSE (per atom):    4.8 meV | training energy MAE (per atom):    3.3 meV | training forces RMSE:   81.2 meV/A | training forces MAE:  49.89 meV/A | validation loss: 9.788e-03 | validation energy RMSE (per atom):   15.1 meV | validation energy MAE (per atom):    6.0 meV | validation forces RMSE:  103.7 meV/A | validation forces MAE:  53.20 meV/A
[2025-10-13 21:29:09][INFO] - Epoch:  927 | learning rate: 6.250e-06 | training loss: 7.509e-02 | training energy RMSE (per atom):    4.4 meV | training energy MAE (per atom):    3.0 meV | training forces RMSE:   82.0 meV/A | training forces MAE:  50.12 meV/A | validation loss: 9.624e-03 | validation energy RMSE (per atom):   14.4 meV | validation energy MAE (per atom):    3.5 meV | validation forces RMSE:  104.9 meV/A | validation forces MAE:  54.29 meV/A
[2025-10-13 21:29:47][INFO] - Epoch:  928 | learning rate: 6.250e-06 | training loss: 7.476e-02 | training energy RMSE (per atom):    4.4 meV | training energy MAE (per atom):    3.0 meV | training forces RMSE:   81.6 meV/A | training forces MAE:  50.15 meV/A | validation loss: 9.866e-03 | validation energy RMSE (per atom):   14.8 meV | validation energy MAE (per atom):    3.1 meV | validation forces RMSE:  104.9 meV/A | validation forces MAE:  53.54 meV/A
[2025-10-13 21:30:24][INFO] - Epoch:  929 | learning rate: 6.250e-06 | training loss: 7.519e-02 | training energy RMSE (per atom):    4.5 meV | training energy MAE (per atom):    3.2 meV | training forces RMSE:   81.5 meV/A | training forces MAE:  50.23 meV/A | validation loss: 9.638e-03 | validation energy RMSE (per atom):   14.6 meV | validation energy MAE (per atom):    5.1 meV | validation forces RMSE:  105.0 meV/A | validation forces MAE:  54.05 meV/A
[2025-10-13 21:31:02][INFO] - Epoch:  930 | learning rate: 6.250e-06 | training loss: 7.391e-02 | training energy RMSE (per atom):    4.5 meV | training energy MAE (per atom):    3.0 meV | training forces RMSE:   81.0 meV/A | training forces MAE:  49.99 meV/A | validation loss: 9.810e-03 | validation energy RMSE (per atom):   14.7 meV | validation energy MAE (per atom):    4.4 meV | validation forces RMSE:  105.3 meV/A | validation forces MAE:  54.31 meV/A
[2025-10-13 21:31:39][INFO] - Epoch:  931 | learning rate: 6.250e-06 | training loss: 7.355e-02 | training energy RMSE (per atom):    4.2 meV | training energy MAE (per atom):    2.8 meV | training forces RMSE:   81.1 meV/A | training forces MAE:  49.87 meV/A | validation loss: 1.028e-02 | validation energy RMSE (per atom):   15.2 meV | validation energy MAE (per atom):    3.8 meV | validation forces RMSE:  106.6 meV/A | validation forces MAE:  55.26 meV/A
[2025-10-13 21:32:18][INFO] - Epoch:  932 | learning rate: 6.250e-06 | training loss: 7.465e-02 | training energy RMSE (per atom):    4.5 meV | training energy MAE (per atom):    3.1 meV | training forces RMSE:   81.1 meV/A | training forces MAE:  49.90 meV/A | validation loss: 9.621e-03 | validation energy RMSE (per atom):   14.6 meV | validation energy MAE (per atom):    4.1 meV | validation forces RMSE:  103.7 meV/A | validation forces MAE:  53.11 meV/A
[2025-10-13 21:32:56][INFO] - Epoch:  933 | learning rate: 6.250e-06 | training loss: 7.439e-02 | training energy RMSE (per atom):    4.3 meV | training energy MAE (per atom):    2.9 meV | training forces RMSE:   81.2 meV/A | training forces MAE:  49.91 meV/A | validation loss: 1.004e-02 | validation energy RMSE (per atom):   15.3 meV | validation energy MAE (per atom):    4.6 meV | validation forces RMSE:  104.1 meV/A | validation forces MAE:  53.28 meV/A
[2025-10-13 21:33:34][INFO] - Epoch:  934 | learning rate: 6.250e-06 | training loss: 7.423e-02 | training energy RMSE (per atom):    4.5 meV | training energy MAE (per atom):    3.0 meV | training forces RMSE:   81.0 meV/A | training forces MAE:  49.94 meV/A | validation loss: 1.009e-02 | validation energy RMSE (per atom):   15.6 meV | validation energy MAE (per atom):    5.7 meV | validation forces RMSE:  103.2 meV/A | validation forces MAE:  53.35 meV/A
[2025-10-13 21:34:12][INFO] - Epoch:  935 | learning rate: 6.250e-06 | training loss: 7.467e-02 | training energy RMSE (per atom):    4.9 meV | training energy MAE (per atom):    3.5 meV | training forces RMSE:   80.8 meV/A | training forces MAE:  49.79 meV/A | validation loss: 9.772e-03 | validation energy RMSE (per atom):   14.8 meV | validation energy MAE (per atom):    4.2 meV | validation forces RMSE:  104.5 meV/A | validation forces MAE:  53.76 meV/A
[2025-10-13 21:34:50][INFO] - Epoch:  936 | learning rate: 6.250e-06 | training loss: 7.436e-02 | training energy RMSE (per atom):    4.5 meV | training energy MAE (per atom):    2.9 meV | training forces RMSE:   81.3 meV/A | training forces MAE:  50.08 meV/A | validation loss: 1.015e-02 | validation energy RMSE (per atom):   15.3 meV | validation energy MAE (per atom):    3.5 meV | validation forces RMSE:  105.0 meV/A | validation forces MAE:  54.00 meV/A
[2025-10-13 21:35:27][INFO] - Epoch:  937 | learning rate: 6.250e-06 | training loss: 7.427e-02 | training energy RMSE (per atom):    4.4 meV | training energy MAE (per atom):    2.9 meV | training forces RMSE:   81.5 meV/A | training forces MAE:  50.16 meV/A | validation loss: 1.025e-02 | validation energy RMSE (per atom):   15.5 meV | validation energy MAE (per atom):    4.8 meV | validation forces RMSE:  104.9 meV/A | validation forces MAE:  54.07 meV/A
[2025-10-13 21:36:05][INFO] - Epoch:  938 | learning rate: 6.250e-06 | training loss: 7.288e-02 | training energy RMSE (per atom):    4.5 meV | training energy MAE (per atom):    3.1 meV | training forces RMSE:   80.7 meV/A | training forces MAE:  49.82 meV/A | validation loss: 9.966e-03 | validation energy RMSE (per atom):   15.0 meV | validation energy MAE (per atom):    5.1 meV | validation forces RMSE:  106.2 meV/A | validation forces MAE:  53.93 meV/A
[2025-10-13 21:36:42][INFO] - Epoch:  939 | learning rate: 6.250e-06 | training loss: 7.474e-02 | training energy RMSE (per atom):    4.9 meV | training energy MAE (per atom):    3.4 meV | training forces RMSE:   81.1 meV/A | training forces MAE:  50.01 meV/A | validation loss: 9.610e-03 | validation energy RMSE (per atom):   14.4 meV | validation energy MAE (per atom):    3.1 meV | validation forces RMSE:  104.8 meV/A | validation forces MAE:  53.53 meV/A
[2025-10-13 21:37:21][INFO] - Epoch:  940 | learning rate: 6.250e-06 | training loss: 7.473e-02 | training energy RMSE (per atom):    4.6 meV | training energy MAE (per atom):    3.1 meV | training forces RMSE:   81.4 meV/A | training forces MAE:  49.93 meV/A | validation loss: 9.734e-03 | validation energy RMSE (per atom):   14.8 meV | validation energy MAE (per atom):    3.0 meV | validation forces RMSE:  103.5 meV/A | validation forces MAE:  53.16 meV/A
[2025-10-13 21:37:59][INFO] - Epoch:  941 | learning rate: 6.250e-06 | training loss: 7.375e-02 | training energy RMSE (per atom):    4.4 meV | training energy MAE (per atom):    2.9 meV | training forces RMSE:   81.1 meV/A | training forces MAE:  49.79 meV/A | validation loss: 9.672e-03 | validation energy RMSE (per atom):   14.5 meV | validation energy MAE (per atom):    3.3 meV | validation forces RMSE:  105.1 meV/A | validation forces MAE:  53.95 meV/A
[2025-10-13 21:38:37][INFO] - Epoch:  942 | learning rate: 6.250e-06 | training loss: 7.433e-02 | training energy RMSE (per atom):    4.4 meV | training energy MAE (per atom):    2.9 meV | training forces RMSE:   81.5 meV/A | training forces MAE:  50.04 meV/A | validation loss: 1.002e-02 | validation energy RMSE (per atom):   15.2 meV | validation energy MAE (per atom):    3.9 meV | validation forces RMSE:  104.9 meV/A | validation forces MAE:  53.40 meV/A
[2025-10-13 21:39:14][INFO] - Epoch:  943 | learning rate: 6.250e-06 | training loss: 7.316e-02 | training energy RMSE (per atom):    4.6 meV | training energy MAE (per atom):    3.2 meV | training forces RMSE:   80.8 meV/A | training forces MAE:  49.70 meV/A | validation loss: 1.063e-02 | validation energy RMSE (per atom):   16.5 meV | validation energy MAE (per atom):    7.6 meV | validation forces RMSE:  104.4 meV/A | validation forces MAE:  53.54 meV/A
[2025-10-13 21:39:52][INFO] - Epoch:  944 | learning rate: 6.250e-06 | training loss: 7.599e-02 | training energy RMSE (per atom):    4.9 meV | training energy MAE (per atom):    3.3 meV | training forces RMSE:   81.3 meV/A | training forces MAE:  50.15 meV/A | validation loss: 9.672e-03 | validation energy RMSE (per atom):   14.5 meV | validation energy MAE (per atom):    4.4 meV | validation forces RMSE:  105.0 meV/A | validation forces MAE:  53.59 meV/A
[2025-10-13 21:40:31][INFO] - Epoch:  945 | learning rate: 6.250e-06 | training loss: 7.446e-02 | training energy RMSE (per atom):    4.7 meV | training energy MAE (per atom):    3.1 meV | training forces RMSE:   81.5 meV/A | training forces MAE:  50.33 meV/A | validation loss: 9.989e-03 | validation energy RMSE (per atom):   15.1 meV | validation energy MAE (per atom):    5.1 meV | validation forces RMSE:  105.7 meV/A | validation forces MAE:  55.33 meV/A
[2025-10-13 21:41:09][INFO] - Epoch:  946 | learning rate: 6.250e-06 | training loss: 7.445e-02 | training energy RMSE (per atom):    4.5 meV | training energy MAE (per atom):    3.0 meV | training forces RMSE:   81.6 meV/A | training forces MAE:  50.21 meV/A | validation loss: 1.021e-02 | validation energy RMSE (per atom):   15.5 meV | validation energy MAE (per atom):    5.2 meV | validation forces RMSE:  105.1 meV/A | validation forces MAE:  54.53 meV/A
[2025-10-13 21:41:47][INFO] - Epoch:  947 | learning rate: 6.250e-06 | training loss: 7.298e-02 | training energy RMSE (per atom):    4.5 meV | training energy MAE (per atom):    2.8 meV | training forces RMSE:   80.7 meV/A | training forces MAE:  49.88 meV/A | validation loss: 9.893e-03 | validation energy RMSE (per atom):   14.9 meV | validation energy MAE (per atom):    4.4 meV | validation forces RMSE:  105.1 meV/A | validation forces MAE:  54.10 meV/A
[2025-10-13 21:42:26][INFO] - Epoch:  948 | learning rate: 6.250e-06 | training loss: 7.347e-02 | training energy RMSE (per atom):    4.6 meV | training energy MAE (per atom):    3.2 meV | training forces RMSE:   80.2 meV/A | training forces MAE:  49.55 meV/A | validation loss: 9.726e-03 | validation energy RMSE (per atom):   14.8 meV | validation energy MAE (per atom):    5.1 meV | validation forces RMSE:  104.2 meV/A | validation forces MAE:  53.97 meV/A
[2025-10-13 21:43:04][INFO] - Epoch:  949 | learning rate: 6.250e-06 | training loss: 7.701e-02 | training energy RMSE (per atom):    4.4 meV | training energy MAE (per atom):    2.9 meV | training forces RMSE:   82.9 meV/A | training forces MAE:  50.98 meV/A | validation loss: 9.834e-03 | validation energy RMSE (per atom):   15.1 meV | validation energy MAE (per atom):    4.0 meV | validation forces RMSE:  103.3 meV/A | validation forces MAE:  52.96 meV/A
[2025-10-13 21:43:42][INFO] - Epoch:  950 | learning rate: 6.250e-06 | training loss: 7.285e-02 | training energy RMSE (per atom):    4.4 meV | training energy MAE (per atom):    3.0 meV | training forces RMSE:   80.7 meV/A | training forces MAE:  49.72 meV/A | validation loss: 9.443e-03 | validation energy RMSE (per atom):   14.1 meV | validation energy MAE (per atom):    3.3 meV | validation forces RMSE:  105.0 meV/A | validation forces MAE:  54.33 meV/A
[2025-10-13 21:44:20][INFO] - Epoch:  951 | learning rate: 6.250e-06 | training loss: 7.590e-02 | training energy RMSE (per atom):    4.4 meV | training energy MAE (per atom):    2.8 meV | training forces RMSE:   81.7 meV/A | training forces MAE:  50.19 meV/A | validation loss: 9.892e-03 | validation energy RMSE (per atom):   14.7 meV | validation energy MAE (per atom):    4.4 meV | validation forces RMSE:  105.7 meV/A | validation forces MAE:  55.02 meV/A
[2025-10-13 21:44:58][INFO] - Epoch:  952 | learning rate: 6.250e-06 | training loss: 7.377e-02 | training energy RMSE (per atom):    4.5 meV | training energy MAE (per atom):    3.1 meV | training forces RMSE:   81.2 meV/A | training forces MAE:  50.20 meV/A | validation loss: 9.596e-03 | validation energy RMSE (per atom):   14.5 meV | validation energy MAE (per atom):    5.2 meV | validation forces RMSE:  104.7 meV/A | validation forces MAE:  54.06 meV/A
[2025-10-13 21:45:36][INFO] - Epoch:  953 | learning rate: 6.250e-06 | training loss: 7.455e-02 | training energy RMSE (per atom):    4.6 meV | training energy MAE (per atom):    3.2 meV | training forces RMSE:   81.2 meV/A | training forces MAE:  50.07 meV/A | validation loss: 9.888e-03 | validation energy RMSE (per atom):   14.9 meV | validation energy MAE (per atom):    4.2 meV | validation forces RMSE:  104.8 meV/A | validation forces MAE:  54.15 meV/A
[2025-10-13 21:46:14][INFO] - Epoch:  954 | learning rate: 6.250e-06 | training loss: 7.361e-02 | training energy RMSE (per atom):    4.4 meV | training energy MAE (per atom):    3.1 meV | training forces RMSE:   81.1 meV/A | training forces MAE:  49.68 meV/A | validation loss: 9.818e-03 | validation energy RMSE (per atom):   14.8 meV | validation energy MAE (per atom):    3.3 meV | validation forces RMSE:  105.1 meV/A | validation forces MAE:  53.29 meV/A
[2025-10-13 21:46:52][INFO] - Epoch:  955 | learning rate: 6.250e-06 | training loss: 7.616e-02 | training energy RMSE (per atom):    4.5 meV | training energy MAE (per atom):    3.0 meV | training forces RMSE:   82.3 meV/A | training forces MAE:  50.07 meV/A | validation loss: 9.970e-03 | validation energy RMSE (per atom):   15.3 meV | validation energy MAE (per atom):    5.4 meV | validation forces RMSE:  104.4 meV/A | validation forces MAE:  53.27 meV/A
[2025-10-13 21:47:30][INFO] - Epoch:  956 | learning rate: 6.250e-06 | training loss: 7.319e-02 | training energy RMSE (per atom):    4.6 meV | training energy MAE (per atom):    3.2 meV | training forces RMSE:   80.8 meV/A | training forces MAE:  49.81 meV/A | validation loss: 1.003e-02 | validation energy RMSE (per atom):   15.2 meV | validation energy MAE (per atom):    3.7 meV | validation forces RMSE:  104.0 meV/A | validation forces MAE:  53.87 meV/A
[2025-10-13 21:48:08][INFO] - Epoch:  957 | learning rate: 6.250e-06 | training loss: 7.398e-02 | training energy RMSE (per atom):    4.4 meV | training energy MAE (per atom):    3.0 meV | training forces RMSE:   81.0 meV/A | training forces MAE:  49.94 meV/A | validation loss: 9.959e-03 | validation energy RMSE (per atom):   15.0 meV | validation energy MAE (per atom):    3.4 meV | validation forces RMSE:  104.8 meV/A | validation forces MAE:  53.68 meV/A
[2025-10-13 21:48:46][INFO] - Epoch:  958 | learning rate: 6.250e-06 | training loss: 7.358e-02 | training energy RMSE (per atom):    4.4 meV | training energy MAE (per atom):    3.0 meV | training forces RMSE:   80.6 meV/A | training forces MAE:  49.63 meV/A | validation loss: 9.900e-03 | validation energy RMSE (per atom):   15.0 meV | validation energy MAE (per atom):    3.6 meV | validation forces RMSE:  104.4 meV/A | validation forces MAE:  53.29 meV/A
[2025-10-13 21:49:24][INFO] - Epoch:  959 | learning rate: 6.250e-06 | training loss: 7.425e-02 | training energy RMSE (per atom):    5.0 meV | training energy MAE (per atom):    3.5 meV | training forces RMSE:   80.9 meV/A | training forces MAE:  49.93 meV/A | validation loss: 9.991e-03 | validation energy RMSE (per atom):   14.7 meV | validation energy MAE (per atom):    3.9 meV | validation forces RMSE:  107.5 meV/A | validation forces MAE:  54.78 meV/A
[2025-10-13 21:50:02][INFO] - Epoch:  960 | learning rate: 6.250e-06 | training loss: 7.280e-02 | training energy RMSE (per atom):    4.4 meV | training energy MAE (per atom):    3.0 meV | training forces RMSE:   80.4 meV/A | training forces MAE:  49.56 meV/A | validation loss: 9.970e-03 | validation energy RMSE (per atom):   15.4 meV | validation energy MAE (per atom):    6.8 meV | validation forces RMSE:  105.2 meV/A | validation forces MAE:  53.54 meV/A
[2025-10-13 21:50:40][INFO] - Epoch:  961 | learning rate: 6.250e-06 | training loss: 7.599e-02 | training energy RMSE (per atom):    4.7 meV | training energy MAE (per atom):    3.3 meV | training forces RMSE:   81.6 meV/A | training forces MAE:  50.43 meV/A | validation loss: 1.009e-02 | validation energy RMSE (per atom):   15.3 meV | validation energy MAE (per atom):    5.3 meV | validation forces RMSE:  105.1 meV/A | validation forces MAE:  53.44 meV/A
[2025-10-13 21:51:18][INFO] - Epoch:  962 | learning rate: 6.250e-06 | training loss: 7.277e-02 | training energy RMSE (per atom):    4.5 meV | training energy MAE (per atom):    3.0 meV | training forces RMSE:   80.1 meV/A | training forces MAE:  49.58 meV/A | validation loss: 9.810e-03 | validation energy RMSE (per atom):   14.8 meV | validation energy MAE (per atom):    3.5 meV | validation forces RMSE:  104.4 meV/A | validation forces MAE:  53.42 meV/A
[2025-10-13 21:51:56][INFO] - Epoch:  963 | learning rate: 6.250e-06 | training loss: 7.258e-02 | training energy RMSE (per atom):    4.4 meV | training energy MAE (per atom):    3.0 meV | training forces RMSE:   80.6 meV/A | training forces MAE:  49.61 meV/A | validation loss: 9.855e-03 | validation energy RMSE (per atom):   15.0 meV | validation energy MAE (per atom):    3.6 meV | validation forces RMSE:  103.9 meV/A | validation forces MAE:  53.74 meV/A
[2025-10-13 21:52:34][INFO] - Epoch:  964 | learning rate: 6.250e-06 | training loss: 7.335e-02 | training energy RMSE (per atom):    4.5 meV | training energy MAE (per atom):    3.2 meV | training forces RMSE:   80.8 meV/A | training forces MAE:  49.63 meV/A | validation loss: 9.684e-03 | validation energy RMSE (per atom):   14.6 meV | validation energy MAE (per atom):    3.4 meV | validation forces RMSE:  104.5 meV/A | validation forces MAE:  53.14 meV/A
[2025-10-13 21:53:13][INFO] - Epoch:  965 | learning rate: 6.250e-06 | training loss: 7.302e-02 | training energy RMSE (per atom):    4.2 meV | training energy MAE (per atom):    2.7 meV | training forces RMSE:   80.7 meV/A | training forces MAE:  49.69 meV/A | validation loss: 9.846e-03 | validation energy RMSE (per atom):   15.2 meV | validation energy MAE (per atom):    5.3 meV | validation forces RMSE:  103.7 meV/A | validation forces MAE:  53.11 meV/A
[2025-10-13 21:53:51][INFO] - Epoch:  966 | learning rate: 6.250e-06 | training loss: 7.288e-02 | training energy RMSE (per atom):    4.4 meV | training energy MAE (per atom):    3.0 meV | training forces RMSE:   80.4 meV/A | training forces MAE:  49.73 meV/A | validation loss: 9.719e-03 | validation energy RMSE (per atom):   14.6 meV | validation energy MAE (per atom):    3.0 meV | validation forces RMSE:  104.8 meV/A | validation forces MAE:  53.32 meV/A
[2025-10-13 21:54:29][INFO] - Epoch:  967 | learning rate: 6.250e-06 | training loss: 7.304e-02 | training energy RMSE (per atom):    4.5 meV | training energy MAE (per atom):    3.1 meV | training forces RMSE:   80.6 meV/A | training forces MAE:  49.77 meV/A | validation loss: 9.719e-03 | validation energy RMSE (per atom):   14.8 meV | validation energy MAE (per atom):    3.2 meV | validation forces RMSE:  103.7 meV/A | validation forces MAE:  52.62 meV/A
[2025-10-13 21:55:07][INFO] - Epoch:  968 | learning rate: 6.250e-06 | training loss: 7.241e-02 | training energy RMSE (per atom):    4.5 meV | training energy MAE (per atom):    3.2 meV | training forces RMSE:   79.9 meV/A | training forces MAE:  49.32 meV/A | validation loss: 9.838e-03 | validation energy RMSE (per atom):   14.9 meV | validation energy MAE (per atom):    4.0 meV | validation forces RMSE:  104.0 meV/A | validation forces MAE:  53.35 meV/A
[2025-10-13 21:55:45][INFO] - Epoch:  969 | learning rate: 6.250e-06 | training loss: 8.078e-02 | training energy RMSE (per atom):    4.6 meV | training energy MAE (per atom):    3.0 meV | training forces RMSE:   84.3 meV/A | training forces MAE:  50.93 meV/A | validation loss: 9.683e-03 | validation energy RMSE (per atom):   14.9 meV | validation energy MAE (per atom):    5.1 meV | validation forces RMSE:  102.8 meV/A | validation forces MAE:  53.34 meV/A
[2025-10-13 21:56:24][INFO] - Epoch:  970 | learning rate: 6.250e-06 | training loss: 7.514e-02 | training energy RMSE (per atom):    4.1 meV | training energy MAE (per atom):    2.7 meV | training forces RMSE:   82.0 meV/A | training forces MAE:  49.90 meV/A | validation loss: 1.011e-02 | validation energy RMSE (per atom):   15.5 meV | validation energy MAE (per atom):    5.6 meV | validation forces RMSE:  104.2 meV/A | validation forces MAE:  53.77 meV/A
[2025-10-13 21:57:02][INFO] - Epoch:  971 | learning rate: 6.250e-06 | training loss: 7.408e-02 | training energy RMSE (per atom):    4.2 meV | training energy MAE (per atom):    2.9 meV | training forces RMSE:   81.1 meV/A | training forces MAE:  49.62 meV/A | validation loss: 9.784e-03 | validation energy RMSE (per atom):   14.7 meV | validation energy MAE (per atom):    4.1 meV | validation forces RMSE:  105.3 meV/A | validation forces MAE:  53.26 meV/A
[2025-10-13 21:57:40][INFO] - Epoch:  972 | learning rate: 6.250e-06 | training loss: 7.310e-02 | training energy RMSE (per atom):    4.6 meV | training energy MAE (per atom):    3.2 meV | training forces RMSE:   80.4 meV/A | training forces MAE:  49.58 meV/A | validation loss: 9.647e-03 | validation energy RMSE (per atom):   14.5 meV | validation energy MAE (per atom):    3.0 meV | validation forces RMSE:  104.7 meV/A | validation forces MAE:  53.38 meV/A
[2025-10-13 21:58:18][INFO] - Epoch:  973 | learning rate: 6.250e-06 | training loss: 7.381e-02 | training energy RMSE (per atom):    4.5 meV | training energy MAE (per atom):    3.1 meV | training forces RMSE:   80.8 meV/A | training forces MAE:  49.81 meV/A | validation loss: 9.897e-03 | validation energy RMSE (per atom):   14.6 meV | validation energy MAE (per atom):    3.5 meV | validation forces RMSE:  106.9 meV/A | validation forces MAE:  54.21 meV/A
[2025-10-13 21:58:56][INFO] - Epoch:  974 | learning rate: 6.250e-06 | training loss: 7.535e-02 | training energy RMSE (per atom):    4.7 meV | training energy MAE (per atom):    3.3 meV | training forces RMSE:   81.2 meV/A | training forces MAE:  49.83 meV/A | validation loss: 9.634e-03 | validation energy RMSE (per atom):   14.5 meV | validation energy MAE (per atom):    3.8 meV | validation forces RMSE:  105.0 meV/A | validation forces MAE:  53.30 meV/A
[2025-10-13 21:59:34][INFO] - Epoch:  975 | learning rate: 6.250e-06 | training loss: 7.927e-02 | training energy RMSE (per atom):    4.7 meV | training energy MAE (per atom):    3.2 meV | training forces RMSE:   83.2 meV/A | training forces MAE:  50.30 meV/A | validation loss: 9.940e-03 | validation energy RMSE (per atom):   15.1 meV | validation energy MAE (per atom):    3.2 meV | validation forces RMSE:  103.8 meV/A | validation forces MAE:  53.42 meV/A
[2025-10-13 22:00:12][INFO] - Epoch:  976 | learning rate: 6.250e-06 | training loss: 7.162e-02 | training energy RMSE (per atom):    4.2 meV | training energy MAE (per atom):    2.8 meV | training forces RMSE:   80.0 meV/A | training forces MAE:  49.36 meV/A | validation loss: 9.765e-03 | validation energy RMSE (per atom):   14.9 meV | validation energy MAE (per atom):    3.3 meV | validation forces RMSE:  104.2 meV/A | validation forces MAE:  52.91 meV/A
[2025-10-13 22:00:50][INFO] - Epoch:  977 | learning rate: 6.250e-06 | training loss: 7.434e-02 | training energy RMSE (per atom):    5.1 meV | training energy MAE (per atom):    3.5 meV | training forces RMSE:   80.4 meV/A | training forces MAE:  49.71 meV/A | validation loss: 9.632e-03 | validation energy RMSE (per atom):   14.5 meV | validation energy MAE (per atom):    3.4 meV | validation forces RMSE:  104.5 meV/A | validation forces MAE:  53.49 meV/A
[2025-10-13 22:01:28][INFO] - Epoch:  978 | learning rate: 6.250e-06 | training loss: 7.307e-02 | training energy RMSE (per atom):    4.5 meV | training energy MAE (per atom):    3.0 meV | training forces RMSE:   80.4 meV/A | training forces MAE:  49.54 meV/A | validation loss: 9.917e-03 | validation energy RMSE (per atom):   15.1 meV | validation energy MAE (per atom):    6.1 meV | validation forces RMSE:  104.8 meV/A | validation forces MAE:  54.36 meV/A
[2025-10-13 22:02:07][INFO] - Epoch:  979 | learning rate: 6.250e-06 | training loss: 7.348e-02 | training energy RMSE (per atom):    4.6 meV | training energy MAE (per atom):    3.2 meV | training forces RMSE:   81.1 meV/A | training forces MAE:  49.70 meV/A | validation loss: 9.560e-03 | validation energy RMSE (per atom):   14.4 meV | validation energy MAE (per atom):    3.2 meV | validation forces RMSE:  104.4 meV/A | validation forces MAE:  53.29 meV/A
[2025-10-13 22:02:44][INFO] - Epoch:  980 | learning rate: 6.250e-06 | training loss: 7.407e-02 | training energy RMSE (per atom):    4.8 meV | training energy MAE (per atom):    3.4 meV | training forces RMSE:   80.6 meV/A | training forces MAE:  49.71 meV/A | validation loss: 9.786e-03 | validation energy RMSE (per atom):   14.9 meV | validation energy MAE (per atom):    5.2 meV | validation forces RMSE:  104.5 meV/A | validation forces MAE:  53.79 meV/A
[2025-10-13 22:03:23][INFO] - Epoch:  981 | learning rate: 6.250e-06 | training loss: 7.135e-02 | training energy RMSE (per atom):    4.2 meV | training energy MAE (per atom):    2.8 meV | training forces RMSE:   79.9 meV/A | training forces MAE:  49.43 meV/A | validation loss: 9.622e-03 | validation energy RMSE (per atom):   14.5 meV | validation energy MAE (per atom):    3.5 meV | validation forces RMSE:  104.5 meV/A | validation forces MAE:  53.09 meV/A
[2025-10-13 22:04:01][INFO] - Epoch:  982 | learning rate: 6.250e-06 | training loss: 7.232e-02 | training energy RMSE (per atom):    4.3 meV | training energy MAE (per atom):    2.8 meV | training forces RMSE:   80.2 meV/A | training forces MAE:  49.40 meV/A | validation loss: 9.886e-03 | validation energy RMSE (per atom):   15.0 meV | validation energy MAE (per atom):    4.3 meV | validation forces RMSE:  104.6 meV/A | validation forces MAE:  53.15 meV/A
[2025-10-13 22:04:39][INFO] - Epoch:  983 | learning rate: 6.250e-06 | training loss: 7.324e-02 | training energy RMSE (per atom):    4.4 meV | training energy MAE (per atom):    3.0 meV | training forces RMSE:   80.5 meV/A | training forces MAE:  49.71 meV/A | validation loss: 9.702e-03 | validation energy RMSE (per atom):   14.7 meV | validation energy MAE (per atom):    3.1 meV | validation forces RMSE:  104.1 meV/A | validation forces MAE:  53.02 meV/A
[2025-10-13 22:05:17][INFO] - Epoch:  984 | learning rate: 6.250e-06 | training loss: 7.216e-02 | training energy RMSE (per atom):    4.4 meV | training energy MAE (per atom):    3.0 meV | training forces RMSE:   80.4 meV/A | training forces MAE:  49.51 meV/A | validation loss: 9.458e-03 | validation energy RMSE (per atom):   14.3 meV | validation energy MAE (per atom):    4.1 meV | validation forces RMSE:  104.4 meV/A | validation forces MAE:  53.64 meV/A
[2025-10-13 22:05:54][INFO] - Epoch:  985 | learning rate: 6.250e-06 | training loss: 7.296e-02 | training energy RMSE (per atom):    4.6 meV | training energy MAE (per atom):    3.2 meV | training forces RMSE:   80.4 meV/A | training forces MAE:  49.85 meV/A | validation loss: 9.795e-03 | validation energy RMSE (per atom):   14.7 meV | validation energy MAE (per atom):    4.0 meV | validation forces RMSE:  105.3 meV/A | validation forces MAE:  54.39 meV/A
[2025-10-13 22:06:33][INFO] - Epoch:  986 | learning rate: 6.250e-06 | training loss: 7.206e-02 | training energy RMSE (per atom):    4.3 meV | training energy MAE (per atom):    2.8 meV | training forces RMSE:   79.9 meV/A | training forces MAE:  49.50 meV/A | validation loss: 9.690e-03 | validation energy RMSE (per atom):   14.5 meV | validation energy MAE (per atom):    3.7 meV | validation forces RMSE:  105.6 meV/A | validation forces MAE:  53.70 meV/A
[2025-10-13 22:07:11][INFO] - Epoch:  987 | learning rate: 6.250e-06 | training loss: 7.357e-02 | training energy RMSE (per atom):    4.7 meV | training energy MAE (per atom):    3.4 meV | training forces RMSE:   80.4 meV/A | training forces MAE:  49.71 meV/A | validation loss: 9.926e-03 | validation energy RMSE (per atom):   14.8 meV | validation energy MAE (per atom):    4.2 meV | validation forces RMSE:  105.8 meV/A | validation forces MAE:  54.54 meV/A
[2025-10-13 22:07:49][INFO] - Epoch:  988 | learning rate: 6.250e-06 | training loss: 7.193e-02 | training energy RMSE (per atom):    4.5 meV | training energy MAE (per atom):    3.2 meV | training forces RMSE:   79.8 meV/A | training forces MAE:  49.41 meV/A | validation loss: 9.749e-03 | validation energy RMSE (per atom):   14.9 meV | validation energy MAE (per atom):    4.2 meV | validation forces RMSE:  104.0 meV/A | validation forces MAE:  52.96 meV/A
[2025-10-13 22:08:26][INFO] - Epoch:  989 | learning rate: 6.250e-06 | training loss: 7.452e-02 | training energy RMSE (per atom):    4.5 meV | training energy MAE (per atom):    3.1 meV | training forces RMSE:   81.2 meV/A | training forces MAE:  49.94 meV/A | validation loss: 9.606e-03 | validation energy RMSE (per atom):   14.5 meV | validation energy MAE (per atom):    4.1 meV | validation forces RMSE:  104.8 meV/A | validation forces MAE:  53.72 meV/A
[2025-10-13 22:09:04][INFO] - Epoch:  990 | learning rate: 6.250e-06 | training loss: 7.189e-02 | training energy RMSE (per atom):    4.3 meV | training energy MAE (per atom):    2.9 meV | training forces RMSE:   80.2 meV/A | training forces MAE:  49.59 meV/A | validation loss: 9.646e-03 | validation energy RMSE (per atom):   14.7 meV | validation energy MAE (per atom):    3.4 meV | validation forces RMSE:  104.0 meV/A | validation forces MAE:  52.92 meV/A
[2025-10-13 22:09:42][INFO] - Epoch:  991 | learning rate: 6.250e-06 | training loss: 7.252e-02 | training energy RMSE (per atom):    4.4 meV | training energy MAE (per atom):    3.0 meV | training forces RMSE:   80.2 meV/A | training forces MAE:  49.45 meV/A | validation loss: 9.763e-03 | validation energy RMSE (per atom):   14.5 meV | validation energy MAE (per atom):    3.2 meV | validation forces RMSE:  105.5 meV/A | validation forces MAE:  54.42 meV/A
[2025-10-13 22:10:20][INFO] - Epoch:  992 | learning rate: 6.250e-06 | training loss: 7.385e-02 | training energy RMSE (per atom):    4.5 meV | training energy MAE (per atom):    3.0 meV | training forces RMSE:   81.1 meV/A | training forces MAE:  50.00 meV/A | validation loss: 1.037e-02 | validation energy RMSE (per atom):   15.9 meV | validation energy MAE (per atom):    6.1 meV | validation forces RMSE:  105.1 meV/A | validation forces MAE:  53.31 meV/A
[2025-10-13 22:10:58][INFO] - Epoch:  993 | learning rate: 6.250e-06 | training loss: 7.405e-02 | training energy RMSE (per atom):    4.6 meV | training energy MAE (per atom):    3.2 meV | training forces RMSE:   80.6 meV/A | training forces MAE:  49.57 meV/A | validation loss: 9.680e-03 | validation energy RMSE (per atom):   14.7 meV | validation energy MAE (per atom):    3.9 meV | validation forces RMSE:  104.0 meV/A | validation forces MAE:  52.89 meV/A
[2025-10-13 22:11:36][INFO] - Epoch:  994 | learning rate: 6.250e-06 | training loss: 7.285e-02 | training energy RMSE (per atom):    4.3 meV | training energy MAE (per atom):    2.9 meV | training forces RMSE:   80.4 meV/A | training forces MAE:  49.54 meV/A | validation loss: 9.762e-03 | validation energy RMSE (per atom):   14.8 meV | validation energy MAE (per atom):    5.4 meV | validation forces RMSE:  105.0 meV/A | validation forces MAE:  53.32 meV/A
[2025-10-13 22:12:14][INFO] - Epoch:  995 | learning rate: 6.250e-06 | training loss: 7.321e-02 | training energy RMSE (per atom):    4.4 meV | training energy MAE (per atom):    2.9 meV | training forces RMSE:   80.7 meV/A | training forces MAE:  49.65 meV/A | validation loss: 9.722e-03 | validation energy RMSE (per atom):   14.7 meV | validation energy MAE (per atom):    4.2 meV | validation forces RMSE:  105.0 meV/A | validation forces MAE:  53.07 meV/A
[2025-10-13 22:12:52][INFO] - Epoch:  996 | learning rate: 6.250e-06 | training loss: 7.407e-02 | training energy RMSE (per atom):    4.6 meV | training energy MAE (per atom):    3.1 meV | training forces RMSE:   81.3 meV/A | training forces MAE:  49.63 meV/A | validation loss: 9.884e-03 | validation energy RMSE (per atom):   15.1 meV | validation energy MAE (per atom):    5.2 meV | validation forces RMSE:  104.5 meV/A | validation forces MAE:  53.55 meV/A
[2025-10-13 22:13:30][INFO] - Epoch:  997 | learning rate: 6.250e-06 | training loss: 7.236e-02 | training energy RMSE (per atom):    4.5 meV | training energy MAE (per atom):    3.2 meV | training forces RMSE:   80.1 meV/A | training forces MAE:  49.40 meV/A | validation loss: 9.710e-03 | validation energy RMSE (per atom):   14.7 meV | validation energy MAE (per atom):    4.5 meV | validation forces RMSE:  104.9 meV/A | validation forces MAE:  53.56 meV/A
[2025-10-13 22:14:08][INFO] - Epoch:  998 | learning rate: 6.250e-06 | training loss: 7.375e-02 | training energy RMSE (per atom):    4.9 meV | training energy MAE (per atom):    3.5 meV | training forces RMSE:   80.1 meV/A | training forces MAE:  49.61 meV/A | validation loss: 9.981e-03 | validation energy RMSE (per atom):   15.4 meV | validation energy MAE (per atom):    5.6 meV | validation forces RMSE:  103.9 meV/A | validation forces MAE:  52.96 meV/A
[2025-10-13 22:14:46][INFO] - Epoch:  999 | learning rate: 6.250e-06 | training loss: 7.181e-02 | training energy RMSE (per atom):    4.6 meV | training energy MAE (per atom):    3.0 meV | training forces RMSE:   79.8 meV/A | training forces MAE:  49.24 meV/A | validation loss: 9.788e-03 | validation energy RMSE (per atom):   14.9 meV | validation energy MAE (per atom):    3.2 meV | validation forces RMSE:  103.9 meV/A | validation forces MAE:  52.91 meV/A
[2025-10-13 22:15:24][INFO] - Epoch: 1000 | learning rate: 6.250e-06 | training loss: 7.223e-02 | training energy RMSE (per atom):    4.2 meV | training energy MAE (per atom):    2.9 meV | training forces RMSE:   80.4 meV/A | training forces MAE:  49.65 meV/A | validation loss: 9.383e-03 | validation energy RMSE (per atom):   14.2 meV | validation energy MAE (per atom):    3.3 meV | validation forces RMSE:  104.0 meV/A | validation forces MAE:  53.37 meV/A
[2025-10-13 22:16:01][INFO] - Epoch: 1001 | learning rate: 6.250e-06 | training loss: 7.583e-02 | training energy RMSE (per atom):    4.2 meV | training energy MAE (per atom):    2.8 meV | training forces RMSE:   82.7 meV/A | training forces MAE:  50.04 meV/A | validation loss: 9.821e-03 | validation energy RMSE (per atom):   14.8 meV | validation energy MAE (per atom):    3.8 meV | validation forces RMSE:  104.9 meV/A | validation forces MAE:  53.90 meV/A
[2025-10-13 22:16:39][INFO] - Epoch: 1002 | learning rate: 6.250e-06 | training loss: 7.304e-02 | training energy RMSE (per atom):    4.5 meV | training energy MAE (per atom):    3.1 meV | training forces RMSE:   80.4 meV/A | training forces MAE:  49.68 meV/A | validation loss: 9.415e-03 | validation energy RMSE (per atom):   14.3 meV | validation energy MAE (per atom):    4.2 meV | validation forces RMSE:  104.0 meV/A | validation forces MAE:  53.86 meV/A
[2025-10-13 22:17:17][INFO] - Epoch: 1003 | learning rate: 6.250e-06 | training loss: 7.277e-02 | training energy RMSE (per atom):    4.5 meV | training energy MAE (per atom):    3.0 meV | training forces RMSE:   80.7 meV/A | training forces MAE:  49.77 meV/A | validation loss: 9.728e-03 | validation energy RMSE (per atom):   14.2 meV | validation energy MAE (per atom):    3.4 meV | validation forces RMSE:  107.5 meV/A | validation forces MAE:  55.54 meV/A
[2025-10-13 22:17:55][INFO] - Epoch: 1004 | learning rate: 6.250e-06 | training loss: 7.153e-02 | training energy RMSE (per atom):    4.1 meV | training energy MAE (per atom):    2.7 meV | training forces RMSE:   80.0 meV/A | training forces MAE:  49.23 meV/A | validation loss: 9.637e-03 | validation energy RMSE (per atom):   14.5 meV | validation energy MAE (per atom):    3.8 meV | validation forces RMSE:  104.4 meV/A | validation forces MAE:  53.72 meV/A
[2025-10-13 22:17:55][INFO] - Changing learning rate from 6.25e-06 to 3.125e-06
[2025-10-13 22:18:33][INFO] - Epoch: 1005 | learning rate: 3.125e-06 | training loss: 6.993e-02 | training energy RMSE (per atom):    3.9 meV | training energy MAE (per atom):    2.5 meV | training forces RMSE:   79.6 meV/A | training forces MAE:  48.77 meV/A | validation loss: 9.619e-03 | validation energy RMSE (per atom):   14.5 meV | validation energy MAE (per atom):    3.5 meV | validation forces RMSE:  104.8 meV/A | validation forces MAE:  52.71 meV/A
[2025-10-13 22:19:11][INFO] - Epoch: 1006 | learning rate: 3.125e-06 | training loss: 6.858e-02 | training energy RMSE (per atom):    3.9 meV | training energy MAE (per atom):    2.6 meV | training forces RMSE:   78.8 meV/A | training forces MAE:  48.48 meV/A | validation loss: 9.671e-03 | validation energy RMSE (per atom):   14.7 meV | validation energy MAE (per atom):    3.2 meV | validation forces RMSE:  104.2 meV/A | validation forces MAE:  52.67 meV/A
[2025-10-13 22:19:49][INFO] - Epoch: 1007 | learning rate: 3.125e-06 | training loss: 6.856e-02 | training energy RMSE (per atom):    3.9 meV | training energy MAE (per atom):    2.5 meV | training forces RMSE:   78.6 meV/A | training forces MAE:  48.50 meV/A | validation loss: 9.783e-03 | validation energy RMSE (per atom):   14.8 meV | validation energy MAE (per atom):    3.0 meV | validation forces RMSE:  104.4 meV/A | validation forces MAE:  52.65 meV/A
[2025-10-13 22:20:28][INFO] - Epoch: 1008 | learning rate: 3.125e-06 | training loss: 6.900e-02 | training energy RMSE (per atom):    3.7 meV | training energy MAE (per atom):    2.4 meV | training forces RMSE:   78.6 meV/A | training forces MAE:  48.52 meV/A | validation loss: 9.529e-03 | validation energy RMSE (per atom):   14.5 meV | validation energy MAE (per atom):    3.5 meV | validation forces RMSE:  103.5 meV/A | validation forces MAE:  52.31 meV/A
[2025-10-13 22:21:06][INFO] - Epoch: 1009 | learning rate: 3.125e-06 | training loss: 6.863e-02 | training energy RMSE (per atom):    3.9 meV | training energy MAE (per atom):    2.6 meV | training forces RMSE:   78.6 meV/A | training forces MAE:  48.58 meV/A | validation loss: 9.701e-03 | validation energy RMSE (per atom):   14.7 meV | validation energy MAE (per atom):    3.0 meV | validation forces RMSE:  103.9 meV/A | validation forces MAE:  52.44 meV/A
[2025-10-13 22:21:43][INFO] - Epoch: 1010 | learning rate: 3.125e-06 | training loss: 6.891e-02 | training energy RMSE (per atom):    3.7 meV | training energy MAE (per atom):    2.3 meV | training forces RMSE:   78.9 meV/A | training forces MAE:  48.75 meV/A | validation loss: 9.655e-03 | validation energy RMSE (per atom):   14.6 meV | validation energy MAE (per atom):    3.1 meV | validation forces RMSE:  104.3 meV/A | validation forces MAE:  52.84 meV/A
[2025-10-13 22:22:21][INFO] - Epoch: 1011 | learning rate: 3.125e-06 | training loss: 6.841e-02 | training energy RMSE (per atom):    4.0 meV | training energy MAE (per atom):    2.7 meV | training forces RMSE:   78.7 meV/A | training forces MAE:  48.61 meV/A | validation loss: 9.710e-03 | validation energy RMSE (per atom):   14.8 meV | validation energy MAE (per atom):    3.5 meV | validation forces RMSE:  104.1 meV/A | validation forces MAE:  52.42 meV/A
[2025-10-13 22:22:59][INFO] - Epoch: 1012 | learning rate: 3.125e-06 | training loss: 6.816e-02 | training energy RMSE (per atom):    3.9 meV | training energy MAE (per atom):    2.6 meV | training forces RMSE:   78.4 meV/A | training forces MAE:  48.46 meV/A | validation loss: 9.630e-03 | validation energy RMSE (per atom):   14.8 meV | validation energy MAE (per atom):    5.6 meV | validation forces RMSE:  103.7 meV/A | validation forces MAE:  52.58 meV/A
[2025-10-13 22:23:38][INFO] - Epoch: 1013 | learning rate: 3.125e-06 | training loss: 7.037e-02 | training energy RMSE (per atom):    4.0 meV | training energy MAE (per atom):    2.6 meV | training forces RMSE:   78.7 meV/A | training forces MAE:  48.56 meV/A | validation loss: 9.608e-03 | validation energy RMSE (per atom):   14.5 meV | validation energy MAE (per atom):    3.0 meV | validation forces RMSE:  104.1 meV/A | validation forces MAE:  52.63 meV/A
[2025-10-13 22:24:15][INFO] - Epoch: 1014 | learning rate: 3.125e-06 | training loss: 6.868e-02 | training energy RMSE (per atom):    4.0 meV | training energy MAE (per atom):    2.7 meV | training forces RMSE:   78.5 meV/A | training forces MAE:  48.49 meV/A | validation loss: 9.620e-03 | validation energy RMSE (per atom):   14.7 meV | validation energy MAE (per atom):    4.2 meV | validation forces RMSE:  103.6 meV/A | validation forces MAE:  52.64 meV/A
[2025-10-13 22:24:53][INFO] - Epoch: 1015 | learning rate: 3.125e-06 | training loss: 6.842e-02 | training energy RMSE (per atom):    3.9 meV | training energy MAE (per atom):    2.5 meV | training forces RMSE:   78.5 meV/A | training forces MAE:  48.53 meV/A | validation loss: 9.668e-03 | validation energy RMSE (per atom):   14.8 meV | validation energy MAE (per atom):    3.6 meV | validation forces RMSE:  103.6 meV/A | validation forces MAE:  52.67 meV/A
[2025-10-13 22:25:31][INFO] - Epoch: 1016 | learning rate: 3.125e-06 | training loss: 6.795e-02 | training energy RMSE (per atom):    3.9 meV | training energy MAE (per atom):    2.6 meV | training forces RMSE:   78.4 meV/A | training forces MAE:  48.52 meV/A | validation loss: 9.548e-03 | validation energy RMSE (per atom):   14.5 meV | validation energy MAE (per atom):    2.9 meV | validation forces RMSE:  103.5 meV/A | validation forces MAE:  52.67 meV/A
[2025-10-13 22:26:10][INFO] - Epoch: 1017 | learning rate: 3.125e-06 | training loss: 6.947e-02 | training energy RMSE (per atom):    4.2 meV | training energy MAE (per atom):    2.8 meV | training forces RMSE:   78.5 meV/A | training forces MAE:  48.59 meV/A | validation loss: 9.628e-03 | validation energy RMSE (per atom):   14.5 meV | validation energy MAE (per atom):    3.3 meV | validation forces RMSE:  104.5 meV/A | validation forces MAE:  52.74 meV/A
[2025-10-13 22:26:48][INFO] - Epoch: 1018 | learning rate: 3.125e-06 | training loss: 6.890e-02 | training energy RMSE (per atom):    3.8 meV | training energy MAE (per atom):    2.5 meV | training forces RMSE:   78.3 meV/A | training forces MAE:  48.46 meV/A | validation loss: 9.608e-03 | validation energy RMSE (per atom):   14.6 meV | validation energy MAE (per atom):    2.9 meV | validation forces RMSE:  103.7 meV/A | validation forces MAE:  52.58 meV/A
[2025-10-13 22:27:26][INFO] - Epoch: 1019 | learning rate: 3.125e-06 | training loss: 6.943e-02 | training energy RMSE (per atom):    4.0 meV | training energy MAE (per atom):    2.5 meV | training forces RMSE:   78.7 meV/A | training forces MAE:  48.65 meV/A | validation loss: 9.550e-03 | validation energy RMSE (per atom):   14.5 meV | validation energy MAE (per atom):    2.8 meV | validation forces RMSE:  103.6 meV/A | validation forces MAE:  52.28 meV/A
[2025-10-13 22:28:03][INFO] - Epoch: 1020 | learning rate: 3.125e-06 | training loss: 6.865e-02 | training energy RMSE (per atom):    3.8 meV | training energy MAE (per atom):    2.4 meV | training forces RMSE:   78.5 meV/A | training forces MAE:  48.51 meV/A | validation loss: 9.769e-03 | validation energy RMSE (per atom):   14.9 meV | validation energy MAE (per atom):    3.8 meV | validation forces RMSE:  103.9 meV/A | validation forces MAE:  52.66 meV/A
[2025-10-13 22:28:41][INFO] - Epoch: 1021 | learning rate: 3.125e-06 | training loss: 6.842e-02 | training energy RMSE (per atom):    4.0 meV | training energy MAE (per atom):    2.6 meV | training forces RMSE:   78.4 meV/A | training forces MAE:  48.53 meV/A | validation loss: 9.608e-03 | validation energy RMSE (per atom):   14.6 meV | validation energy MAE (per atom):    3.7 meV | validation forces RMSE:  103.9 meV/A | validation forces MAE:  52.66 meV/A
[2025-10-13 22:29:20][INFO] - Epoch: 1022 | learning rate: 3.125e-06 | training loss: 6.920e-02 | training energy RMSE (per atom):    4.0 meV | training energy MAE (per atom):    2.7 meV | training forces RMSE:   78.8 meV/A | training forces MAE:  48.76 meV/A | validation loss: 9.632e-03 | validation energy RMSE (per atom):   14.5 meV | validation energy MAE (per atom):    2.9 meV | validation forces RMSE:  104.2 meV/A | validation forces MAE:  53.38 meV/A
[2025-10-13 22:29:58][INFO] - Epoch: 1023 | learning rate: 3.125e-06 | training loss: 6.912e-02 | training energy RMSE (per atom):    4.0 meV | training energy MAE (per atom):    2.6 meV | training forces RMSE:   78.3 meV/A | training forces MAE:  48.52 meV/A | validation loss: 9.916e-03 | validation energy RMSE (per atom):   15.2 meV | validation energy MAE (per atom):    3.7 meV | validation forces RMSE:  103.6 meV/A | validation forces MAE:  52.44 meV/A
[2025-10-13 22:30:36][INFO] - Epoch: 1024 | learning rate: 3.125e-06 | training loss: 6.772e-02 | training energy RMSE (per atom):    3.9 meV | training energy MAE (per atom):    2.5 meV | training forces RMSE:   78.3 meV/A | training forces MAE:  48.40 meV/A | validation loss: 9.786e-03 | validation energy RMSE (per atom):   14.8 meV | validation energy MAE (per atom):    3.4 meV | validation forces RMSE:  104.7 meV/A | validation forces MAE:  53.46 meV/A
[2025-10-13 22:31:14][INFO] - Epoch: 1025 | learning rate: 3.125e-06 | training loss: 6.920e-02 | training energy RMSE (per atom):    3.8 meV | training energy MAE (per atom):    2.4 meV | training forces RMSE:   78.7 meV/A | training forces MAE:  48.70 meV/A | validation loss: 9.538e-03 | validation energy RMSE (per atom):   14.5 meV | validation energy MAE (per atom):    3.2 meV | validation forces RMSE:  103.5 meV/A | validation forces MAE:  52.37 meV/A
[2025-10-13 22:31:52][INFO] - Epoch: 1026 | learning rate: 3.125e-06 | training loss: 6.847e-02 | training energy RMSE (per atom):    3.8 meV | training energy MAE (per atom):    2.4 meV | training forces RMSE:   78.4 meV/A | training forces MAE:  48.50 meV/A | validation loss: 9.638e-03 | validation energy RMSE (per atom):   14.5 meV | validation energy MAE (per atom):    3.0 meV | validation forces RMSE:  104.6 meV/A | validation forces MAE:  53.43 meV/A
[2025-10-13 22:32:30][INFO] - Epoch: 1027 | learning rate: 3.125e-06 | training loss: 6.841e-02 | training energy RMSE (per atom):    3.8 meV | training energy MAE (per atom):    2.4 meV | training forces RMSE:   78.4 meV/A | training forces MAE:  48.52 meV/A | validation loss: 9.727e-03 | validation energy RMSE (per atom):   14.9 meV | validation energy MAE (per atom):    4.5 meV | validation forces RMSE:  104.0 meV/A | validation forces MAE:  53.06 meV/A
[2025-10-13 22:33:08][INFO] - Epoch: 1028 | learning rate: 3.125e-06 | training loss: 6.825e-02 | training energy RMSE (per atom):    3.8 meV | training energy MAE (per atom):    2.4 meV | training forces RMSE:   78.3 meV/A | training forces MAE:  48.40 meV/A | validation loss: 9.574e-03 | validation energy RMSE (per atom):   14.6 meV | validation energy MAE (per atom):    2.9 meV | validation forces RMSE:  103.6 meV/A | validation forces MAE:  52.51 meV/A
[2025-10-13 22:33:46][INFO] - Epoch: 1029 | learning rate: 3.125e-06 | training loss: 6.884e-02 | training energy RMSE (per atom):    3.8 meV | training energy MAE (per atom):    2.5 meV | training forces RMSE:   78.3 meV/A | training forces MAE:  48.53 meV/A | validation loss: 9.653e-03 | validation energy RMSE (per atom):   14.7 meV | validation energy MAE (per atom):    3.0 meV | validation forces RMSE:  103.8 meV/A | validation forces MAE:  52.76 meV/A
[2025-10-13 22:34:24][INFO] - Epoch: 1030 | learning rate: 3.125e-06 | training loss: 6.877e-02 | training energy RMSE (per atom):    3.8 meV | training energy MAE (per atom):    2.4 meV | training forces RMSE:   78.5 meV/A | training forces MAE:  48.57 meV/A | validation loss: 9.712e-03 | validation energy RMSE (per atom):   14.8 meV | validation energy MAE (per atom):    3.3 meV | validation forces RMSE:  103.8 meV/A | validation forces MAE:  53.05 meV/A
[2025-10-13 22:35:02][INFO] - Epoch: 1031 | learning rate: 3.125e-06 | training loss: 6.797e-02 | training energy RMSE (per atom):    4.1 meV | training energy MAE (per atom):    2.8 meV | training forces RMSE:   78.5 meV/A | training forces MAE:  48.54 meV/A | validation loss: 9.556e-03 | validation energy RMSE (per atom):   14.6 meV | validation energy MAE (per atom):    3.1 meV | validation forces RMSE:  103.6 meV/A | validation forces MAE:  52.47 meV/A
[2025-10-13 22:35:40][INFO] - Epoch: 1032 | learning rate: 3.125e-06 | training loss: 6.845e-02 | training energy RMSE (per atom):    3.8 meV | training energy MAE (per atom):    2.5 meV | training forces RMSE:   78.4 meV/A | training forces MAE:  48.50 meV/A | validation loss: 9.544e-03 | validation energy RMSE (per atom):   14.5 meV | validation energy MAE (per atom):    3.0 meV | validation forces RMSE:  103.6 meV/A | validation forces MAE:  52.47 meV/A
[2025-10-13 22:36:17][INFO] - Epoch: 1033 | learning rate: 3.125e-06 | training loss: 6.831e-02 | training energy RMSE (per atom):    3.9 meV | training energy MAE (per atom):    2.6 meV | training forces RMSE:   78.5 meV/A | training forces MAE:  48.53 meV/A | validation loss: 9.718e-03 | validation energy RMSE (per atom):   14.8 meV | validation energy MAE (per atom):    3.1 meV | validation forces RMSE:  104.0 meV/A | validation forces MAE:  52.55 meV/A
[2025-10-13 22:36:55][INFO] - Epoch: 1034 | learning rate: 3.125e-06 | training loss: 6.797e-02 | training energy RMSE (per atom):    3.7 meV | training energy MAE (per atom):    2.3 meV | training forces RMSE:   78.1 meV/A | training forces MAE:  48.40 meV/A | validation loss: 9.635e-03 | validation energy RMSE (per atom):   14.6 meV | validation energy MAE (per atom):    2.9 meV | validation forces RMSE:  104.3 meV/A | validation forces MAE:  52.49 meV/A
[2025-10-13 22:37:33][INFO] - Epoch: 1035 | learning rate: 3.125e-06 | training loss: 6.946e-02 | training energy RMSE (per atom):    4.1 meV | training energy MAE (per atom):    2.7 meV | training forces RMSE:   78.6 meV/A | training forces MAE:  48.60 meV/A | validation loss: 9.654e-03 | validation energy RMSE (per atom):   14.6 meV | validation energy MAE (per atom):    2.9 meV | validation forces RMSE:  104.3 meV/A | validation forces MAE:  52.79 meV/A
[2025-10-13 22:38:11][INFO] - Epoch: 1036 | learning rate: 3.125e-06 | training loss: 6.804e-02 | training energy RMSE (per atom):    3.8 meV | training energy MAE (per atom):    2.4 meV | training forces RMSE:   78.2 meV/A | training forces MAE:  48.41 meV/A | validation loss: 9.565e-03 | validation energy RMSE (per atom):   14.5 meV | validation energy MAE (per atom):    3.0 meV | validation forces RMSE:  104.3 meV/A | validation forces MAE:  52.56 meV/A
[2025-10-13 22:38:49][INFO] - Epoch: 1037 | learning rate: 3.125e-06 | training loss: 6.813e-02 | training energy RMSE (per atom):    3.9 meV | training energy MAE (per atom):    2.6 meV | training forces RMSE:   78.1 meV/A | training forces MAE:  48.41 meV/A | validation loss: 9.627e-03 | validation energy RMSE (per atom):   14.5 meV | validation energy MAE (per atom):    3.1 meV | validation forces RMSE:  104.4 meV/A | validation forces MAE:  52.93 meV/A
[2025-10-13 22:39:26][INFO] - Epoch: 1038 | learning rate: 3.125e-06 | training loss: 6.873e-02 | training energy RMSE (per atom):    4.1 meV | training energy MAE (per atom):    2.8 meV | training forces RMSE:   78.3 meV/A | training forces MAE:  48.46 meV/A | validation loss: 9.537e-03 | validation energy RMSE (per atom):   14.5 meV | validation energy MAE (per atom):    3.2 meV | validation forces RMSE:  103.5 meV/A | validation forces MAE:  52.36 meV/A
[2025-10-13 22:40:04][INFO] - Epoch: 1039 | learning rate: 3.125e-06 | training loss: 6.808e-02 | training energy RMSE (per atom):    3.9 meV | training energy MAE (per atom):    2.6 meV | training forces RMSE:   78.5 meV/A | training forces MAE:  48.53 meV/A | validation loss: 9.631e-03 | validation energy RMSE (per atom):   14.7 meV | validation energy MAE (per atom):    3.0 meV | validation forces RMSE:  103.9 meV/A | validation forces MAE:  52.22 meV/A
[2025-10-13 22:40:43][INFO] - Epoch: 1040 | learning rate: 3.125e-06 | training loss: 6.793e-02 | training energy RMSE (per atom):    3.9 meV | training energy MAE (per atom):    2.5 meV | training forces RMSE:   78.4 meV/A | training forces MAE:  48.52 meV/A | validation loss: 9.662e-03 | validation energy RMSE (per atom):   14.8 meV | validation energy MAE (per atom):    3.2 meV | validation forces RMSE:  103.7 meV/A | validation forces MAE:  52.32 meV/A
[2025-10-13 22:41:21][INFO] - Epoch: 1041 | learning rate: 3.125e-06 | training loss: 6.746e-02 | training energy RMSE (per atom):    3.8 meV | training energy MAE (per atom):    2.4 meV | training forces RMSE:   78.2 meV/A | training forces MAE:  48.40 meV/A | validation loss: 9.622e-03 | validation energy RMSE (per atom):   14.5 meV | validation energy MAE (per atom):    2.9 meV | validation forces RMSE:  104.9 meV/A | validation forces MAE:  52.76 meV/A
[2025-10-13 22:41:59][INFO] - Epoch: 1042 | learning rate: 3.125e-06 | training loss: 6.905e-02 | training energy RMSE (per atom):    3.9 meV | training energy MAE (per atom):    2.6 meV | training forces RMSE:   78.3 meV/A | training forces MAE:  48.46 meV/A | validation loss: 9.530e-03 | validation energy RMSE (per atom):   14.5 meV | validation energy MAE (per atom):    4.0 meV | validation forces RMSE:  104.0 meV/A | validation forces MAE:  52.56 meV/A
[2025-10-13 22:42:37][INFO] - Epoch: 1043 | learning rate: 3.125e-06 | training loss: 6.985e-02 | training energy RMSE (per atom):    3.9 meV | training energy MAE (per atom):    2.5 meV | training forces RMSE:   78.7 meV/A | training forces MAE:  48.63 meV/A | validation loss: 9.571e-03 | validation energy RMSE (per atom):   14.7 meV | validation energy MAE (per atom):    3.2 meV | validation forces RMSE:  103.1 meV/A | validation forces MAE:  52.57 meV/A
[2025-10-13 22:43:15][INFO] - Epoch: 1044 | learning rate: 3.125e-06 | training loss: 6.851e-02 | training energy RMSE (per atom):    4.0 meV | training energy MAE (per atom):    2.6 meV | training forces RMSE:   78.4 meV/A | training forces MAE:  48.43 meV/A | validation loss: 9.550e-03 | validation energy RMSE (per atom):   14.5 meV | validation energy MAE (per atom):    2.9 meV | validation forces RMSE:  103.9 meV/A | validation forces MAE:  52.67 meV/A
[2025-10-13 22:43:53][INFO] - Epoch: 1045 | learning rate: 3.125e-06 | training loss: 6.801e-02 | training energy RMSE (per atom):    3.8 meV | training energy MAE (per atom):    2.4 meV | training forces RMSE:   78.2 meV/A | training forces MAE:  48.37 meV/A | validation loss: 9.605e-03 | validation energy RMSE (per atom):   14.7 meV | validation energy MAE (per atom):    2.8 meV | validation forces RMSE:  103.2 meV/A | validation forces MAE:  52.40 meV/A
[2025-10-13 22:44:30][INFO] - Epoch: 1046 | learning rate: 3.125e-06 | training loss: 6.850e-02 | training energy RMSE (per atom):    4.0 meV | training energy MAE (per atom):    2.6 meV | training forces RMSE:   77.9 meV/A | training forces MAE:  48.24 meV/A | validation loss: 9.432e-03 | validation energy RMSE (per atom):   14.4 meV | validation energy MAE (per atom):    3.0 meV | validation forces RMSE:  103.7 meV/A | validation forces MAE:  52.38 meV/A
[2025-10-13 22:45:09][INFO] - Epoch: 1047 | learning rate: 3.125e-06 | training loss: 6.792e-02 | training energy RMSE (per atom):    4.1 meV | training energy MAE (per atom):    2.8 meV | training forces RMSE:   78.1 meV/A | training forces MAE:  48.35 meV/A | validation loss: 9.479e-03 | validation energy RMSE (per atom):   14.4 meV | validation energy MAE (per atom):    3.4 meV | validation forces RMSE:  104.0 meV/A | validation forces MAE:  53.02 meV/A
[2025-10-13 22:45:47][INFO] - Epoch: 1048 | learning rate: 3.125e-06 | training loss: 6.879e-02 | training energy RMSE (per atom):    3.9 meV | training energy MAE (per atom):    2.6 meV | training forces RMSE:   78.2 meV/A | training forces MAE:  48.40 meV/A | validation loss: 9.546e-03 | validation energy RMSE (per atom):   14.5 meV | validation energy MAE (per atom):    2.9 meV | validation forces RMSE:  104.1 meV/A | validation forces MAE:  52.88 meV/A
[2025-10-13 22:46:25][INFO] - Epoch: 1049 | learning rate: 3.125e-06 | training loss: 6.931e-02 | training energy RMSE (per atom):    3.8 meV | training energy MAE (per atom):    2.4 meV | training forces RMSE:   78.8 meV/A | training forces MAE:  48.52 meV/A | validation loss: 9.805e-03 | validation energy RMSE (per atom):   15.0 meV | validation energy MAE (per atom):    4.6 meV | validation forces RMSE:  104.2 meV/A | validation forces MAE:  52.69 meV/A
[2025-10-13 22:47:03][INFO] - Epoch: 1050 | learning rate: 3.125e-06 | training loss: 6.958e-02 | training energy RMSE (per atom):    4.0 meV | training energy MAE (per atom):    2.5 meV | training forces RMSE:   78.6 meV/A | training forces MAE:  48.44 meV/A | validation loss: 9.611e-03 | validation energy RMSE (per atom):   14.7 meV | validation energy MAE (per atom):    2.9 meV | validation forces RMSE:  103.7 meV/A | validation forces MAE:  52.51 meV/A
[2025-10-13 22:47:41][INFO] - Epoch: 1051 | learning rate: 3.125e-06 | training loss: 6.811e-02 | training energy RMSE (per atom):    3.7 meV | training energy MAE (per atom):    2.4 meV | training forces RMSE:   78.6 meV/A | training forces MAE:  48.46 meV/A | validation loss: 9.518e-03 | validation energy RMSE (per atom):   14.5 meV | validation energy MAE (per atom):    3.1 meV | validation forces RMSE:  103.5 meV/A | validation forces MAE:  52.54 meV/A
[2025-10-13 22:48:18][INFO] - Epoch: 1052 | learning rate: 3.125e-06 | training loss: 6.781e-02 | training energy RMSE (per atom):    3.7 meV | training energy MAE (per atom):    2.4 meV | training forces RMSE:   78.3 meV/A | training forces MAE:  48.40 meV/A | validation loss: 9.634e-03 | validation energy RMSE (per atom):   14.7 meV | validation energy MAE (per atom):    3.8 meV | validation forces RMSE:  103.6 meV/A | validation forces MAE:  52.63 meV/A
[2025-10-13 22:48:56][INFO] - Epoch: 1053 | learning rate: 3.125e-06 | training loss: 6.900e-02 | training energy RMSE (per atom):    4.0 meV | training energy MAE (per atom):    2.5 meV | training forces RMSE:   78.2 meV/A | training forces MAE:  48.36 meV/A | validation loss: 9.577e-03 | validation energy RMSE (per atom):   14.5 meV | validation energy MAE (per atom):    2.9 meV | validation forces RMSE:  104.1 meV/A | validation forces MAE:  52.61 meV/A
[2025-10-13 22:49:35][INFO] - Epoch: 1054 | learning rate: 3.125e-06 | training loss: 6.716e-02 | training energy RMSE (per atom):    3.9 meV | training energy MAE (per atom):    2.6 meV | training forces RMSE:   77.9 meV/A | training forces MAE:  48.26 meV/A | validation loss: 9.559e-03 | validation energy RMSE (per atom):   14.6 meV | validation energy MAE (per atom):    2.9 meV | validation forces RMSE:  103.9 meV/A | validation forces MAE:  52.22 meV/A
[2025-10-13 22:50:13][INFO] - Epoch: 1055 | learning rate: 3.125e-06 | training loss: 6.921e-02 | training energy RMSE (per atom):    3.8 meV | training energy MAE (per atom):    2.4 meV | training forces RMSE:   78.7 meV/A | training forces MAE:  48.55 meV/A | validation loss: 9.515e-03 | validation energy RMSE (per atom):   14.6 meV | validation energy MAE (per atom):    3.3 meV | validation forces RMSE:  103.5 meV/A | validation forces MAE:  52.31 meV/A
[2025-10-13 22:50:51][INFO] - Epoch: 1056 | learning rate: 3.125e-06 | training loss: 6.959e-02 | training energy RMSE (per atom):    3.8 meV | training energy MAE (per atom):    2.4 meV | training forces RMSE:   78.7 meV/A | training forces MAE:  48.47 meV/A | validation loss: 9.735e-03 | validation energy RMSE (per atom):   14.8 meV | validation energy MAE (per atom):    2.9 meV | validation forces RMSE:  104.4 meV/A | validation forces MAE:  52.87 meV/A
[2025-10-13 22:51:29][INFO] - Epoch: 1057 | learning rate: 3.125e-06 | training loss: 6.825e-02 | training energy RMSE (per atom):    3.7 meV | training energy MAE (per atom):    2.4 meV | training forces RMSE:   78.6 meV/A | training forces MAE:  48.38 meV/A | validation loss: 9.721e-03 | validation energy RMSE (per atom):   14.9 meV | validation energy MAE (per atom):    4.0 meV | validation forces RMSE:  103.9 meV/A | validation forces MAE:  52.37 meV/A
[2025-10-13 22:52:07][INFO] - Epoch: 1058 | learning rate: 3.125e-06 | training loss: 6.820e-02 | training energy RMSE (per atom):    3.7 meV | training energy MAE (per atom):    2.3 meV | training forces RMSE:   78.2 meV/A | training forces MAE:  48.33 meV/A | validation loss: 9.946e-03 | validation energy RMSE (per atom):   15.4 meV | validation energy MAE (per atom):    5.2 meV | validation forces RMSE:  103.8 meV/A | validation forces MAE:  52.19 meV/A
[2025-10-13 22:52:44][INFO] - Epoch: 1059 | learning rate: 3.125e-06 | training loss: 6.761e-02 | training energy RMSE (per atom):    3.7 meV | training energy MAE (per atom):    2.4 meV | training forces RMSE:   78.0 meV/A | training forces MAE:  48.26 meV/A | validation loss: 9.746e-03 | validation energy RMSE (per atom):   15.0 meV | validation energy MAE (per atom):    5.6 meV | validation forces RMSE:  103.9 meV/A | validation forces MAE:  52.75 meV/A
[2025-10-13 22:53:23][INFO] - Epoch: 1060 | learning rate: 3.125e-06 | training loss: 6.760e-02 | training energy RMSE (per atom):    3.8 meV | training energy MAE (per atom):    2.5 meV | training forces RMSE:   78.1 meV/A | training forces MAE:  48.23 meV/A | validation loss: 9.663e-03 | validation energy RMSE (per atom):   14.7 meV | validation energy MAE (per atom):    2.8 meV | validation forces RMSE:  104.0 meV/A | validation forces MAE:  52.54 meV/A
[2025-10-13 22:54:01][INFO] - Epoch: 1061 | learning rate: 3.125e-06 | training loss: 6.758e-02 | training energy RMSE (per atom):    3.8 meV | training energy MAE (per atom):    2.5 meV | training forces RMSE:   78.3 meV/A | training forces MAE:  48.51 meV/A | validation loss: 9.722e-03 | validation energy RMSE (per atom):   14.8 meV | validation energy MAE (per atom):    3.3 meV | validation forces RMSE:  103.7 meV/A | validation forces MAE:  52.71 meV/A
[2025-10-13 22:54:39][INFO] - Epoch: 1062 | learning rate: 3.125e-06 | training loss: 6.924e-02 | training energy RMSE (per atom):    3.8 meV | training energy MAE (per atom):    2.4 meV | training forces RMSE:   78.3 meV/A | training forces MAE:  48.45 meV/A | validation loss: 9.671e-03 | validation energy RMSE (per atom):   14.8 meV | validation energy MAE (per atom):    3.2 meV | validation forces RMSE:  103.4 meV/A | validation forces MAE:  52.17 meV/A
[2025-10-13 22:55:17][INFO] - Epoch: 1063 | learning rate: 3.125e-06 | training loss: 6.774e-02 | training energy RMSE (per atom):    3.9 meV | training energy MAE (per atom):    2.5 meV | training forces RMSE:   77.9 meV/A | training forces MAE:  48.25 meV/A | validation loss: 9.560e-03 | validation energy RMSE (per atom):   14.5 meV | validation energy MAE (per atom):    3.3 meV | validation forces RMSE:  103.8 meV/A | validation forces MAE:  52.74 meV/A
[2025-10-13 22:55:55][INFO] - Epoch: 1064 | learning rate: 3.125e-06 | training loss: 6.756e-02 | training energy RMSE (per atom):    3.8 meV | training energy MAE (per atom):    2.4 meV | training forces RMSE:   78.0 meV/A | training forces MAE:  48.25 meV/A | validation loss: 9.566e-03 | validation energy RMSE (per atom):   14.5 meV | validation energy MAE (per atom):    3.1 meV | validation forces RMSE:  104.1 meV/A | validation forces MAE:  52.73 meV/A
[2025-10-13 22:56:33][INFO] - Epoch: 1065 | learning rate: 3.125e-06 | training loss: 6.730e-02 | training energy RMSE (per atom):    3.9 meV | training energy MAE (per atom):    2.5 meV | training forces RMSE:   77.9 meV/A | training forces MAE:  48.27 meV/A | validation loss: 9.476e-03 | validation energy RMSE (per atom):   14.5 meV | validation energy MAE (per atom):    2.9 meV | validation forces RMSE:  103.3 meV/A | validation forces MAE:  52.01 meV/A
[2025-10-13 22:57:11][INFO] - Epoch: 1066 | learning rate: 3.125e-06 | training loss: 6.754e-02 | training energy RMSE (per atom):    3.7 meV | training energy MAE (per atom):    2.4 meV | training forces RMSE:   78.3 meV/A | training forces MAE:  48.36 meV/A | validation loss: 9.449e-03 | validation energy RMSE (per atom):   14.4 meV | validation energy MAE (per atom):    2.9 meV | validation forces RMSE:  103.9 meV/A | validation forces MAE:  52.32 meV/A
[2025-10-13 22:57:48][INFO] - Epoch: 1067 | learning rate: 3.125e-06 | training loss: 6.809e-02 | training energy RMSE (per atom):    3.9 meV | training energy MAE (per atom):    2.5 meV | training forces RMSE:   78.1 meV/A | training forces MAE:  48.32 meV/A | validation loss: 9.533e-03 | validation energy RMSE (per atom):   14.5 meV | validation energy MAE (per atom):    3.6 meV | validation forces RMSE:  103.9 meV/A | validation forces MAE:  52.35 meV/A
[2025-10-13 22:58:27][INFO] - Epoch: 1068 | learning rate: 3.125e-06 | training loss: 6.790e-02 | training energy RMSE (per atom):    4.1 meV | training energy MAE (per atom):    2.7 meV | training forces RMSE:   78.0 meV/A | training forces MAE:  48.31 meV/A | validation loss: 9.402e-03 | validation energy RMSE (per atom):   14.3 meV | validation energy MAE (per atom):    3.6 meV | validation forces RMSE:  104.1 meV/A | validation forces MAE:  52.49 meV/A
[2025-10-13 22:59:05][INFO] - Epoch: 1069 | learning rate: 3.125e-06 | training loss: 6.847e-02 | training energy RMSE (per atom):    4.0 meV | training energy MAE (per atom):    2.7 meV | training forces RMSE:   78.0 meV/A | training forces MAE:  48.34 meV/A | validation loss: 9.656e-03 | validation energy RMSE (per atom):   14.9 meV | validation energy MAE (per atom):    5.0 meV | validation forces RMSE:  103.7 meV/A | validation forces MAE:  52.33 meV/A
[2025-10-13 22:59:43][INFO] - Epoch: 1070 | learning rate: 3.125e-06 | training loss: 6.717e-02 | training energy RMSE (per atom):    3.9 meV | training energy MAE (per atom):    2.5 meV | training forces RMSE:   77.8 meV/A | training forces MAE:  48.20 meV/A | validation loss: 9.775e-03 | validation energy RMSE (per atom):   15.0 meV | validation energy MAE (per atom):    4.2 meV | validation forces RMSE:  104.1 meV/A | validation forces MAE:  52.36 meV/A
[2025-10-13 23:00:21][INFO] - Epoch: 1071 | learning rate: 3.125e-06 | training loss: 6.802e-02 | training energy RMSE (per atom):    3.9 meV | training energy MAE (per atom):    2.5 meV | training forces RMSE:   78.0 meV/A | training forces MAE:  48.28 meV/A | validation loss: 9.701e-03 | validation energy RMSE (per atom):   14.8 meV | validation energy MAE (per atom):    3.4 meV | validation forces RMSE:  103.8 meV/A | validation forces MAE:  52.15 meV/A
[2025-10-13 23:00:59][INFO] - Epoch: 1072 | learning rate: 3.125e-06 | training loss: 6.713e-02 | training energy RMSE (per atom):    3.8 meV | training energy MAE (per atom):    2.5 meV | training forces RMSE:   77.8 meV/A | training forces MAE:  48.17 meV/A | validation loss: 9.405e-03 | validation energy RMSE (per atom):   14.4 meV | validation energy MAE (per atom):    3.0 meV | validation forces RMSE:  103.4 meV/A | validation forces MAE:  52.06 meV/A
[2025-10-13 23:01:36][INFO] - Epoch: 1073 | learning rate: 3.125e-06 | training loss: 6.693e-02 | training energy RMSE (per atom):    3.9 meV | training energy MAE (per atom):    2.5 meV | training forces RMSE:   77.8 meV/A | training forces MAE:  48.23 meV/A | validation loss: 9.710e-03 | validation energy RMSE (per atom):   14.7 meV | validation energy MAE (per atom):    3.0 meV | validation forces RMSE:  104.5 meV/A | validation forces MAE:  53.04 meV/A
[2025-10-13 23:02:15][INFO] - Epoch: 1074 | learning rate: 3.125e-06 | training loss: 6.776e-02 | training energy RMSE (per atom):    4.0 meV | training energy MAE (per atom):    2.6 meV | training forces RMSE:   78.2 meV/A | training forces MAE:  48.50 meV/A | validation loss: 9.715e-03 | validation energy RMSE (per atom):   14.6 meV | validation energy MAE (per atom):    3.0 meV | validation forces RMSE:  104.7 meV/A | validation forces MAE:  53.08 meV/A
[2025-10-13 23:02:53][INFO] - Epoch: 1075 | learning rate: 3.125e-06 | training loss: 6.794e-02 | training energy RMSE (per atom):    4.1 meV | training energy MAE (per atom):    2.8 meV | training forces RMSE:   77.9 meV/A | training forces MAE:  48.31 meV/A | validation loss: 9.801e-03 | validation energy RMSE (per atom):   15.0 meV | validation energy MAE (per atom):    3.8 meV | validation forces RMSE:  103.6 meV/A | validation forces MAE:  52.93 meV/A
[2025-10-13 23:03:30][INFO] - Epoch: 1076 | learning rate: 3.125e-06 | training loss: 6.755e-02 | training energy RMSE (per atom):    3.8 meV | training energy MAE (per atom):    2.5 meV | training forces RMSE:   77.9 meV/A | training forces MAE:  48.20 meV/A | validation loss: 9.792e-03 | validation energy RMSE (per atom):   14.7 meV | validation energy MAE (per atom):    3.3 meV | validation forces RMSE:  105.2 meV/A | validation forces MAE:  53.31 meV/A
[2025-10-13 23:04:09][INFO] - Epoch: 1077 | learning rate: 3.125e-06 | training loss: 6.780e-02 | training energy RMSE (per atom):    4.0 meV | training energy MAE (per atom):    2.7 meV | training forces RMSE:   78.0 meV/A | training forces MAE:  48.24 meV/A | validation loss: 9.571e-03 | validation energy RMSE (per atom):   14.6 meV | validation energy MAE (per atom):    3.1 meV | validation forces RMSE:  103.5 meV/A | validation forces MAE:  52.38 meV/A
[2025-10-13 23:04:46][INFO] - Epoch: 1078 | learning rate: 3.125e-06 | training loss: 6.699e-02 | training energy RMSE (per atom):    3.8 meV | training energy MAE (per atom):    2.4 meV | training forces RMSE:   77.7 meV/A | training forces MAE:  48.09 meV/A | validation loss: 9.480e-03 | validation energy RMSE (per atom):   14.5 meV | validation energy MAE (per atom):    3.2 meV | validation forces RMSE:  103.3 meV/A | validation forces MAE:  52.15 meV/A
[2025-10-13 23:05:25][INFO] - Epoch: 1079 | learning rate: 3.125e-06 | training loss: 6.759e-02 | training energy RMSE (per atom):    3.7 meV | training energy MAE (per atom):    2.4 meV | training forces RMSE:   77.9 meV/A | training forces MAE:  48.31 meV/A | validation loss: 9.549e-03 | validation energy RMSE (per atom):   14.7 meV | validation energy MAE (per atom):    3.2 meV | validation forces RMSE:  103.3 meV/A | validation forces MAE:  51.99 meV/A
[2025-10-13 23:06:02][INFO] - Epoch: 1080 | learning rate: 3.125e-06 | training loss: 6.729e-02 | training energy RMSE (per atom):    3.9 meV | training energy MAE (per atom):    2.5 meV | training forces RMSE:   77.8 meV/A | training forces MAE:  48.17 meV/A | validation loss: 9.592e-03 | validation energy RMSE (per atom):   14.6 meV | validation energy MAE (per atom):    3.5 meV | validation forces RMSE:  103.8 meV/A | validation forces MAE:  52.38 meV/A
[2025-10-13 23:06:40][INFO] - Epoch: 1081 | learning rate: 3.125e-06 | training loss: 6.663e-02 | training energy RMSE (per atom):    3.6 meV | training energy MAE (per atom):    2.3 meV | training forces RMSE:   77.6 meV/A | training forces MAE:  48.10 meV/A | validation loss: 9.489e-03 | validation energy RMSE (per atom):   14.5 meV | validation energy MAE (per atom):    3.1 meV | validation forces RMSE:  103.5 meV/A | validation forces MAE:  52.06 meV/A
[2025-10-13 23:07:18][INFO] - Epoch: 1082 | learning rate: 3.125e-06 | training loss: 6.736e-02 | training energy RMSE (per atom):    3.7 meV | training energy MAE (per atom):    2.3 meV | training forces RMSE:   77.7 meV/A | training forces MAE:  48.07 meV/A | validation loss: 9.782e-03 | validation energy RMSE (per atom):   15.2 meV | validation energy MAE (per atom):    4.7 meV | validation forces RMSE:  103.2 meV/A | validation forces MAE:  52.07 meV/A
[2025-10-13 23:07:56][INFO] - Epoch: 1083 | learning rate: 3.125e-06 | training loss: 6.758e-02 | training energy RMSE (per atom):    4.2 meV | training energy MAE (per atom):    2.9 meV | training forces RMSE:   77.6 meV/A | training forces MAE:  48.21 meV/A | validation loss: 9.473e-03 | validation energy RMSE (per atom):   14.5 meV | validation energy MAE (per atom):    3.0 meV | validation forces RMSE:  103.1 meV/A | validation forces MAE:  52.15 meV/A
[2025-10-13 23:08:34][INFO] - Epoch: 1084 | learning rate: 3.125e-06 | training loss: 6.775e-02 | training energy RMSE (per atom):    4.0 meV | training energy MAE (per atom):    2.8 meV | training forces RMSE:   77.6 meV/A | training forces MAE:  48.11 meV/A | validation loss: 9.601e-03 | validation energy RMSE (per atom):   14.6 meV | validation energy MAE (per atom):    3.9 meV | validation forces RMSE:  103.8 meV/A | validation forces MAE:  52.74 meV/A
[2025-10-13 23:09:12][INFO] - Epoch: 1085 | learning rate: 3.125e-06 | training loss: 6.724e-02 | training energy RMSE (per atom):    3.8 meV | training energy MAE (per atom):    2.4 meV | training forces RMSE:   77.8 meV/A | training forces MAE:  48.24 meV/A | validation loss: 9.433e-03 | validation energy RMSE (per atom):   14.4 meV | validation energy MAE (per atom):    3.6 meV | validation forces RMSE:  103.2 meV/A | validation forces MAE:  52.62 meV/A
[2025-10-13 23:09:50][INFO] - Epoch: 1086 | learning rate: 3.125e-06 | training loss: 6.667e-02 | training energy RMSE (per atom):    3.8 meV | training energy MAE (per atom):    2.4 meV | training forces RMSE:   77.7 meV/A | training forces MAE:  48.12 meV/A | validation loss: 9.419e-03 | validation energy RMSE (per atom):   14.4 meV | validation energy MAE (per atom):    3.1 meV | validation forces RMSE:  103.3 meV/A | validation forces MAE:  52.30 meV/A
[2025-10-13 23:10:28][INFO] - Epoch: 1087 | learning rate: 3.125e-06 | training loss: 6.669e-02 | training energy RMSE (per atom):    3.8 meV | training energy MAE (per atom):    2.4 meV | training forces RMSE:   77.9 meV/A | training forces MAE:  48.18 meV/A | validation loss: 9.611e-03 | validation energy RMSE (per atom):   14.9 meV | validation energy MAE (per atom):    4.9 meV | validation forces RMSE:  103.4 meV/A | validation forces MAE:  52.27 meV/A
[2025-10-13 23:11:05][INFO] - Epoch: 1088 | learning rate: 3.125e-06 | training loss: 6.735e-02 | training energy RMSE (per atom):    4.0 meV | training energy MAE (per atom):    2.6 meV | training forces RMSE:   77.7 meV/A | training forces MAE:  48.19 meV/A | validation loss: 9.778e-03 | validation energy RMSE (per atom):   14.8 meV | validation energy MAE (per atom):    3.2 meV | validation forces RMSE:  104.4 meV/A | validation forces MAE:  52.85 meV/A
[2025-10-13 23:11:43][INFO] - Epoch: 1089 | learning rate: 3.125e-06 | training loss: 6.769e-02 | training energy RMSE (per atom):    4.2 meV | training energy MAE (per atom):    2.8 meV | training forces RMSE:   77.6 meV/A | training forces MAE:  48.18 meV/A | validation loss: 9.610e-03 | validation energy RMSE (per atom):   14.7 meV | validation energy MAE (per atom):    3.1 meV | validation forces RMSE:  103.8 meV/A | validation forces MAE:  52.25 meV/A
[2025-10-13 23:12:21][INFO] - Epoch: 1090 | learning rate: 3.125e-06 | training loss: 6.660e-02 | training energy RMSE (per atom):    3.8 meV | training energy MAE (per atom):    2.5 meV | training forces RMSE:   77.6 meV/A | training forces MAE:  48.13 meV/A | validation loss: 9.608e-03 | validation energy RMSE (per atom):   14.7 meV | validation energy MAE (per atom):    3.6 meV | validation forces RMSE:  103.7 meV/A | validation forces MAE:  52.25 meV/A
[2025-10-13 23:12:59][INFO] - Epoch: 1091 | learning rate: 3.125e-06 | training loss: 6.704e-02 | training energy RMSE (per atom):    3.7 meV | training energy MAE (per atom):    2.4 meV | training forces RMSE:   77.7 meV/A | training forces MAE:  48.23 meV/A | validation loss: 9.620e-03 | validation energy RMSE (per atom):   14.6 meV | validation energy MAE (per atom):    3.0 meV | validation forces RMSE:  104.3 meV/A | validation forces MAE:  52.45 meV/A
[2025-10-13 23:13:37][INFO] - Epoch: 1092 | learning rate: 3.125e-06 | training loss: 6.641e-02 | training energy RMSE (per atom):    3.7 meV | training energy MAE (per atom):    2.4 meV | training forces RMSE:   77.5 meV/A | training forces MAE:  48.13 meV/A | validation loss: 9.591e-03 | validation energy RMSE (per atom):   14.7 meV | validation energy MAE (per atom):    3.2 meV | validation forces RMSE:  103.2 meV/A | validation forces MAE:  52.18 meV/A
[2025-10-13 23:14:15][INFO] - Epoch: 1093 | learning rate: 3.125e-06 | training loss: 6.771e-02 | training energy RMSE (per atom):    4.0 meV | training energy MAE (per atom):    2.7 meV | training forces RMSE:   77.6 meV/A | training forces MAE:  48.20 meV/A | validation loss: 9.568e-03 | validation energy RMSE (per atom):   14.8 meV | validation energy MAE (per atom):    4.4 meV | validation forces RMSE:  103.3 meV/A | validation forces MAE:  52.02 meV/A
[2025-10-13 23:14:54][INFO] - Epoch: 1094 | learning rate: 3.125e-06 | training loss: 6.753e-02 | training energy RMSE (per atom):    4.1 meV | training energy MAE (per atom):    2.8 meV | training forces RMSE:   77.4 meV/A | training forces MAE:  48.04 meV/A | validation loss: 9.597e-03 | validation energy RMSE (per atom):   14.6 meV | validation energy MAE (per atom):    2.9 meV | validation forces RMSE:  103.6 meV/A | validation forces MAE:  52.26 meV/A
[2025-10-13 23:15:32][INFO] - Epoch: 1095 | learning rate: 3.125e-06 | training loss: 6.704e-02 | training energy RMSE (per atom):    3.8 meV | training energy MAE (per atom):    2.4 meV | training forces RMSE:   77.5 meV/A | training forces MAE:  48.07 meV/A | validation loss: 9.679e-03 | validation energy RMSE (per atom):   14.5 meV | validation energy MAE (per atom):    3.0 meV | validation forces RMSE:  105.4 meV/A | validation forces MAE:  54.03 meV/A
[2025-10-13 23:16:09][INFO] - Epoch: 1096 | learning rate: 3.125e-06 | training loss: 6.726e-02 | training energy RMSE (per atom):    3.9 meV | training energy MAE (per atom):    2.5 meV | training forces RMSE:   77.8 meV/A | training forces MAE:  48.41 meV/A | validation loss: 9.577e-03 | validation energy RMSE (per atom):   14.7 meV | validation energy MAE (per atom):    3.4 meV | validation forces RMSE:  103.3 meV/A | validation forces MAE:  52.11 meV/A
[2025-10-13 23:16:48][INFO] - Epoch: 1097 | learning rate: 3.125e-06 | training loss: 6.747e-02 | training energy RMSE (per atom):    3.9 meV | training energy MAE (per atom):    2.5 meV | training forces RMSE:   77.7 meV/A | training forces MAE:  48.23 meV/A | validation loss: 9.635e-03 | validation energy RMSE (per atom):   14.7 meV | validation energy MAE (per atom):    3.1 meV | validation forces RMSE:  103.5 meV/A | validation forces MAE:  52.55 meV/A
[2025-10-13 23:17:25][INFO] - Epoch: 1098 | learning rate: 3.125e-06 | training loss: 6.696e-02 | training energy RMSE (per atom):    3.8 meV | training energy MAE (per atom):    2.5 meV | training forces RMSE:   77.6 meV/A | training forces MAE:  48.26 meV/A | validation loss: 9.396e-03 | validation energy RMSE (per atom):   14.4 meV | validation energy MAE (per atom):    3.1 meV | validation forces RMSE:  103.2 meV/A | validation forces MAE:  52.14 meV/A
[2025-10-13 23:18:04][INFO] - Epoch: 1099 | learning rate: 3.125e-06 | training loss: 6.662e-02 | training energy RMSE (per atom):    3.8 meV | training energy MAE (per atom):    2.5 meV | training forces RMSE:   77.5 meV/A | training forces MAE:  48.10 meV/A | validation loss: 9.465e-03 | validation energy RMSE (per atom):   14.5 meV | validation energy MAE (per atom):    3.3 meV | validation forces RMSE:  103.2 meV/A | validation forces MAE:  52.31 meV/A
[2025-10-13 23:18:42][INFO] - Epoch: 1100 | learning rate: 3.125e-06 | training loss: 6.748e-02 | training energy RMSE (per atom):    4.1 meV | training energy MAE (per atom):    2.8 meV | training forces RMSE:   77.5 meV/A | training forces MAE:  48.08 meV/A | validation loss: 9.552e-03 | validation energy RMSE (per atom):   14.4 meV | validation energy MAE (per atom):    3.1 meV | validation forces RMSE:  104.7 meV/A | validation forces MAE:  52.97 meV/A
[2025-10-13 23:19:20][INFO] - Epoch: 1101 | learning rate: 3.125e-06 | training loss: 6.704e-02 | training energy RMSE (per atom):    3.9 meV | training energy MAE (per atom):    2.6 meV | training forces RMSE:   77.6 meV/A | training forces MAE:  48.14 meV/A | validation loss: 9.486e-03 | validation energy RMSE (per atom):   14.5 meV | validation energy MAE (per atom):    3.2 meV | validation forces RMSE:  103.3 meV/A | validation forces MAE:  52.42 meV/A
[2025-10-13 23:19:58][INFO] - Epoch: 1102 | learning rate: 3.125e-06 | training loss: 6.766e-02 | training energy RMSE (per atom):    3.8 meV | training energy MAE (per atom):    2.4 meV | training forces RMSE:   77.5 meV/A | training forces MAE:  48.09 meV/A | validation loss: 9.510e-03 | validation energy RMSE (per atom):   14.6 meV | validation energy MAE (per atom):    4.1 meV | validation forces RMSE:  103.6 meV/A | validation forces MAE:  52.59 meV/A
[2025-10-13 23:20:36][INFO] - Epoch: 1103 | learning rate: 3.125e-06 | training loss: 6.706e-02 | training energy RMSE (per atom):    3.8 meV | training energy MAE (per atom):    2.5 meV | training forces RMSE:   77.5 meV/A | training forces MAE:  48.11 meV/A | validation loss: 9.476e-03 | validation energy RMSE (per atom):   14.5 meV | validation energy MAE (per atom):    2.9 meV | validation forces RMSE:  103.5 meV/A | validation forces MAE:  52.07 meV/A
[2025-10-13 23:21:14][INFO] - Epoch: 1104 | learning rate: 3.125e-06 | training loss: 6.689e-02 | training energy RMSE (per atom):    3.8 meV | training energy MAE (per atom):    2.4 meV | training forces RMSE:   77.3 meV/A | training forces MAE:  47.97 meV/A | validation loss: 9.649e-03 | validation energy RMSE (per atom):   14.7 meV | validation energy MAE (per atom):    3.0 meV | validation forces RMSE:  103.5 meV/A | validation forces MAE:  52.27 meV/A
[2025-10-13 23:21:52][INFO] - Epoch: 1105 | learning rate: 3.125e-06 | training loss: 6.764e-02 | training energy RMSE (per atom):    4.0 meV | training energy MAE (per atom):    2.6 meV | training forces RMSE:   77.6 meV/A | training forces MAE:  48.19 meV/A | validation loss: 9.716e-03 | validation energy RMSE (per atom):   14.9 meV | validation energy MAE (per atom):    4.0 meV | validation forces RMSE:  103.4 meV/A | validation forces MAE:  52.59 meV/A
[2025-10-13 23:22:29][INFO] - Epoch: 1106 | learning rate: 3.125e-06 | training loss: 6.759e-02 | training energy RMSE (per atom):    3.7 meV | training energy MAE (per atom):    2.3 meV | training forces RMSE:   77.5 meV/A | training forces MAE:  48.15 meV/A | validation loss: 9.463e-03 | validation energy RMSE (per atom):   14.4 meV | validation energy MAE (per atom):    2.8 meV | validation forces RMSE:  103.5 meV/A | validation forces MAE:  52.35 meV/A
[2025-10-13 23:23:07][INFO] - Epoch: 1107 | learning rate: 3.125e-06 | training loss: 6.602e-02 | training energy RMSE (per atom):    4.0 meV | training energy MAE (per atom):    2.7 meV | training forces RMSE:   77.3 meV/A | training forces MAE:  48.09 meV/A | validation loss: 9.445e-03 | validation energy RMSE (per atom):   14.4 meV | validation energy MAE (per atom):    3.3 meV | validation forces RMSE:  103.6 meV/A | validation forces MAE:  52.24 meV/A
[2025-10-13 23:23:45][INFO] - Epoch: 1108 | learning rate: 3.125e-06 | training loss: 6.723e-02 | training energy RMSE (per atom):    3.8 meV | training energy MAE (per atom):    2.5 meV | training forces RMSE:   77.5 meV/A | training forces MAE:  48.16 meV/A | validation loss: 9.578e-03 | validation energy RMSE (per atom):   14.6 meV | validation energy MAE (per atom):    3.5 meV | validation forces RMSE:  103.9 meV/A | validation forces MAE:  52.52 meV/A
[2025-10-13 23:24:23][INFO] - Epoch: 1109 | learning rate: 3.125e-06 | training loss: 6.673e-02 | training energy RMSE (per atom):    3.8 meV | training energy MAE (per atom):    2.5 meV | training forces RMSE:   77.5 meV/A | training forces MAE:  48.16 meV/A | validation loss: 9.507e-03 | validation energy RMSE (per atom):   14.5 meV | validation energy MAE (per atom):    3.6 meV | validation forces RMSE:  103.7 meV/A | validation forces MAE:  52.30 meV/A
[2025-10-13 23:25:01][INFO] - Epoch: 1110 | learning rate: 3.125e-06 | training loss: 6.645e-02 | training energy RMSE (per atom):    3.7 meV | training energy MAE (per atom):    2.5 meV | training forces RMSE:   77.4 meV/A | training forces MAE:  48.09 meV/A | validation loss: 9.521e-03 | validation energy RMSE (per atom):   14.7 meV | validation energy MAE (per atom):    4.3 meV | validation forces RMSE:  103.1 meV/A | validation forces MAE:  52.71 meV/A
[2025-10-13 23:25:39][INFO] - Epoch: 1111 | learning rate: 3.125e-06 | training loss: 6.804e-02 | training energy RMSE (per atom):    4.1 meV | training energy MAE (per atom):    2.7 meV | training forces RMSE:   77.5 meV/A | training forces MAE:  48.08 meV/A | validation loss: 9.473e-03 | validation energy RMSE (per atom):   14.5 meV | validation energy MAE (per atom):    3.4 meV | validation forces RMSE:  103.3 meV/A | validation forces MAE:  52.11 meV/A
[2025-10-13 23:26:17][INFO] - Epoch: 1112 | learning rate: 3.125e-06 | training loss: 6.708e-02 | training energy RMSE (per atom):    4.0 meV | training energy MAE (per atom):    2.7 meV | training forces RMSE:   77.4 meV/A | training forces MAE:  48.09 meV/A | validation loss: 9.509e-03 | validation energy RMSE (per atom):   14.5 meV | validation energy MAE (per atom):    2.8 meV | validation forces RMSE:  103.8 meV/A | validation forces MAE:  52.08 meV/A
[2025-10-13 23:26:55][INFO] - Epoch: 1113 | learning rate: 3.125e-06 | training loss: 6.608e-02 | training energy RMSE (per atom):    3.6 meV | training energy MAE (per atom):    2.2 meV | training forces RMSE:   77.1 meV/A | training forces MAE:  47.87 meV/A | validation loss: 9.456e-03 | validation energy RMSE (per atom):   14.4 meV | validation energy MAE (per atom):    3.5 meV | validation forces RMSE:  103.9 meV/A | validation forces MAE:  52.72 meV/A
[2025-10-13 23:27:33][INFO] - Epoch: 1114 | learning rate: 3.125e-06 | training loss: 6.678e-02 | training energy RMSE (per atom):    3.8 meV | training energy MAE (per atom):    2.4 meV | training forces RMSE:   77.3 meV/A | training forces MAE:  48.00 meV/A | validation loss: 9.504e-03 | validation energy RMSE (per atom):   14.5 meV | validation energy MAE (per atom):    3.9 meV | validation forces RMSE:  103.7 meV/A | validation forces MAE:  52.34 meV/A
[2025-10-13 23:28:11][INFO] - Epoch: 1115 | learning rate: 3.125e-06 | training loss: 6.681e-02 | training energy RMSE (per atom):    3.8 meV | training energy MAE (per atom):    2.4 meV | training forces RMSE:   77.4 meV/A | training forces MAE:  48.08 meV/A | validation loss: 9.515e-03 | validation energy RMSE (per atom):   14.6 meV | validation energy MAE (per atom):    3.2 meV | validation forces RMSE:  103.1 meV/A | validation forces MAE:  52.17 meV/A
[2025-10-13 23:28:49][INFO] - Epoch: 1116 | learning rate: 3.125e-06 | training loss: 6.606e-02 | training energy RMSE (per atom):    3.7 meV | training energy MAE (per atom):    2.4 meV | training forces RMSE:   77.3 meV/A | training forces MAE:  48.03 meV/A | validation loss: 9.472e-03 | validation energy RMSE (per atom):   14.4 meV | validation energy MAE (per atom):    2.9 meV | validation forces RMSE:  103.8 meV/A | validation forces MAE:  52.16 meV/A
[2025-10-13 23:29:26][INFO] - Epoch: 1117 | learning rate: 3.125e-06 | training loss: 6.844e-02 | training energy RMSE (per atom):    3.9 meV | training energy MAE (per atom):    2.5 meV | training forces RMSE:   77.8 meV/A | training forces MAE:  48.32 meV/A | validation loss: 9.440e-03 | validation energy RMSE (per atom):   14.4 meV | validation energy MAE (per atom):    3.3 meV | validation forces RMSE:  103.2 meV/A | validation forces MAE:  52.50 meV/A
[2025-10-13 23:30:04][INFO] - Epoch: 1118 | learning rate: 3.125e-06 | training loss: 6.665e-02 | training energy RMSE (per atom):    3.9 meV | training energy MAE (per atom):    2.5 meV | training forces RMSE:   77.5 meV/A | training forces MAE:  48.10 meV/A | validation loss: 9.586e-03 | validation energy RMSE (per atom):   14.7 meV | validation energy MAE (per atom):    2.9 meV | validation forces RMSE:  103.1 meV/A | validation forces MAE:  52.36 meV/A
[2025-10-13 23:30:42][INFO] - Epoch: 1119 | learning rate: 3.125e-06 | training loss: 6.766e-02 | training energy RMSE (per atom):    3.7 meV | training energy MAE (per atom):    2.4 meV | training forces RMSE:   77.9 meV/A | training forces MAE:  48.23 meV/A | validation loss: 9.761e-03 | validation energy RMSE (per atom):   14.8 meV | validation energy MAE (per atom):    3.9 meV | validation forces RMSE:  104.4 meV/A | validation forces MAE:  52.91 meV/A
[2025-10-13 23:31:21][INFO] - Epoch: 1120 | learning rate: 3.125e-06 | training loss: 6.681e-02 | training energy RMSE (per atom):    3.9 meV | training energy MAE (per atom):    2.5 meV | training forces RMSE:   77.3 meV/A | training forces MAE:  47.97 meV/A | validation loss: 9.495e-03 | validation energy RMSE (per atom):   14.5 meV | validation energy MAE (per atom):    3.0 meV | validation forces RMSE:  103.3 meV/A | validation forces MAE:  52.53 meV/A
[2025-10-13 23:31:58][INFO] - Epoch: 1121 | learning rate: 3.125e-06 | training loss: 6.776e-02 | training energy RMSE (per atom):    3.9 meV | training energy MAE (per atom):    2.6 meV | training forces RMSE:   77.4 meV/A | training forces MAE:  48.06 meV/A | validation loss: 9.515e-03 | validation energy RMSE (per atom):   14.7 meV | validation energy MAE (per atom):    3.1 meV | validation forces RMSE:  102.9 meV/A | validation forces MAE:  51.94 meV/A
[2025-10-13 23:32:37][INFO] - Epoch: 1122 | learning rate: 3.125e-06 | training loss: 6.613e-02 | training energy RMSE (per atom):    3.8 meV | training energy MAE (per atom):    2.4 meV | training forces RMSE:   77.5 meV/A | training forces MAE:  48.14 meV/A | validation loss: 9.507e-03 | validation energy RMSE (per atom):   14.4 meV | validation energy MAE (per atom):    3.2 meV | validation forces RMSE:  104.1 meV/A | validation forces MAE:  52.71 meV/A
[2025-10-13 23:33:15][INFO] - Epoch: 1123 | learning rate: 3.125e-06 | training loss: 6.607e-02 | training energy RMSE (per atom):    3.8 meV | training energy MAE (per atom):    2.5 meV | training forces RMSE:   77.2 meV/A | training forces MAE:  47.93 meV/A | validation loss: 9.531e-03 | validation energy RMSE (per atom):   14.5 meV | validation energy MAE (per atom):    3.1 meV | validation forces RMSE:  104.0 meV/A | validation forces MAE:  52.64 meV/A
[2025-10-13 23:33:53][INFO] - Epoch: 1124 | learning rate: 3.125e-06 | training loss: 6.575e-02 | training energy RMSE (per atom):    3.7 meV | training energy MAE (per atom):    2.4 meV | training forces RMSE:   77.2 meV/A | training forces MAE:  47.94 meV/A | validation loss: 9.565e-03 | validation energy RMSE (per atom):   14.6 meV | validation energy MAE (per atom):    3.1 meV | validation forces RMSE:  103.7 meV/A | validation forces MAE:  52.39 meV/A
[2025-10-13 23:34:31][INFO] - Epoch: 1125 | learning rate: 3.125e-06 | training loss: 6.612e-02 | training energy RMSE (per atom):    4.0 meV | training energy MAE (per atom):    2.7 meV | training forces RMSE:   77.1 meV/A | training forces MAE:  47.88 meV/A | validation loss: 9.539e-03 | validation energy RMSE (per atom):   14.5 meV | validation energy MAE (per atom):    3.6 meV | validation forces RMSE:  103.9 meV/A | validation forces MAE:  52.70 meV/A
[2025-10-13 23:35:09][INFO] - Epoch: 1126 | learning rate: 3.125e-06 | training loss: 6.644e-02 | training energy RMSE (per atom):    3.8 meV | training energy MAE (per atom):    2.4 meV | training forces RMSE:   77.6 meV/A | training forces MAE:  48.12 meV/A | validation loss: 9.726e-03 | validation energy RMSE (per atom):   14.8 meV | validation energy MAE (per atom):    3.1 meV | validation forces RMSE:  104.5 meV/A | validation forces MAE:  52.58 meV/A
[2025-10-13 23:35:47][INFO] - Epoch: 1127 | learning rate: 3.125e-06 | training loss: 6.560e-02 | training energy RMSE (per atom):    3.7 meV | training energy MAE (per atom):    2.3 meV | training forces RMSE:   77.0 meV/A | training forces MAE:  47.90 meV/A | validation loss: 9.551e-03 | validation energy RMSE (per atom):   14.6 meV | validation energy MAE (per atom):    3.1 meV | validation forces RMSE:  103.4 meV/A | validation forces MAE:  52.20 meV/A
[2025-10-13 23:36:25][INFO] - Epoch: 1128 | learning rate: 3.125e-06 | training loss: 6.756e-02 | training energy RMSE (per atom):    3.8 meV | training energy MAE (per atom):    2.4 meV | training forces RMSE:   77.7 meV/A | training forces MAE:  48.17 meV/A | validation loss: 9.527e-03 | validation energy RMSE (per atom):   14.6 meV | validation energy MAE (per atom):    3.4 meV | validation forces RMSE:  103.1 meV/A | validation forces MAE:  52.19 meV/A
[2025-10-13 23:37:03][INFO] - Epoch: 1129 | learning rate: 3.125e-06 | training loss: 6.749e-02 | training energy RMSE (per atom):    4.0 meV | training energy MAE (per atom):    2.6 meV | training forces RMSE:   77.7 meV/A | training forces MAE:  48.01 meV/A | validation loss: 9.702e-03 | validation energy RMSE (per atom):   14.7 meV | validation energy MAE (per atom):    3.3 meV | validation forces RMSE:  104.5 meV/A | validation forces MAE:  52.81 meV/A
[2025-10-13 23:37:41][INFO] - Epoch: 1130 | learning rate: 3.125e-06 | training loss: 6.769e-02 | training energy RMSE (per atom):    3.8 meV | training energy MAE (per atom):    2.4 meV | training forces RMSE:   77.4 meV/A | training forces MAE:  48.02 meV/A | validation loss: 9.581e-03 | validation energy RMSE (per atom):   14.5 meV | validation energy MAE (per atom):    3.1 meV | validation forces RMSE:  104.1 meV/A | validation forces MAE:  53.20 meV/A
[2025-10-13 23:38:19][INFO] - Epoch: 1131 | learning rate: 3.125e-06 | training loss: 6.639e-02 | training energy RMSE (per atom):    3.8 meV | training energy MAE (per atom):    2.5 meV | training forces RMSE:   77.5 meV/A | training forces MAE:  48.06 meV/A | validation loss: 9.647e-03 | validation energy RMSE (per atom):   14.7 meV | validation energy MAE (per atom):    2.9 meV | validation forces RMSE:  103.8 meV/A | validation forces MAE:  52.56 meV/A
[2025-10-13 23:38:57][INFO] - Epoch: 1132 | learning rate: 3.125e-06 | training loss: 6.707e-02 | training energy RMSE (per atom):    3.9 meV | training energy MAE (per atom):    2.6 meV | training forces RMSE:   77.7 meV/A | training forces MAE:  48.10 meV/A | validation loss: 9.561e-03 | validation energy RMSE (per atom):   14.6 meV | validation energy MAE (per atom):    2.9 meV | validation forces RMSE:  103.7 meV/A | validation forces MAE:  52.00 meV/A
[2025-10-13 23:39:34][INFO] - Epoch: 1133 | learning rate: 3.125e-06 | training loss: 6.604e-02 | training energy RMSE (per atom):    3.7 meV | training energy MAE (per atom):    2.4 meV | training forces RMSE:   77.1 meV/A | training forces MAE:  47.86 meV/A | validation loss: 9.472e-03 | validation energy RMSE (per atom):   14.4 meV | validation energy MAE (per atom):    3.2 meV | validation forces RMSE:  104.2 meV/A | validation forces MAE:  52.28 meV/A
[2025-10-13 23:40:13][INFO] - Epoch: 1134 | learning rate: 3.125e-06 | training loss: 6.609e-02 | training energy RMSE (per atom):    3.6 meV | training energy MAE (per atom):    2.4 meV | training forces RMSE:   77.1 meV/A | training forces MAE:  47.92 meV/A | validation loss: 9.593e-03 | validation energy RMSE (per atom):   14.7 meV | validation energy MAE (per atom):    3.1 meV | validation forces RMSE:  103.3 meV/A | validation forces MAE:  51.94 meV/A
[2025-10-13 23:40:51][INFO] - Epoch: 1135 | learning rate: 3.125e-06 | training loss: 6.669e-02 | training energy RMSE (per atom):    3.8 meV | training energy MAE (per atom):    2.5 meV | training forces RMSE:   77.4 meV/A | training forces MAE:  47.98 meV/A | validation loss: 9.839e-03 | validation energy RMSE (per atom):   15.3 meV | validation energy MAE (per atom):    5.2 meV | validation forces RMSE:  103.3 meV/A | validation forces MAE:  52.47 meV/A
[2025-10-13 23:41:29][INFO] - Epoch: 1136 | learning rate: 3.125e-06 | training loss: 6.800e-02 | training energy RMSE (per atom):    4.0 meV | training energy MAE (per atom):    2.7 meV | training forces RMSE:   78.1 meV/A | training forces MAE:  48.14 meV/A | validation loss: 9.463e-03 | validation energy RMSE (per atom):   14.6 meV | validation energy MAE (per atom):    3.3 meV | validation forces RMSE:  103.1 meV/A | validation forces MAE:  52.01 meV/A
[2025-10-13 23:42:07][INFO] - Epoch: 1137 | learning rate: 3.125e-06 | training loss: 6.604e-02 | training energy RMSE (per atom):    3.8 meV | training energy MAE (per atom):    2.4 meV | training forces RMSE:   77.3 meV/A | training forces MAE:  47.84 meV/A | validation loss: 9.448e-03 | validation energy RMSE (per atom):   14.6 meV | validation energy MAE (per atom):    3.1 meV | validation forces RMSE:  102.8 meV/A | validation forces MAE:  51.83 meV/A
[2025-10-13 23:42:45][INFO] - Epoch: 1138 | learning rate: 3.125e-06 | training loss: 6.664e-02 | training energy RMSE (per atom):    3.9 meV | training energy MAE (per atom):    2.6 meV | training forces RMSE:   77.2 meV/A | training forces MAE:  47.82 meV/A | validation loss: 9.713e-03 | validation energy RMSE (per atom):   14.8 meV | validation energy MAE (per atom):    3.5 meV | validation forces RMSE:  104.0 meV/A | validation forces MAE:  52.39 meV/A
[2025-10-13 23:43:23][INFO] - Epoch: 1139 | learning rate: 3.125e-06 | training loss: 6.591e-02 | training energy RMSE (per atom):    3.7 meV | training energy MAE (per atom):    2.4 meV | training forces RMSE:   77.0 meV/A | training forces MAE:  47.82 meV/A | validation loss: 9.551e-03 | validation energy RMSE (per atom):   14.6 meV | validation energy MAE (per atom):    3.7 meV | validation forces RMSE:  103.6 meV/A | validation forces MAE:  52.06 meV/A
[2025-10-13 23:44:01][INFO] - Epoch: 1140 | learning rate: 3.125e-06 | training loss: 6.564e-02 | training energy RMSE (per atom):    3.8 meV | training energy MAE (per atom):    2.5 meV | training forces RMSE:   77.1 meV/A | training forces MAE:  47.90 meV/A | validation loss: 9.426e-03 | validation energy RMSE (per atom):   14.5 meV | validation energy MAE (per atom):    3.0 meV | validation forces RMSE:  102.8 meV/A | validation forces MAE:  51.79 meV/A
[2025-10-13 23:44:38][INFO] - Epoch: 1141 | learning rate: 3.125e-06 | training loss: 6.667e-02 | training energy RMSE (per atom):    3.9 meV | training energy MAE (per atom):    2.5 meV | training forces RMSE:   77.3 meV/A | training forces MAE:  47.96 meV/A | validation loss: 9.481e-03 | validation energy RMSE (per atom):   14.6 meV | validation energy MAE (per atom):    3.2 meV | validation forces RMSE:  102.9 meV/A | validation forces MAE:  51.83 meV/A
[2025-10-13 23:45:17][INFO] - Epoch: 1142 | learning rate: 3.125e-06 | training loss: 6.678e-02 | training energy RMSE (per atom):    3.8 meV | training energy MAE (per atom):    2.5 meV | training forces RMSE:   77.3 meV/A | training forces MAE:  47.88 meV/A | validation loss: 9.442e-03 | validation energy RMSE (per atom):   14.5 meV | validation energy MAE (per atom):    3.5 meV | validation forces RMSE:  102.9 meV/A | validation forces MAE:  51.95 meV/A
[2025-10-13 23:45:54][INFO] - Epoch: 1143 | learning rate: 3.125e-06 | training loss: 6.637e-02 | training energy RMSE (per atom):    3.8 meV | training energy MAE (per atom):    2.5 meV | training forces RMSE:   77.0 meV/A | training forces MAE:  47.86 meV/A | validation loss: 9.502e-03 | validation energy RMSE (per atom):   14.5 meV | validation energy MAE (per atom):    3.4 meV | validation forces RMSE:  103.8 meV/A | validation forces MAE:  52.27 meV/A
[2025-10-13 23:46:32][INFO] - Epoch: 1144 | learning rate: 3.125e-06 | training loss: 6.629e-02 | training energy RMSE (per atom):    3.7 meV | training energy MAE (per atom):    2.4 meV | training forces RMSE:   77.1 meV/A | training forces MAE:  47.89 meV/A | validation loss: 9.380e-03 | validation energy RMSE (per atom):   14.4 meV | validation energy MAE (per atom):    3.1 meV | validation forces RMSE:  102.8 meV/A | validation forces MAE:  52.02 meV/A
[2025-10-13 23:47:10][INFO] - Epoch: 1145 | learning rate: 3.125e-06 | training loss: 6.632e-02 | training energy RMSE (per atom):    4.0 meV | training energy MAE (per atom):    2.7 meV | training forces RMSE:   77.2 meV/A | training forces MAE:  47.83 meV/A | validation loss: 9.452e-03 | validation energy RMSE (per atom):   14.3 meV | validation energy MAE (per atom):    3.1 meV | validation forces RMSE:  103.9 meV/A | validation forces MAE:  52.55 meV/A
[2025-10-13 23:47:49][INFO] - Epoch: 1146 | learning rate: 3.125e-06 | training loss: 6.693e-02 | training energy RMSE (per atom):    4.0 meV | training energy MAE (per atom):    2.7 meV | training forces RMSE:   77.2 meV/A | training forces MAE:  48.03 meV/A | validation loss: 9.536e-03 | validation energy RMSE (per atom):   14.7 meV | validation energy MAE (per atom):    3.5 meV | validation forces RMSE:  103.0 meV/A | validation forces MAE:  51.99 meV/A
[2025-10-13 23:48:27][INFO] - Epoch: 1147 | learning rate: 3.125e-06 | training loss: 6.578e-02 | training energy RMSE (per atom):    3.7 meV | training energy MAE (per atom):    2.3 meV | training forces RMSE:   77.3 meV/A | training forces MAE:  47.82 meV/A | validation loss: 9.496e-03 | validation energy RMSE (per atom):   14.7 meV | validation energy MAE (per atom):    4.5 meV | validation forces RMSE:  103.2 meV/A | validation forces MAE:  51.75 meV/A
[2025-10-13 23:49:05][INFO] - Epoch: 1148 | learning rate: 3.125e-06 | training loss: 6.748e-02 | training energy RMSE (per atom):    3.8 meV | training energy MAE (per atom):    2.5 meV | training forces RMSE:   77.6 meV/A | training forces MAE:  47.97 meV/A | validation loss: 9.632e-03 | validation energy RMSE (per atom):   14.7 meV | validation energy MAE (per atom):    3.3 meV | validation forces RMSE:  103.5 meV/A | validation forces MAE:  52.65 meV/A
[2025-10-13 23:49:43][INFO] - Epoch: 1149 | learning rate: 3.125e-06 | training loss: 6.585e-02 | training energy RMSE (per atom):    3.6 meV | training energy MAE (per atom):    2.3 meV | training forces RMSE:   77.4 meV/A | training forces MAE:  48.01 meV/A | validation loss: 9.549e-03 | validation energy RMSE (per atom):   14.8 meV | validation energy MAE (per atom):    3.9 meV | validation forces RMSE:  102.9 meV/A | validation forces MAE:  51.88 meV/A
[2025-10-13 23:50:21][INFO] - Epoch: 1150 | learning rate: 3.125e-06 | training loss: 6.697e-02 | training energy RMSE (per atom):    4.0 meV | training energy MAE (per atom):    2.6 meV | training forces RMSE:   77.2 meV/A | training forces MAE:  47.86 meV/A | validation loss: 9.611e-03 | validation energy RMSE (per atom):   14.7 meV | validation energy MAE (per atom):    3.0 meV | validation forces RMSE:  104.0 meV/A | validation forces MAE:  51.94 meV/A
[2025-10-13 23:50:58][INFO] - Epoch: 1151 | learning rate: 3.125e-06 | training loss: 6.623e-02 | training energy RMSE (per atom):    3.7 meV | training energy MAE (per atom):    2.4 meV | training forces RMSE:   77.3 meV/A | training forces MAE:  47.89 meV/A | validation loss: 9.607e-03 | validation energy RMSE (per atom):   14.7 meV | validation energy MAE (per atom):    2.9 meV | validation forces RMSE:  103.5 meV/A | validation forces MAE:  52.14 meV/A
[2025-10-13 23:51:37][INFO] - Epoch: 1152 | learning rate: 3.125e-06 | training loss: 6.630e-02 | training energy RMSE (per atom):    4.0 meV | training energy MAE (per atom):    2.7 meV | training forces RMSE:   77.0 meV/A | training forces MAE:  47.77 meV/A | validation loss: 9.934e-03 | validation energy RMSE (per atom):   15.4 meV | validation energy MAE (per atom):    4.7 meV | validation forces RMSE:  103.6 meV/A | validation forces MAE:  51.88 meV/A
[2025-10-13 23:52:15][INFO] - Epoch: 1153 | learning rate: 3.125e-06 | training loss: 6.574e-02 | training energy RMSE (per atom):    3.7 meV | training energy MAE (per atom):    2.4 meV | training forces RMSE:   76.9 meV/A | training forces MAE:  47.72 meV/A | validation loss: 9.606e-03 | validation energy RMSE (per atom):   14.7 meV | validation energy MAE (per atom):    3.7 meV | validation forces RMSE:  103.8 meV/A | validation forces MAE:  52.41 meV/A
[2025-10-13 23:52:53][INFO] - Epoch: 1154 | learning rate: 3.125e-06 | training loss: 6.642e-02 | training energy RMSE (per atom):    3.8 meV | training energy MAE (per atom):    2.5 meV | training forces RMSE:   77.1 meV/A | training forces MAE:  47.85 meV/A | validation loss: 9.795e-03 | validation energy RMSE (per atom):   15.0 meV | validation energy MAE (per atom):    4.1 meV | validation forces RMSE:  104.1 meV/A | validation forces MAE:  52.43 meV/A
[2025-10-13 23:53:30][INFO] - Epoch: 1155 | learning rate: 3.125e-06 | training loss: 6.591e-02 | training energy RMSE (per atom):    3.9 meV | training energy MAE (per atom):    2.6 meV | training forces RMSE:   77.4 meV/A | training forces MAE:  47.98 meV/A | validation loss: 9.659e-03 | validation energy RMSE (per atom):   14.8 meV | validation energy MAE (per atom):    4.9 meV | validation forces RMSE:  104.3 meV/A | validation forces MAE:  52.53 meV/A
[2025-10-13 23:54:09][INFO] - Epoch: 1156 | learning rate: 3.125e-06 | training loss: 6.617e-02 | training energy RMSE (per atom):    3.7 meV | training energy MAE (per atom):    2.4 meV | training forces RMSE:   76.8 meV/A | training forces MAE:  47.75 meV/A | validation loss: 9.538e-03 | validation energy RMSE (per atom):   14.5 meV | validation energy MAE (per atom):    3.3 meV | validation forces RMSE:  103.8 meV/A | validation forces MAE:  52.54 meV/A
[2025-10-13 23:54:47][INFO] - Epoch: 1157 | learning rate: 3.125e-06 | training loss: 6.576e-02 | training energy RMSE (per atom):    3.8 meV | training energy MAE (per atom):    2.5 meV | training forces RMSE:   76.9 meV/A | training forces MAE:  47.82 meV/A | validation loss: 9.430e-03 | validation energy RMSE (per atom):   14.5 meV | validation energy MAE (per atom):    3.3 meV | validation forces RMSE:  103.2 meV/A | validation forces MAE:  52.03 meV/A
[2025-10-13 23:55:25][INFO] - Epoch: 1158 | learning rate: 3.125e-06 | training loss: 6.516e-02 | training energy RMSE (per atom):    3.6 meV | training energy MAE (per atom):    2.3 meV | training forces RMSE:   77.0 meV/A | training forces MAE:  47.83 meV/A | validation loss: 9.632e-03 | validation energy RMSE (per atom):   14.7 meV | validation energy MAE (per atom):    2.9 meV | validation forces RMSE:  103.7 meV/A | validation forces MAE:  52.13 meV/A
[2025-10-13 23:56:03][INFO] - Epoch: 1159 | learning rate: 3.125e-06 | training loss: 6.546e-02 | training energy RMSE (per atom):    3.8 meV | training energy MAE (per atom):    2.5 meV | training forces RMSE:   76.8 meV/A | training forces MAE:  47.79 meV/A | validation loss: 9.519e-03 | validation energy RMSE (per atom):   14.6 meV | validation energy MAE (per atom):    3.2 meV | validation forces RMSE:  103.5 meV/A | validation forces MAE:  52.37 meV/A
[2025-10-13 23:56:42][INFO] - Epoch: 1160 | learning rate: 3.125e-06 | training loss: 6.610e-02 | training energy RMSE (per atom):    3.9 meV | training energy MAE (per atom):    2.6 meV | training forces RMSE:   77.0 meV/A | training forces MAE:  47.77 meV/A | validation loss: 9.522e-03 | validation energy RMSE (per atom):   14.5 meV | validation energy MAE (per atom):    3.4 meV | validation forces RMSE:  103.6 meV/A | validation forces MAE:  52.72 meV/A
[2025-10-13 23:57:20][INFO] - Epoch: 1161 | learning rate: 3.125e-06 | training loss: 6.778e-02 | training energy RMSE (per atom):    3.9 meV | training energy MAE (per atom):    2.5 meV | training forces RMSE:   77.7 meV/A | training forces MAE:  47.91 meV/A | validation loss: 9.598e-03 | validation energy RMSE (per atom):   14.7 meV | validation energy MAE (per atom):    3.2 meV | validation forces RMSE:  103.8 meV/A | validation forces MAE:  52.19 meV/A
[2025-10-13 23:57:57][INFO] - Epoch: 1162 | learning rate: 3.125e-06 | training loss: 6.540e-02 | training energy RMSE (per atom):    3.7 meV | training energy MAE (per atom):    2.4 meV | training forces RMSE:   76.7 meV/A | training forces MAE:  47.78 meV/A | validation loss: 9.665e-03 | validation energy RMSE (per atom):   14.8 meV | validation energy MAE (per atom):    3.0 meV | validation forces RMSE:  103.5 meV/A | validation forces MAE:  51.95 meV/A
[2025-10-13 23:58:35][INFO] - Epoch: 1163 | learning rate: 3.125e-06 | training loss: 6.594e-02 | training energy RMSE (per atom):    4.1 meV | training energy MAE (per atom):    2.9 meV | training forces RMSE:   76.8 meV/A | training forces MAE:  47.80 meV/A | validation loss: 9.512e-03 | validation energy RMSE (per atom):   14.6 meV | validation energy MAE (per atom):    3.9 meV | validation forces RMSE:  103.5 meV/A | validation forces MAE:  52.19 meV/A
[2025-10-13 23:59:13][INFO] - Epoch: 1164 | learning rate: 3.125e-06 | training loss: 6.531e-02 | training energy RMSE (per atom):    3.7 meV | training energy MAE (per atom):    2.4 meV | training forces RMSE:   76.9 meV/A | training forces MAE:  47.78 meV/A | validation loss: 9.375e-03 | validation energy RMSE (per atom):   14.4 meV | validation energy MAE (per atom):    3.0 meV | validation forces RMSE:  103.1 meV/A | validation forces MAE:  51.84 meV/A
[2025-10-13 23:59:51][INFO] - Epoch: 1165 | learning rate: 3.125e-06 | training loss: 6.608e-02 | training energy RMSE (per atom):    4.0 meV | training energy MAE (per atom):    2.7 meV | training forces RMSE:   77.1 meV/A | training forces MAE:  47.88 meV/A | validation loss: 9.387e-03 | validation energy RMSE (per atom):   14.4 meV | validation energy MAE (per atom):    4.0 meV | validation forces RMSE:  103.7 meV/A | validation forces MAE:  52.24 meV/A
[2025-10-14 00:00:28][INFO] - Epoch: 1166 | learning rate: 3.125e-06 | training loss: 6.532e-02 | training energy RMSE (per atom):    3.9 meV | training energy MAE (per atom):    2.6 meV | training forces RMSE:   76.7 meV/A | training forces MAE:  47.72 meV/A | validation loss: 9.482e-03 | validation energy RMSE (per atom):   14.6 meV | validation energy MAE (per atom):    4.1 meV | validation forces RMSE:  103.5 meV/A | validation forces MAE:  51.86 meV/A
[2025-10-14 00:01:07][INFO] - Epoch: 1167 | learning rate: 3.125e-06 | training loss: 6.630e-02 | training energy RMSE (per atom):    3.9 meV | training energy MAE (per atom):    2.6 meV | training forces RMSE:   77.0 meV/A | training forces MAE:  47.85 meV/A | validation loss: 9.425e-03 | validation energy RMSE (per atom):   14.5 meV | validation energy MAE (per atom):    3.0 meV | validation forces RMSE:  102.9 meV/A | validation forces MAE:  51.97 meV/A
[2025-10-14 00:01:45][INFO] - Epoch: 1168 | learning rate: 3.125e-06 | training loss: 6.528e-02 | training energy RMSE (per atom):    3.7 meV | training energy MAE (per atom):    2.4 meV | training forces RMSE:   76.8 meV/A | training forces MAE:  47.73 meV/A | validation loss: 9.426e-03 | validation energy RMSE (per atom):   14.5 meV | validation energy MAE (per atom):    3.0 meV | validation forces RMSE:  102.6 meV/A | validation forces MAE:  51.82 meV/A
[2025-10-14 00:02:22][INFO] - Epoch: 1169 | learning rate: 3.125e-06 | training loss: 6.617e-02 | training energy RMSE (per atom):    3.9 meV | training energy MAE (per atom):    2.5 meV | training forces RMSE:   76.9 meV/A | training forces MAE:  47.91 meV/A | validation loss: 9.494e-03 | validation energy RMSE (per atom):   14.5 meV | validation energy MAE (per atom):    3.6 meV | validation forces RMSE:  103.6 meV/A | validation forces MAE:  52.14 meV/A
[2025-10-14 00:02:59][INFO] - Epoch: 1170 | learning rate: 3.125e-06 | training loss: 6.667e-02 | training energy RMSE (per atom):    3.9 meV | training energy MAE (per atom):    2.6 meV | training forces RMSE:   77.1 meV/A | training forces MAE:  47.97 meV/A | validation loss: 9.457e-03 | validation energy RMSE (per atom):   14.5 meV | validation energy MAE (per atom):    3.1 meV | validation forces RMSE:  103.1 meV/A | validation forces MAE:  52.22 meV/A
[2025-10-14 00:03:37][INFO] - Epoch: 1171 | learning rate: 3.125e-06 | training loss: 6.564e-02 | training energy RMSE (per atom):    3.9 meV | training energy MAE (per atom):    2.6 meV | training forces RMSE:   76.9 meV/A | training forces MAE:  47.84 meV/A | validation loss: 9.490e-03 | validation energy RMSE (per atom):   14.6 meV | validation energy MAE (per atom):    3.1 meV | validation forces RMSE:  103.2 meV/A | validation forces MAE:  51.87 meV/A
[2025-10-14 00:04:15][INFO] - Epoch: 1172 | learning rate: 3.125e-06 | training loss: 6.528e-02 | training energy RMSE (per atom):    3.9 meV | training energy MAE (per atom):    2.5 meV | training forces RMSE:   76.7 meV/A | training forces MAE:  47.82 meV/A | validation loss: 9.546e-03 | validation energy RMSE (per atom):   14.7 meV | validation energy MAE (per atom):    4.9 meV | validation forces RMSE:  104.0 meV/A | validation forces MAE:  52.06 meV/A
[2025-10-14 00:04:53][INFO] - Epoch: 1173 | learning rate: 3.125e-06 | training loss: 6.521e-02 | training energy RMSE (per atom):    4.0 meV | training energy MAE (per atom):    2.7 meV | training forces RMSE:   76.7 meV/A | training forces MAE:  47.75 meV/A | validation loss: 9.520e-03 | validation energy RMSE (per atom):   14.6 meV | validation energy MAE (per atom):    3.6 meV | validation forces RMSE:  103.4 meV/A | validation forces MAE:  52.00 meV/A
[2025-10-14 00:05:31][INFO] - Epoch: 1174 | learning rate: 3.125e-06 | training loss: 6.561e-02 | training energy RMSE (per atom):    3.8 meV | training energy MAE (per atom):    2.5 meV | training forces RMSE:   76.6 meV/A | training forces MAE:  47.76 meV/A | validation loss: 9.386e-03 | validation energy RMSE (per atom):   14.3 meV | validation energy MAE (per atom):    2.9 meV | validation forces RMSE:  103.6 meV/A | validation forces MAE:  51.86 meV/A
[2025-10-14 00:06:10][INFO] - Epoch: 1175 | learning rate: 3.125e-06 | training loss: 6.542e-02 | training energy RMSE (per atom):    3.8 meV | training energy MAE (per atom):    2.4 meV | training forces RMSE:   76.7 meV/A | training forces MAE:  47.78 meV/A | validation loss: 9.434e-03 | validation energy RMSE (per atom):   14.5 meV | validation energy MAE (per atom):    3.2 meV | validation forces RMSE:  103.1 meV/A | validation forces MAE:  51.83 meV/A
[2025-10-14 00:06:47][INFO] - Epoch: 1176 | learning rate: 3.125e-06 | training loss: 6.624e-02 | training energy RMSE (per atom):    3.7 meV | training energy MAE (per atom):    2.4 meV | training forces RMSE:   76.9 meV/A | training forces MAE:  47.93 meV/A | validation loss: 9.654e-03 | validation energy RMSE (per atom):   15.0 meV | validation energy MAE (per atom):    5.3 meV | validation forces RMSE:  103.3 meV/A | validation forces MAE:  51.89 meV/A
[2025-10-14 00:07:25][INFO] - Epoch: 1177 | learning rate: 3.125e-06 | training loss: 6.469e-02 | training energy RMSE (per atom):    3.8 meV | training energy MAE (per atom):    2.5 meV | training forces RMSE:   76.5 meV/A | training forces MAE:  47.60 meV/A | validation loss: 9.470e-03 | validation energy RMSE (per atom):   14.6 meV | validation energy MAE (per atom):    5.3 meV | validation forces RMSE:  103.4 meV/A | validation forces MAE:  52.26 meV/A
[2025-10-14 00:08:03][INFO] - Epoch: 1178 | learning rate: 3.125e-06 | training loss: 6.562e-02 | training energy RMSE (per atom):    3.7 meV | training energy MAE (per atom):    2.4 meV | training forces RMSE:   76.9 meV/A | training forces MAE:  47.80 meV/A | validation loss: 9.473e-03 | validation energy RMSE (per atom):   14.5 meV | validation energy MAE (per atom):    3.4 meV | validation forces RMSE:  103.4 meV/A | validation forces MAE:  52.08 meV/A
[2025-10-14 00:08:41][INFO] - Epoch: 1179 | learning rate: 3.125e-06 | training loss: 6.549e-02 | training energy RMSE (per atom):    3.7 meV | training energy MAE (per atom):    2.4 meV | training forces RMSE:   76.7 meV/A | training forces MAE:  47.60 meV/A | validation loss: 9.431e-03 | validation energy RMSE (per atom):   14.5 meV | validation energy MAE (per atom):    3.0 meV | validation forces RMSE:  103.4 meV/A | validation forces MAE:  51.85 meV/A
[2025-10-14 00:09:19][INFO] - Epoch: 1180 | learning rate: 3.125e-06 | training loss: 6.596e-02 | training energy RMSE (per atom):    4.0 meV | training energy MAE (per atom):    2.7 meV | training forces RMSE:   76.5 meV/A | training forces MAE:  47.69 meV/A | validation loss: 9.521e-03 | validation energy RMSE (per atom):   14.5 meV | validation energy MAE (per atom):    3.5 meV | validation forces RMSE:  103.8 meV/A | validation forces MAE:  52.46 meV/A
[2025-10-14 00:09:56][INFO] - Epoch: 1181 | learning rate: 3.125e-06 | training loss: 6.592e-02 | training energy RMSE (per atom):    3.9 meV | training energy MAE (per atom):    2.6 meV | training forces RMSE:   76.8 meV/A | training forces MAE:  47.78 meV/A | validation loss: 9.530e-03 | validation energy RMSE (per atom):   14.7 meV | validation energy MAE (per atom):    4.5 meV | validation forces RMSE:  103.6 meV/A | validation forces MAE:  51.97 meV/A
[2025-10-14 00:10:35][INFO] - Epoch: 1182 | learning rate: 3.125e-06 | training loss: 6.566e-02 | training energy RMSE (per atom):    3.8 meV | training energy MAE (per atom):    2.5 meV | training forces RMSE:   77.0 meV/A | training forces MAE:  47.85 meV/A | validation loss: 9.458e-03 | validation energy RMSE (per atom):   14.5 meV | validation energy MAE (per atom):    3.8 meV | validation forces RMSE:  103.1 meV/A | validation forces MAE:  52.12 meV/A
[2025-10-14 00:11:13][INFO] - Epoch: 1183 | learning rate: 3.125e-06 | training loss: 6.575e-02 | training energy RMSE (per atom):    3.8 meV | training energy MAE (per atom):    2.4 meV | training forces RMSE:   77.0 meV/A | training forces MAE:  47.77 meV/A | validation loss: 9.545e-03 | validation energy RMSE (per atom):   14.6 meV | validation energy MAE (per atom):    3.0 meV | validation forces RMSE:  103.4 meV/A | validation forces MAE:  51.81 meV/A
[2025-10-14 00:11:50][INFO] - Epoch: 1184 | learning rate: 3.125e-06 | training loss: 6.624e-02 | training energy RMSE (per atom):    4.0 meV | training energy MAE (per atom):    2.8 meV | training forces RMSE:   77.1 meV/A | training forces MAE:  47.81 meV/A | validation loss: 9.435e-03 | validation energy RMSE (per atom):   14.4 meV | validation energy MAE (per atom):    3.0 meV | validation forces RMSE:  103.6 meV/A | validation forces MAE:  51.87 meV/A
[2025-10-14 00:12:28][INFO] - Epoch: 1185 | learning rate: 3.125e-06 | training loss: 6.455e-02 | training energy RMSE (per atom):    3.8 meV | training energy MAE (per atom):    2.5 meV | training forces RMSE:   76.6 meV/A | training forces MAE:  47.62 meV/A | validation loss: 9.558e-03 | validation energy RMSE (per atom):   14.7 meV | validation energy MAE (per atom):    3.7 meV | validation forces RMSE:  103.3 meV/A | validation forces MAE:  51.98 meV/A
[2025-10-14 00:13:07][INFO] - Epoch: 1186 | learning rate: 3.125e-06 | training loss: 6.717e-02 | training energy RMSE (per atom):    3.8 meV | training energy MAE (per atom):    2.5 meV | training forces RMSE:   77.6 meV/A | training forces MAE:  48.00 meV/A | validation loss: 9.561e-03 | validation energy RMSE (per atom):   14.8 meV | validation energy MAE (per atom):    4.0 meV | validation forces RMSE:  103.1 meV/A | validation forces MAE:  51.79 meV/A
[2025-10-14 00:13:45][INFO] - Epoch: 1187 | learning rate: 3.125e-06 | training loss: 6.530e-02 | training energy RMSE (per atom):    3.7 meV | training energy MAE (per atom):    2.4 meV | training forces RMSE:   76.6 meV/A | training forces MAE:  47.61 meV/A | validation loss: 9.746e-03 | validation energy RMSE (per atom):   15.1 meV | validation energy MAE (per atom):    4.3 meV | validation forces RMSE:  102.9 meV/A | validation forces MAE:  52.06 meV/A
[2025-10-14 00:14:22][INFO] - Epoch: 1188 | learning rate: 3.125e-06 | training loss: 6.812e-02 | training energy RMSE (per atom):    3.8 meV | training energy MAE (per atom):    2.5 meV | training forces RMSE:   77.7 meV/A | training forces MAE:  47.86 meV/A | validation loss: 9.528e-03 | validation energy RMSE (per atom):   14.4 meV | validation energy MAE (per atom):    3.5 meV | validation forces RMSE:  104.4 meV/A | validation forces MAE:  52.42 meV/A
[2025-10-14 00:15:00][INFO] - Epoch: 1189 | learning rate: 3.125e-06 | training loss: 6.451e-02 | training energy RMSE (per atom):    3.6 meV | training energy MAE (per atom):    2.3 meV | training forces RMSE:   76.6 meV/A | training forces MAE:  47.70 meV/A | validation loss: 9.532e-03 | validation energy RMSE (per atom):   14.6 meV | validation energy MAE (per atom):    2.9 meV | validation forces RMSE:  103.6 meV/A | validation forces MAE:  51.88 meV/A
[2025-10-14 00:15:38][INFO] - Epoch: 1190 | learning rate: 3.125e-06 | training loss: 6.518e-02 | training energy RMSE (per atom):    3.7 meV | training energy MAE (per atom):    2.4 meV | training forces RMSE:   76.5 meV/A | training forces MAE:  47.60 meV/A | validation loss: 9.492e-03 | validation energy RMSE (per atom):   14.5 meV | validation energy MAE (per atom):    3.0 meV | validation forces RMSE:  103.4 meV/A | validation forces MAE:  51.90 meV/A
[2025-10-14 00:16:17][INFO] - Epoch: 1191 | learning rate: 3.125e-06 | training loss: 6.561e-02 | training energy RMSE (per atom):    3.6 meV | training energy MAE (per atom):    2.3 meV | training forces RMSE:   76.8 meV/A | training forces MAE:  47.82 meV/A | validation loss: 9.949e-03 | validation energy RMSE (per atom):   15.5 meV | validation energy MAE (per atom):    5.9 meV | validation forces RMSE:  103.6 meV/A | validation forces MAE:  52.16 meV/A
[2025-10-14 00:16:55][INFO] - Epoch: 1192 | learning rate: 3.125e-06 | training loss: 6.592e-02 | training energy RMSE (per atom):    4.1 meV | training energy MAE (per atom):    2.9 meV | training forces RMSE:   76.9 meV/A | training forces MAE:  47.66 meV/A | validation loss: 9.418e-03 | validation energy RMSE (per atom):   14.5 meV | validation energy MAE (per atom):    2.9 meV | validation forces RMSE:  103.0 meV/A | validation forces MAE:  51.84 meV/A
[2025-10-14 00:17:32][INFO] - Epoch: 1193 | learning rate: 3.125e-06 | training loss: 6.523e-02 | training energy RMSE (per atom):    3.7 meV | training energy MAE (per atom):    2.5 meV | training forces RMSE:   76.4 meV/A | training forces MAE:  47.62 meV/A | validation loss: 9.538e-03 | validation energy RMSE (per atom):   14.7 meV | validation energy MAE (per atom):    4.2 meV | validation forces RMSE:  103.6 meV/A | validation forces MAE:  52.11 meV/A
[2025-10-14 00:18:10][INFO] - Epoch: 1194 | learning rate: 3.125e-06 | training loss: 6.554e-02 | training energy RMSE (per atom):    4.1 meV | training energy MAE (per atom):    2.9 meV | training forces RMSE:   76.6 meV/A | training forces MAE:  47.63 meV/A | validation loss: 9.478e-03 | validation energy RMSE (per atom):   14.5 meV | validation energy MAE (per atom):    3.5 meV | validation forces RMSE:  103.6 meV/A | validation forces MAE:  51.92 meV/A
[2025-10-14 00:18:47][INFO] - Epoch: 1195 | learning rate: 3.125e-06 | training loss: 6.512e-02 | training energy RMSE (per atom):    3.7 meV | training energy MAE (per atom):    2.4 meV | training forces RMSE:   76.6 meV/A | training forces MAE:  47.55 meV/A | validation loss: 9.437e-03 | validation energy RMSE (per atom):   14.5 meV | validation energy MAE (per atom):    3.0 meV | validation forces RMSE:  103.2 meV/A | validation forces MAE:  51.94 meV/A
[2025-10-14 00:19:25][INFO] - Epoch: 1196 | learning rate: 3.125e-06 | training loss: 6.513e-02 | training energy RMSE (per atom):    3.8 meV | training energy MAE (per atom):    2.5 meV | training forces RMSE:   76.5 meV/A | training forces MAE:  47.63 meV/A | validation loss: 9.649e-03 | validation energy RMSE (per atom):   14.8 meV | validation energy MAE (per atom):    3.5 meV | validation forces RMSE:  103.6 meV/A | validation forces MAE:  52.29 meV/A
[2025-10-14 00:20:02][INFO] - Epoch: 1197 | learning rate: 3.125e-06 | training loss: 6.534e-02 | training energy RMSE (per atom):    3.9 meV | training energy MAE (per atom):    2.6 meV | training forces RMSE:   76.4 meV/A | training forces MAE:  47.60 meV/A | validation loss: 9.417e-03 | validation energy RMSE (per atom):   14.4 meV | validation energy MAE (per atom):    2.9 meV | validation forces RMSE:  103.6 meV/A | validation forces MAE:  52.25 meV/A
[2025-10-14 00:20:40][INFO] - Epoch: 1198 | learning rate: 3.125e-06 | training loss: 6.526e-02 | training energy RMSE (per atom):    3.8 meV | training energy MAE (per atom):    2.4 meV | training forces RMSE:   76.3 meV/A | training forces MAE:  47.55 meV/A | validation loss: 9.811e-03 | validation energy RMSE (per atom):   15.3 meV | validation energy MAE (per atom):    5.1 meV | validation forces RMSE:  102.9 meV/A | validation forces MAE:  52.11 meV/A
[2025-10-14 00:21:18][INFO] - Epoch: 1199 | learning rate: 3.125e-06 | training loss: 6.600e-02 | training energy RMSE (per atom):    3.8 meV | training energy MAE (per atom):    2.5 meV | training forces RMSE:   76.7 meV/A | training forces MAE:  47.65 meV/A | validation loss: 9.362e-03 | validation energy RMSE (per atom):   14.4 meV | validation energy MAE (per atom):    3.1 meV | validation forces RMSE:  102.7 meV/A | validation forces MAE:  51.72 meV/A
[2025-10-14 00:21:56][INFO] - Epoch: 1200 | learning rate: 3.125e-06 | training loss: 6.518e-02 | training energy RMSE (per atom):    3.8 meV | training energy MAE (per atom):    2.5 meV | training forces RMSE:   76.4 meV/A | training forces MAE:  47.52 meV/A | validation loss: 9.571e-03 | validation energy RMSE (per atom):   14.8 meV | validation energy MAE (per atom):    3.7 meV | validation forces RMSE:  102.8 meV/A | validation forces MAE:  51.78 meV/A
[2025-10-14 00:22:34][INFO] - Epoch: 1201 | learning rate: 3.125e-06 | training loss: 6.573e-02 | training energy RMSE (per atom):    4.0 meV | training energy MAE (per atom):    2.8 meV | training forces RMSE:   76.7 meV/A | training forces MAE:  47.62 meV/A | validation loss: 9.395e-03 | validation energy RMSE (per atom):   14.6 meV | validation energy MAE (per atom):    4.4 meV | validation forces RMSE:  102.9 meV/A | validation forces MAE:  51.83 meV/A
[2025-10-14 00:23:12][INFO] - Epoch: 1202 | learning rate: 3.125e-06 | training loss: 6.600e-02 | training energy RMSE (per atom):    3.7 meV | training energy MAE (per atom):    2.4 meV | training forces RMSE:   76.9 meV/A | training forces MAE:  47.79 meV/A | validation loss: 9.487e-03 | validation energy RMSE (per atom):   14.6 meV | validation energy MAE (per atom):    2.9 meV | validation forces RMSE:  102.9 meV/A | validation forces MAE:  51.80 meV/A
[2025-10-14 00:23:50][INFO] - Epoch: 1203 | learning rate: 3.125e-06 | training loss: 6.657e-02 | training energy RMSE (per atom):    3.7 meV | training energy MAE (per atom):    2.4 meV | training forces RMSE:   77.0 meV/A | training forces MAE:  47.84 meV/A | validation loss: 9.394e-03 | validation energy RMSE (per atom):   14.5 meV | validation energy MAE (per atom):    2.9 meV | validation forces RMSE:  102.5 meV/A | validation forces MAE:  51.84 meV/A
[2025-10-14 00:24:28][INFO] - Epoch: 1204 | learning rate: 3.125e-06 | training loss: 6.607e-02 | training energy RMSE (per atom):    3.9 meV | training energy MAE (per atom):    2.6 meV | training forces RMSE:   77.1 meV/A | training forces MAE:  47.76 meV/A | validation loss: 9.868e-03 | validation energy RMSE (per atom):   15.4 meV | validation energy MAE (per atom):    5.2 meV | validation forces RMSE:  103.0 meV/A | validation forces MAE:  51.85 meV/A
[2025-10-14 00:25:06][INFO] - Epoch: 1205 | learning rate: 3.125e-06 | training loss: 6.555e-02 | training energy RMSE (per atom):    4.1 meV | training energy MAE (per atom):    2.8 meV | training forces RMSE:   76.3 meV/A | training forces MAE:  47.49 meV/A | validation loss: 9.494e-03 | validation energy RMSE (per atom):   14.6 meV | validation energy MAE (per atom):    2.9 meV | validation forces RMSE:  103.2 meV/A | validation forces MAE:  51.85 meV/A
[2025-10-14 00:25:45][INFO] - Epoch: 1206 | learning rate: 3.125e-06 | training loss: 6.752e-02 | training energy RMSE (per atom):    3.8 meV | training energy MAE (per atom):    2.4 meV | training forces RMSE:   77.9 meV/A | training forces MAE:  47.82 meV/A | validation loss: 9.646e-03 | validation energy RMSE (per atom):   14.7 meV | validation energy MAE (per atom):    3.2 meV | validation forces RMSE:  103.8 meV/A | validation forces MAE:  52.99 meV/A
[2025-10-14 00:26:23][INFO] - Epoch: 1207 | learning rate: 3.125e-06 | training loss: 6.675e-02 | training energy RMSE (per atom):    3.9 meV | training energy MAE (per atom):    2.6 meV | training forces RMSE:   77.3 meV/A | training forces MAE:  47.85 meV/A | validation loss: 9.456e-03 | validation energy RMSE (per atom):   14.6 meV | validation energy MAE (per atom):    3.7 meV | validation forces RMSE:  103.1 meV/A | validation forces MAE:  51.77 meV/A
[2025-10-14 00:27:00][INFO] - Epoch: 1208 | learning rate: 3.125e-06 | training loss: 6.464e-02 | training energy RMSE (per atom):    3.7 meV | training energy MAE (per atom):    2.4 meV | training forces RMSE:   76.3 meV/A | training forces MAE:  47.46 meV/A | validation loss: 9.433e-03 | validation energy RMSE (per atom):   14.4 meV | validation energy MAE (per atom):    3.0 meV | validation forces RMSE:  103.4 meV/A | validation forces MAE:  51.85 meV/A
[2025-10-14 00:27:38][INFO] - Epoch: 1209 | learning rate: 3.125e-06 | training loss: 6.435e-02 | training energy RMSE (per atom):    3.6 meV | training energy MAE (per atom):    2.3 meV | training forces RMSE:   76.1 meV/A | training forces MAE:  47.41 meV/A | validation loss: 9.564e-03 | validation energy RMSE (per atom):   14.7 meV | validation energy MAE (per atom):    3.7 meV | validation forces RMSE:  103.2 meV/A | validation forces MAE:  51.68 meV/A
[2025-10-14 00:28:16][INFO] - Epoch: 1210 | learning rate: 3.125e-06 | training loss: 6.437e-02 | training energy RMSE (per atom):    3.9 meV | training energy MAE (per atom):    2.6 meV | training forces RMSE:   76.4 meV/A | training forces MAE:  47.45 meV/A | validation loss: 9.317e-03 | validation energy RMSE (per atom):   14.4 meV | validation energy MAE (per atom):    3.8 meV | validation forces RMSE:  102.8 meV/A | validation forces MAE:  52.21 meV/A
[2025-10-14 00:28:54][INFO] - Epoch: 1211 | learning rate: 3.125e-06 | training loss: 6.481e-02 | training energy RMSE (per atom):    3.7 meV | training energy MAE (per atom):    2.4 meV | training forces RMSE:   76.4 meV/A | training forces MAE:  47.55 meV/A | validation loss: 9.408e-03 | validation energy RMSE (per atom):   14.5 meV | validation energy MAE (per atom):    3.0 meV | validation forces RMSE:  103.0 meV/A | validation forces MAE:  51.76 meV/A
[2025-10-14 00:29:32][INFO] - Epoch: 1212 | learning rate: 3.125e-06 | training loss: 6.515e-02 | training energy RMSE (per atom):    3.6 meV | training energy MAE (per atom):    2.3 meV | training forces RMSE:   76.5 meV/A | training forces MAE:  47.62 meV/A | validation loss: 9.402e-03 | validation energy RMSE (per atom):   14.4 meV | validation energy MAE (per atom):    3.0 meV | validation forces RMSE:  103.1 meV/A | validation forces MAE:  51.97 meV/A
[2025-10-14 00:30:10][INFO] - Epoch: 1213 | learning rate: 3.125e-06 | training loss: 6.511e-02 | training energy RMSE (per atom):    3.7 meV | training energy MAE (per atom):    2.4 meV | training forces RMSE:   76.6 meV/A | training forces MAE:  47.63 meV/A | validation loss: 9.728e-03 | validation energy RMSE (per atom):   15.0 meV | validation energy MAE (per atom):    4.5 meV | validation forces RMSE:  103.2 meV/A | validation forces MAE:  52.86 meV/A
[2025-10-14 00:30:48][INFO] - Epoch: 1214 | learning rate: 3.125e-06 | training loss: 6.484e-02 | training energy RMSE (per atom):    3.9 meV | training energy MAE (per atom):    2.6 meV | training forces RMSE:   76.3 meV/A | training forces MAE:  47.56 meV/A | validation loss: 9.616e-03 | validation energy RMSE (per atom):   14.8 meV | validation energy MAE (per atom):    3.3 meV | validation forces RMSE:  103.6 meV/A | validation forces MAE:  52.03 meV/A
[2025-10-14 00:31:26][INFO] - Epoch: 1215 | learning rate: 3.125e-06 | training loss: 6.538e-02 | training energy RMSE (per atom):    3.8 meV | training energy MAE (per atom):    2.5 meV | training forces RMSE:   76.6 meV/A | training forces MAE:  47.70 meV/A | validation loss: 9.377e-03 | validation energy RMSE (per atom):   14.3 meV | validation energy MAE (per atom):    2.9 meV | validation forces RMSE:  103.5 meV/A | validation forces MAE:  52.17 meV/A
[2025-10-14 00:32:03][INFO] - Epoch: 1216 | learning rate: 3.125e-06 | training loss: 6.593e-02 | training energy RMSE (per atom):    3.8 meV | training energy MAE (per atom):    2.5 meV | training forces RMSE:   76.4 meV/A | training forces MAE:  47.54 meV/A | validation loss: 9.370e-03 | validation energy RMSE (per atom):   14.4 meV | validation energy MAE (per atom):    2.9 meV | validation forces RMSE:  103.2 meV/A | validation forces MAE:  51.80 meV/A
[2025-10-14 00:32:41][INFO] - Epoch: 1217 | learning rate: 3.125e-06 | training loss: 6.504e-02 | training energy RMSE (per atom):    3.7 meV | training energy MAE (per atom):    2.4 meV | training forces RMSE:   76.4 meV/A | training forces MAE:  47.57 meV/A | validation loss: 9.386e-03 | validation energy RMSE (per atom):   14.5 meV | validation energy MAE (per atom):    4.3 meV | validation forces RMSE:  103.4 meV/A | validation forces MAE:  51.81 meV/A
[2025-10-14 00:33:19][INFO] - Epoch: 1218 | learning rate: 3.125e-06 | training loss: 6.405e-02 | training energy RMSE (per atom):    3.7 meV | training energy MAE (per atom):    2.4 meV | training forces RMSE:   76.3 meV/A | training forces MAE:  47.53 meV/A | validation loss: 9.429e-03 | validation energy RMSE (per atom):   14.5 meV | validation energy MAE (per atom):    4.3 meV | validation forces RMSE:  103.7 meV/A | validation forces MAE:  51.97 meV/A
[2025-10-14 00:33:56][INFO] - Epoch: 1219 | learning rate: 3.125e-06 | training loss: 6.496e-02 | training energy RMSE (per atom):    3.7 meV | training energy MAE (per atom):    2.5 meV | training forces RMSE:   76.6 meV/A | training forces MAE:  47.65 meV/A | validation loss: 9.541e-03 | validation energy RMSE (per atom):   14.6 meV | validation energy MAE (per atom):    3.1 meV | validation forces RMSE:  103.9 meV/A | validation forces MAE:  52.22 meV/A
[2025-10-14 00:34:35][INFO] - Epoch: 1220 | learning rate: 3.125e-06 | training loss: 6.614e-02 | training energy RMSE (per atom):    3.9 meV | training energy MAE (per atom):    2.5 meV | training forces RMSE:   76.7 meV/A | training forces MAE:  47.62 meV/A | validation loss: 9.465e-03 | validation energy RMSE (per atom):   14.5 meV | validation energy MAE (per atom):    2.8 meV | validation forces RMSE:  103.3 meV/A | validation forces MAE:  51.98 meV/A
[2025-10-14 00:35:13][INFO] - Epoch: 1221 | learning rate: 3.125e-06 | training loss: 6.498e-02 | training energy RMSE (per atom):    3.9 meV | training energy MAE (per atom):    2.6 meV | training forces RMSE:   76.3 meV/A | training forces MAE:  47.52 meV/A | validation loss: 9.662e-03 | validation energy RMSE (per atom):   14.9 meV | validation energy MAE (per atom):    3.9 meV | validation forces RMSE:  103.7 meV/A | validation forces MAE:  52.07 meV/A
[2025-10-14 00:35:51][INFO] - Epoch: 1222 | learning rate: 3.125e-06 | training loss: 6.502e-02 | training energy RMSE (per atom):    3.8 meV | training energy MAE (per atom):    2.5 meV | training forces RMSE:   76.4 meV/A | training forces MAE:  47.54 meV/A | validation loss: 9.441e-03 | validation energy RMSE (per atom):   14.4 meV | validation energy MAE (per atom):    2.8 meV | validation forces RMSE:  103.3 meV/A | validation forces MAE:  52.14 meV/A
[2025-10-14 00:36:29][INFO] - Epoch: 1223 | learning rate: 3.125e-06 | training loss: 6.453e-02 | training energy RMSE (per atom):    3.8 meV | training energy MAE (per atom):    2.5 meV | training forces RMSE:   76.1 meV/A | training forces MAE:  47.44 meV/A | validation loss: 9.564e-03 | validation energy RMSE (per atom):   14.8 meV | validation energy MAE (per atom):    3.9 meV | validation forces RMSE:  103.0 meV/A | validation forces MAE:  51.76 meV/A
[2025-10-14 00:37:07][INFO] - Epoch: 1224 | learning rate: 3.125e-06 | training loss: 6.547e-02 | training energy RMSE (per atom):    3.7 meV | training energy MAE (per atom):    2.5 meV | training forces RMSE:   76.4 meV/A | training forces MAE:  47.56 meV/A | validation loss: 9.541e-03 | validation energy RMSE (per atom):   14.8 meV | validation energy MAE (per atom):    4.4 meV | validation forces RMSE:  103.2 meV/A | validation forces MAE:  51.96 meV/A
[2025-10-14 00:37:45][INFO] - Epoch: 1225 | learning rate: 3.125e-06 | training loss: 6.561e-02 | training energy RMSE (per atom):    4.0 meV | training energy MAE (per atom):    2.7 meV | training forces RMSE:   76.5 meV/A | training forces MAE:  47.57 meV/A | validation loss: 9.541e-03 | validation energy RMSE (per atom):   14.7 meV | validation energy MAE (per atom):    3.2 meV | validation forces RMSE:  103.3 meV/A | validation forces MAE:  51.92 meV/A
[2025-10-14 00:38:23][INFO] - Epoch: 1226 | learning rate: 3.125e-06 | training loss: 6.454e-02 | training energy RMSE (per atom):    3.8 meV | training energy MAE (per atom):    2.5 meV | training forces RMSE:   76.2 meV/A | training forces MAE:  47.52 meV/A | validation loss: 9.406e-03 | validation energy RMSE (per atom):   14.5 meV | validation energy MAE (per atom):    4.9 meV | validation forces RMSE:  103.7 meV/A | validation forces MAE:  51.91 meV/A
[2025-10-14 00:39:01][INFO] - Epoch: 1227 | learning rate: 3.125e-06 | training loss: 6.447e-02 | training energy RMSE (per atom):    3.7 meV | training energy MAE (per atom):    2.4 meV | training forces RMSE:   76.6 meV/A | training forces MAE:  47.68 meV/A | validation loss: 9.384e-03 | validation energy RMSE (per atom):   14.4 meV | validation energy MAE (per atom):    2.9 meV | validation forces RMSE:  103.4 meV/A | validation forces MAE:  51.94 meV/A
[2025-10-14 00:39:40][INFO] - Epoch: 1228 | learning rate: 3.125e-06 | training loss: 6.436e-02 | training energy RMSE (per atom):    3.8 meV | training energy MAE (per atom):    2.5 meV | training forces RMSE:   76.4 meV/A | training forces MAE:  47.62 meV/A | validation loss: 9.816e-03 | validation energy RMSE (per atom):   15.0 meV | validation energy MAE (per atom):    4.1 meV | validation forces RMSE:  104.4 meV/A | validation forces MAE:  53.44 meV/A
[2025-10-14 00:40:18][INFO] - Epoch: 1229 | learning rate: 3.125e-06 | training loss: 6.400e-02 | training energy RMSE (per atom):    3.6 meV | training energy MAE (per atom):    2.3 meV | training forces RMSE:   76.2 meV/A | training forces MAE:  47.53 meV/A | validation loss: 9.552e-03 | validation energy RMSE (per atom):   14.6 meV | validation energy MAE (per atom):    3.1 meV | validation forces RMSE:  103.5 meV/A | validation forces MAE:  51.77 meV/A
[2025-10-14 00:40:56][INFO] - Epoch: 1230 | learning rate: 3.125e-06 | training loss: 6.465e-02 | training energy RMSE (per atom):    4.1 meV | training energy MAE (per atom):    2.8 meV | training forces RMSE:   75.9 meV/A | training forces MAE:  47.39 meV/A | validation loss: 9.457e-03 | validation energy RMSE (per atom):   14.5 meV | validation energy MAE (per atom):    3.0 meV | validation forces RMSE:  103.1 meV/A | validation forces MAE:  52.08 meV/A
[2025-10-14 00:41:34][INFO] - Epoch: 1231 | learning rate: 3.125e-06 | training loss: 6.406e-02 | training energy RMSE (per atom):    3.7 meV | training energy MAE (per atom):    2.4 meV | training forces RMSE:   76.0 meV/A | training forces MAE:  47.41 meV/A | validation loss: 9.852e-03 | validation energy RMSE (per atom):   15.3 meV | validation energy MAE (per atom):    4.5 meV | validation forces RMSE:  103.5 meV/A | validation forces MAE:  51.96 meV/A
[2025-10-14 00:42:12][INFO] - Epoch: 1232 | learning rate: 3.125e-06 | training loss: 6.434e-02 | training energy RMSE (per atom):    3.9 meV | training energy MAE (per atom):    2.6 meV | training forces RMSE:   76.0 meV/A | training forces MAE:  47.38 meV/A | validation loss: 9.198e-03 | validation energy RMSE (per atom):   14.1 meV | validation energy MAE (per atom):    3.1 meV | validation forces RMSE:  103.5 meV/A | validation forces MAE:  51.82 meV/A
[2025-10-14 00:42:51][INFO] - Epoch: 1233 | learning rate: 3.125e-06 | training loss: 6.520e-02 | training energy RMSE (per atom):    3.8 meV | training energy MAE (per atom):    2.6 meV | training forces RMSE:   76.3 meV/A | training forces MAE:  47.51 meV/A | validation loss: 9.682e-03 | validation energy RMSE (per atom):   14.8 meV | validation energy MAE (per atom):    3.2 meV | validation forces RMSE:  104.0 meV/A | validation forces MAE:  52.18 meV/A
[2025-10-14 00:43:29][INFO] - Epoch: 1234 | learning rate: 3.125e-06 | training loss: 6.427e-02 | training energy RMSE (per atom):    3.7 meV | training energy MAE (per atom):    2.4 meV | training forces RMSE:   76.3 meV/A | training forces MAE:  47.59 meV/A | validation loss: 9.570e-03 | validation energy RMSE (per atom):   14.6 meV | validation energy MAE (per atom):    3.2 meV | validation forces RMSE:  103.9 meV/A | validation forces MAE:  52.28 meV/A
[2025-10-14 00:44:07][INFO] - Epoch: 1235 | learning rate: 3.125e-06 | training loss: 6.451e-02 | training energy RMSE (per atom):    3.6 meV | training energy MAE (per atom):    2.4 meV | training forces RMSE:   76.2 meV/A | training forces MAE:  47.49 meV/A | validation loss: 9.500e-03 | validation energy RMSE (per atom):   14.5 meV | validation energy MAE (per atom):    2.9 meV | validation forces RMSE:  104.1 meV/A | validation forces MAE:  52.12 meV/A
[2025-10-14 00:44:45][INFO] - Epoch: 1236 | learning rate: 3.125e-06 | training loss: 6.466e-02 | training energy RMSE (per atom):    3.7 meV | training energy MAE (per atom):    2.4 meV | training forces RMSE:   76.2 meV/A | training forces MAE:  47.48 meV/A | validation loss: 9.656e-03 | validation energy RMSE (per atom):   14.8 meV | validation energy MAE (per atom):    3.3 meV | validation forces RMSE:  103.8 meV/A | validation forces MAE:  51.81 meV/A
[2025-10-14 00:45:23][INFO] - Epoch: 1237 | learning rate: 3.125e-06 | training loss: 6.405e-02 | training energy RMSE (per atom):    3.8 meV | training energy MAE (per atom):    2.5 meV | training forces RMSE:   76.2 meV/A | training forces MAE:  47.55 meV/A | validation loss: 9.461e-03 | validation energy RMSE (per atom):   14.6 meV | validation energy MAE (per atom):    4.6 meV | validation forces RMSE:  103.7 meV/A | validation forces MAE:  51.86 meV/A
[2025-10-14 00:46:01][INFO] - Epoch: 1238 | learning rate: 3.125e-06 | training loss: 6.385e-02 | training energy RMSE (per atom):    3.7 meV | training energy MAE (per atom):    2.4 meV | training forces RMSE:   76.0 meV/A | training forces MAE:  47.42 meV/A | validation loss: 9.523e-03 | validation energy RMSE (per atom):   14.6 meV | validation energy MAE (per atom):    2.8 meV | validation forces RMSE:  103.7 meV/A | validation forces MAE:  51.84 meV/A
[2025-10-14 00:46:39][INFO] - Epoch: 1239 | learning rate: 3.125e-06 | training loss: 6.485e-02 | training energy RMSE (per atom):    3.7 meV | training energy MAE (per atom):    2.4 meV | training forces RMSE:   76.1 meV/A | training forces MAE:  47.47 meV/A | validation loss: 9.707e-03 | validation energy RMSE (per atom):   15.0 meV | validation energy MAE (per atom):    4.1 meV | validation forces RMSE:  103.4 meV/A | validation forces MAE:  51.93 meV/A
[2025-10-14 00:47:17][INFO] - Epoch: 1240 | learning rate: 3.125e-06 | training loss: 6.499e-02 | training energy RMSE (per atom):    3.9 meV | training energy MAE (per atom):    2.6 meV | training forces RMSE:   76.2 meV/A | training forces MAE:  47.43 meV/A | validation loss: 9.551e-03 | validation energy RMSE (per atom):   14.8 meV | validation energy MAE (per atom):    4.2 meV | validation forces RMSE:  103.2 meV/A | validation forces MAE:  52.00 meV/A
[2025-10-14 00:47:55][INFO] - Epoch: 1241 | learning rate: 3.125e-06 | training loss: 6.563e-02 | training energy RMSE (per atom):    3.8 meV | training energy MAE (per atom):    2.6 meV | training forces RMSE:   76.5 meV/A | training forces MAE:  47.62 meV/A | validation loss: 9.553e-03 | validation energy RMSE (per atom):   14.7 meV | validation energy MAE (per atom):    2.9 meV | validation forces RMSE:  103.2 meV/A | validation forces MAE:  52.15 meV/A
[2025-10-14 00:48:33][INFO] - Epoch: 1242 | learning rate: 3.125e-06 | training loss: 6.441e-02 | training energy RMSE (per atom):    3.7 meV | training energy MAE (per atom):    2.4 meV | training forces RMSE:   76.4 meV/A | training forces MAE:  47.56 meV/A | validation loss: 9.582e-03 | validation energy RMSE (per atom):   14.6 meV | validation energy MAE (per atom):    3.0 meV | validation forces RMSE:  104.0 meV/A | validation forces MAE:  52.95 meV/A
[2025-10-14 00:49:11][INFO] - Epoch: 1243 | learning rate: 3.125e-06 | training loss: 6.425e-02 | training energy RMSE (per atom):    3.7 meV | training energy MAE (per atom):    2.4 meV | training forces RMSE:   76.2 meV/A | training forces MAE:  47.50 meV/A | validation loss: 9.473e-03 | validation energy RMSE (per atom):   14.5 meV | validation energy MAE (per atom):    2.9 meV | validation forces RMSE:  103.6 meV/A | validation forces MAE:  51.81 meV/A
[2025-10-14 00:49:49][INFO] - Epoch: 1244 | learning rate: 3.125e-06 | training loss: 6.494e-02 | training energy RMSE (per atom):    4.0 meV | training energy MAE (per atom):    2.7 meV | training forces RMSE:   76.1 meV/A | training forces MAE:  47.34 meV/A | validation loss: 9.563e-03 | validation energy RMSE (per atom):   14.6 meV | validation energy MAE (per atom):    2.9 meV | validation forces RMSE:  103.8 meV/A | validation forces MAE:  52.37 meV/A
[2025-10-14 00:50:27][INFO] - Epoch: 1245 | learning rate: 3.125e-06 | training loss: 6.523e-02 | training energy RMSE (per atom):    3.9 meV | training energy MAE (per atom):    2.6 meV | training forces RMSE:   76.8 meV/A | training forces MAE:  47.61 meV/A | validation loss: 9.709e-03 | validation energy RMSE (per atom):   14.9 meV | validation energy MAE (per atom):    3.7 meV | validation forces RMSE:  103.9 meV/A | validation forces MAE:  51.89 meV/A
[2025-10-14 00:51:06][INFO] - Epoch: 1246 | learning rate: 3.125e-06 | training loss: 6.482e-02 | training energy RMSE (per atom):    3.8 meV | training energy MAE (per atom):    2.5 meV | training forces RMSE:   76.2 meV/A | training forces MAE:  47.51 meV/A | validation loss: 9.469e-03 | validation energy RMSE (per atom):   14.6 meV | validation energy MAE (per atom):    3.1 meV | validation forces RMSE:  103.4 meV/A | validation forces MAE:  51.75 meV/A
[2025-10-14 00:51:44][INFO] - Epoch: 1247 | learning rate: 3.125e-06 | training loss: 6.515e-02 | training energy RMSE (per atom):    3.7 meV | training energy MAE (per atom):    2.4 meV | training forces RMSE:   77.0 meV/A | training forces MAE:  47.38 meV/A | validation loss: 9.714e-03 | validation energy RMSE (per atom):   14.7 meV | validation energy MAE (per atom):    3.0 meV | validation forces RMSE:  104.4 meV/A | validation forces MAE:  52.88 meV/A
[2025-10-14 00:52:22][INFO] - Epoch: 1248 | learning rate: 3.125e-06 | training loss: 6.485e-02 | training energy RMSE (per atom):    3.6 meV | training energy MAE (per atom):    2.2 meV | training forces RMSE:   77.2 meV/A | training forces MAE:  47.66 meV/A | validation loss: 9.311e-03 | validation energy RMSE (per atom):   14.6 meV | validation energy MAE (per atom):    5.6 meV | validation forces RMSE:  102.6 meV/A | validation forces MAE:  52.30 meV/A
[2025-10-14 00:53:00][INFO] - Epoch: 1249 | learning rate: 3.125e-06 | training loss: 6.522e-02 | training energy RMSE (per atom):    3.8 meV | training energy MAE (per atom):    2.5 meV | training forces RMSE:   76.7 meV/A | training forces MAE:  47.61 meV/A | validation loss: 9.584e-03 | validation energy RMSE (per atom):   14.7 meV | validation energy MAE (per atom):    2.9 meV | validation forces RMSE:  103.7 meV/A | validation forces MAE:  51.96 meV/A
[2025-10-14 00:53:37][INFO] - Epoch: 1250 | learning rate: 3.125e-06 | training loss: 6.505e-02 | training energy RMSE (per atom):    3.8 meV | training energy MAE (per atom):    2.5 meV | training forces RMSE:   76.5 meV/A | training forces MAE:  47.64 meV/A | validation loss: 9.720e-03 | validation energy RMSE (per atom):   15.1 meV | validation energy MAE (per atom):    5.3 meV | validation forces RMSE:  103.5 meV/A | validation forces MAE:  51.78 meV/A
[2025-10-14 00:54:16][INFO] - Epoch: 1251 | learning rate: 3.125e-06 | training loss: 6.407e-02 | training energy RMSE (per atom):    3.7 meV | training energy MAE (per atom):    2.5 meV | training forces RMSE:   76.1 meV/A | training forces MAE:  47.39 meV/A | validation loss: 9.416e-03 | validation energy RMSE (per atom):   14.5 meV | validation energy MAE (per atom):    3.0 meV | validation forces RMSE:  103.3 meV/A | validation forces MAE:  51.77 meV/A
[2025-10-14 00:54:53][INFO] - Epoch: 1252 | learning rate: 3.125e-06 | training loss: 6.427e-02 | training energy RMSE (per atom):    3.9 meV | training energy MAE (per atom):    2.6 meV | training forces RMSE:   75.9 meV/A | training forces MAE:  47.37 meV/A | validation loss: 9.570e-03 | validation energy RMSE (per atom):   14.6 meV | validation energy MAE (per atom):    3.1 meV | validation forces RMSE:  104.2 meV/A | validation forces MAE:  51.83 meV/A
[2025-10-14 00:55:31][INFO] - Epoch: 1253 | learning rate: 3.125e-06 | training loss: 6.331e-02 | training energy RMSE (per atom):    3.5 meV | training energy MAE (per atom):    2.2 meV | training forces RMSE:   75.9 meV/A | training forces MAE:  47.26 meV/A | validation loss: 9.690e-03 | validation energy RMSE (per atom):   14.9 meV | validation energy MAE (per atom):    3.9 meV | validation forces RMSE:  103.7 meV/A | validation forces MAE:  51.69 meV/A
[2025-10-14 00:56:09][INFO] - Epoch: 1254 | learning rate: 3.125e-06 | training loss: 6.414e-02 | training energy RMSE (per atom):    3.7 meV | training energy MAE (per atom):    2.5 meV | training forces RMSE:   76.1 meV/A | training forces MAE:  47.42 meV/A | validation loss: 9.409e-03 | validation energy RMSE (per atom):   14.5 meV | validation energy MAE (per atom):    3.0 meV | validation forces RMSE:  103.1 meV/A | validation forces MAE:  51.60 meV/A
[2025-10-14 00:56:09][INFO] - Changing learning rate from 3.125e-06 to 1.5625e-06
[2025-10-14 00:56:47][INFO] - Epoch: 1255 | learning rate: 1.563e-06 | training loss: 6.312e-02 | training energy RMSE (per atom):    3.4 meV | training energy MAE (per atom):    2.1 meV | training forces RMSE:   75.5 meV/A | training forces MAE:  47.02 meV/A | validation loss: 9.440e-03 | validation energy RMSE (per atom):   14.5 meV | validation energy MAE (per atom):    3.1 meV | validation forces RMSE:  103.0 meV/A | validation forces MAE:  51.49 meV/A
[2025-10-14 00:57:24][INFO] - Epoch: 1256 | learning rate: 1.563e-06 | training loss: 6.293e-02 | training energy RMSE (per atom):    3.4 meV | training energy MAE (per atom):    2.1 meV | training forces RMSE:   75.4 meV/A | training forces MAE:  46.95 meV/A | validation loss: 9.501e-03 | validation energy RMSE (per atom):   14.6 meV | validation energy MAE (per atom):    2.8 meV | validation forces RMSE:  103.3 meV/A | validation forces MAE:  51.48 meV/A
[2025-10-14 00:58:02][INFO] - Epoch: 1257 | learning rate: 1.563e-06 | training loss: 6.360e-02 | training energy RMSE (per atom):    3.4 meV | training energy MAE (per atom):    2.1 meV | training forces RMSE:   75.5 meV/A | training forces MAE:  47.05 meV/A | validation loss: 9.563e-03 | validation energy RMSE (per atom):   14.8 meV | validation energy MAE (per atom):    3.6 meV | validation forces RMSE:  103.1 meV/A | validation forces MAE:  51.49 meV/A
[2025-10-14 00:58:40][INFO] - Epoch: 1258 | learning rate: 1.563e-06 | training loss: 6.266e-02 | training energy RMSE (per atom):    3.5 meV | training energy MAE (per atom):    2.2 meV | training forces RMSE:   75.3 meV/A | training forces MAE:  46.98 meV/A | validation loss: 9.394e-03 | validation energy RMSE (per atom):   14.4 meV | validation energy MAE (per atom):    3.0 meV | validation forces RMSE:  103.3 meV/A | validation forces MAE:  51.74 meV/A
[2025-10-14 00:59:17][INFO] - Epoch: 1259 | learning rate: 1.563e-06 | training loss: 6.289e-02 | training energy RMSE (per atom):    3.7 meV | training energy MAE (per atom):    2.4 meV | training forces RMSE:   75.4 meV/A | training forces MAE:  46.97 meV/A | validation loss: 9.481e-03 | validation energy RMSE (per atom):   14.6 meV | validation energy MAE (per atom):    2.8 meV | validation forces RMSE:  103.5 meV/A | validation forces MAE:  51.56 meV/A
[2025-10-14 00:59:56][INFO] - Epoch: 1260 | learning rate: 1.563e-06 | training loss: 6.277e-02 | training energy RMSE (per atom):    3.4 meV | training energy MAE (per atom):    2.1 meV | training forces RMSE:   75.4 meV/A | training forces MAE:  47.01 meV/A | validation loss: 9.512e-03 | validation energy RMSE (per atom):   14.6 meV | validation energy MAE (per atom):    3.2 meV | validation forces RMSE:  103.5 meV/A | validation forces MAE:  51.51 meV/A
[2025-10-14 01:00:33][INFO] - Epoch: 1261 | learning rate: 1.563e-06 | training loss: 6.225e-02 | training energy RMSE (per atom):    3.5 meV | training energy MAE (per atom):    2.2 meV | training forces RMSE:   75.4 meV/A | training forces MAE:  46.99 meV/A | validation loss: 9.522e-03 | validation energy RMSE (per atom):   14.6 meV | validation energy MAE (per atom):    2.9 meV | validation forces RMSE:  103.2 meV/A | validation forces MAE:  51.53 meV/A
[2025-10-14 01:01:10][INFO] - Epoch: 1262 | learning rate: 1.563e-06 | training loss: 6.257e-02 | training energy RMSE (per atom):    3.5 meV | training energy MAE (per atom):    2.2 meV | training forces RMSE:   75.3 meV/A | training forces MAE:  46.99 meV/A | validation loss: 9.688e-03 | validation energy RMSE (per atom):   14.8 meV | validation energy MAE (per atom):    3.5 meV | validation forces RMSE:  104.3 meV/A | validation forces MAE:  52.44 meV/A
[2025-10-14 01:01:48][INFO] - Epoch: 1263 | learning rate: 1.563e-06 | training loss: 6.376e-02 | training energy RMSE (per atom):    3.6 meV | training energy MAE (per atom):    2.3 meV | training forces RMSE:   75.4 meV/A | training forces MAE:  47.02 meV/A | validation loss: 9.434e-03 | validation energy RMSE (per atom):   14.5 meV | validation energy MAE (per atom):    3.5 meV | validation forces RMSE:  103.2 meV/A | validation forces MAE:  51.76 meV/A
[2025-10-14 01:02:26][INFO] - Epoch: 1264 | learning rate: 1.563e-06 | training loss: 6.293e-02 | training energy RMSE (per atom):    3.6 meV | training energy MAE (per atom):    2.4 meV | training forces RMSE:   75.4 meV/A | training forces MAE:  47.06 meV/A | validation loss: 9.594e-03 | validation energy RMSE (per atom):   14.8 meV | validation energy MAE (per atom):    3.9 meV | validation forces RMSE:  103.1 meV/A | validation forces MAE:  51.54 meV/A
[2025-10-14 01:03:04][INFO] - Epoch: 1265 | learning rate: 1.563e-06 | training loss: 6.246e-02 | training energy RMSE (per atom):    3.5 meV | training energy MAE (per atom):    2.2 meV | training forces RMSE:   75.4 meV/A | training forces MAE:  46.97 meV/A | validation loss: 9.594e-03 | validation energy RMSE (per atom):   14.7 meV | validation energy MAE (per atom):    3.3 meV | validation forces RMSE:  103.4 meV/A | validation forces MAE:  51.87 meV/A
[2025-10-14 01:03:42][INFO] - Epoch: 1266 | learning rate: 1.563e-06 | training loss: 6.317e-02 | training energy RMSE (per atom):    3.4 meV | training energy MAE (per atom):    2.1 meV | training forces RMSE:   75.3 meV/A | training forces MAE:  46.98 meV/A | validation loss: 9.557e-03 | validation energy RMSE (per atom):   14.8 meV | validation energy MAE (per atom):    3.2 meV | validation forces RMSE:  102.8 meV/A | validation forces MAE:  51.39 meV/A
[2025-10-14 01:04:20][INFO] - Epoch: 1267 | learning rate: 1.563e-06 | training loss: 6.362e-02 | training energy RMSE (per atom):    3.5 meV | training energy MAE (per atom):    2.2 meV | training forces RMSE:   75.4 meV/A | training forces MAE:  47.04 meV/A | validation loss: 9.402e-03 | validation energy RMSE (per atom):   14.4 meV | validation energy MAE (per atom):    3.4 meV | validation forces RMSE:  103.5 meV/A | validation forces MAE:  51.65 meV/A
[2025-10-14 01:04:57][INFO] - Epoch: 1268 | learning rate: 1.563e-06 | training loss: 6.232e-02 | training energy RMSE (per atom):    3.5 meV | training energy MAE (per atom):    2.3 meV | training forces RMSE:   75.3 meV/A | training forces MAE:  46.98 meV/A | validation loss: 9.435e-03 | validation energy RMSE (per atom):   14.6 meV | validation energy MAE (per atom):    3.6 meV | validation forces RMSE:  103.0 meV/A | validation forces MAE:  51.48 meV/A
[2025-10-14 01:05:35][INFO] - Epoch: 1269 | learning rate: 1.563e-06 | training loss: 6.203e-02 | training energy RMSE (per atom):    3.5 meV | training energy MAE (per atom):    2.2 meV | training forces RMSE:   75.4 meV/A | training forces MAE:  46.97 meV/A | validation loss: 9.457e-03 | validation energy RMSE (per atom):   14.6 meV | validation energy MAE (per atom):    3.0 meV | validation forces RMSE:  103.1 meV/A | validation forces MAE:  51.56 meV/A
[2025-10-14 01:06:13][INFO] - Epoch: 1270 | learning rate: 1.563e-06 | training loss: 6.266e-02 | training energy RMSE (per atom):    3.4 meV | training energy MAE (per atom):    2.0 meV | training forces RMSE:   75.2 meV/A | training forces MAE:  46.90 meV/A | validation loss: 9.368e-03 | validation energy RMSE (per atom):   14.4 meV | validation energy MAE (per atom):    3.6 meV | validation forces RMSE:  103.1 meV/A | validation forces MAE:  51.43 meV/A
[2025-10-14 01:06:51][INFO] - Epoch: 1271 | learning rate: 1.563e-06 | training loss: 6.309e-02 | training energy RMSE (per atom):    3.5 meV | training energy MAE (per atom):    2.2 meV | training forces RMSE:   75.3 meV/A | training forces MAE:  46.94 meV/A | validation loss: 9.536e-03 | validation energy RMSE (per atom):   14.7 meV | validation energy MAE (per atom):    3.0 meV | validation forces RMSE:  103.2 meV/A | validation forces MAE:  51.53 meV/A
[2025-10-14 01:07:29][INFO] - Epoch: 1272 | learning rate: 1.563e-06 | training loss: 6.261e-02 | training energy RMSE (per atom):    3.5 meV | training energy MAE (per atom):    2.2 meV | training forces RMSE:   75.2 meV/A | training forces MAE:  46.92 meV/A | validation loss: 9.581e-03 | validation energy RMSE (per atom):   14.7 meV | validation energy MAE (per atom):    3.3 meV | validation forces RMSE:  103.3 meV/A | validation forces MAE:  51.67 meV/A
[2025-10-14 01:08:07][INFO] - Epoch: 1273 | learning rate: 1.563e-06 | training loss: 6.285e-02 | training energy RMSE (per atom):    3.6 meV | training energy MAE (per atom):    2.3 meV | training forces RMSE:   75.3 meV/A | training forces MAE:  46.92 meV/A | validation loss: 9.487e-03 | validation energy RMSE (per atom):   14.6 meV | validation energy MAE (per atom):    2.9 meV | validation forces RMSE:  102.9 meV/A | validation forces MAE:  51.52 meV/A
[2025-10-14 01:08:45][INFO] - Epoch: 1274 | learning rate: 1.563e-06 | training loss: 6.253e-02 | training energy RMSE (per atom):    3.4 meV | training energy MAE (per atom):    2.1 meV | training forces RMSE:   75.2 meV/A | training forces MAE:  46.93 meV/A | validation loss: 9.369e-03 | validation energy RMSE (per atom):   14.4 meV | validation energy MAE (per atom):    2.9 meV | validation forces RMSE:  103.0 meV/A | validation forces MAE:  51.63 meV/A
[2025-10-14 01:09:24][INFO] - Epoch: 1275 | learning rate: 1.563e-06 | training loss: 6.248e-02 | training energy RMSE (per atom):    3.5 meV | training energy MAE (per atom):    2.2 meV | training forces RMSE:   75.2 meV/A | training forces MAE:  46.94 meV/A | validation loss: 9.550e-03 | validation energy RMSE (per atom):   14.8 meV | validation energy MAE (per atom):    3.7 meV | validation forces RMSE:  102.7 meV/A | validation forces MAE:  51.45 meV/A
[2025-10-14 01:10:01][INFO] - Epoch: 1276 | learning rate: 1.563e-06 | training loss: 6.324e-02 | training energy RMSE (per atom):    3.4 meV | training energy MAE (per atom):    2.1 meV | training forces RMSE:   75.3 meV/A | training forces MAE:  47.03 meV/A | validation loss: 9.480e-03 | validation energy RMSE (per atom):   14.6 meV | validation energy MAE (per atom):    3.3 meV | validation forces RMSE:  103.3 meV/A | validation forces MAE:  51.47 meV/A
[2025-10-14 01:10:39][INFO] - Epoch: 1277 | learning rate: 1.563e-06 | training loss: 6.286e-02 | training energy RMSE (per atom):    3.6 meV | training energy MAE (per atom):    2.3 meV | training forces RMSE:   75.3 meV/A | training forces MAE:  46.94 meV/A | validation loss: 9.433e-03 | validation energy RMSE (per atom):   14.5 meV | validation energy MAE (per atom):    3.2 meV | validation forces RMSE:  103.1 meV/A | validation forces MAE:  51.51 meV/A
[2025-10-14 01:11:17][INFO] - Epoch: 1278 | learning rate: 1.563e-06 | training loss: 6.340e-02 | training energy RMSE (per atom):    3.4 meV | training energy MAE (per atom):    2.1 meV | training forces RMSE:   75.3 meV/A | training forces MAE:  46.96 meV/A | validation loss: 9.408e-03 | validation energy RMSE (per atom):   14.5 meV | validation energy MAE (per atom):    3.7 meV | validation forces RMSE:  103.0 meV/A | validation forces MAE:  51.44 meV/A
[2025-10-14 01:11:55][INFO] - Epoch: 1279 | learning rate: 1.563e-06 | training loss: 6.270e-02 | training energy RMSE (per atom):    3.5 meV | training energy MAE (per atom):    2.3 meV | training forces RMSE:   75.4 meV/A | training forces MAE:  46.97 meV/A | validation loss: 9.479e-03 | validation energy RMSE (per atom):   14.6 meV | validation energy MAE (per atom):    3.3 meV | validation forces RMSE:  103.2 meV/A | validation forces MAE:  51.37 meV/A
[2025-10-14 01:12:33][INFO] - Epoch: 1280 | learning rate: 1.563e-06 | training loss: 6.213e-02 | training energy RMSE (per atom):    3.5 meV | training energy MAE (per atom):    2.2 meV | training forces RMSE:   75.2 meV/A | training forces MAE:  46.85 meV/A | validation loss: 9.375e-03 | validation energy RMSE (per atom):   14.4 meV | validation energy MAE (per atom):    3.4 meV | validation forces RMSE:  103.2 meV/A | validation forces MAE:  51.49 meV/A
[2025-10-14 01:13:11][INFO] - Epoch: 1281 | learning rate: 1.563e-06 | training loss: 6.256e-02 | training energy RMSE (per atom):    3.5 meV | training energy MAE (per atom):    2.3 meV | training forces RMSE:   75.1 meV/A | training forces MAE:  46.89 meV/A | validation loss: 9.439e-03 | validation energy RMSE (per atom):   14.4 meV | validation energy MAE (per atom):    3.1 meV | validation forces RMSE:  103.4 meV/A | validation forces MAE:  52.06 meV/A
[2025-10-14 01:13:49][INFO] - Epoch: 1282 | learning rate: 1.563e-06 | training loss: 6.264e-02 | training energy RMSE (per atom):    3.6 meV | training energy MAE (per atom):    2.3 meV | training forces RMSE:   75.2 meV/A | training forces MAE:  46.92 meV/A | validation loss: 9.405e-03 | validation energy RMSE (per atom):   14.5 meV | validation energy MAE (per atom):    3.2 meV | validation forces RMSE:  102.9 meV/A | validation forces MAE:  51.40 meV/A
[2025-10-14 01:14:27][INFO] - Epoch: 1283 | learning rate: 1.563e-06 | training loss: 6.221e-02 | training energy RMSE (per atom):    3.4 meV | training energy MAE (per atom):    2.1 meV | training forces RMSE:   75.3 meV/A | training forces MAE:  46.93 meV/A | validation loss: 9.448e-03 | validation energy RMSE (per atom):   14.6 meV | validation energy MAE (per atom):    2.9 meV | validation forces RMSE:  102.8 meV/A | validation forces MAE:  51.45 meV/A
[2025-10-14 01:15:05][INFO] - Epoch: 1284 | learning rate: 1.563e-06 | training loss: 6.217e-02 | training energy RMSE (per atom):    3.4 meV | training energy MAE (per atom):    2.1 meV | training forces RMSE:   75.2 meV/A | training forces MAE:  46.86 meV/A | validation loss: 9.439e-03 | validation energy RMSE (per atom):   14.6 meV | validation energy MAE (per atom):    2.8 meV | validation forces RMSE:  102.7 meV/A | validation forces MAE:  51.61 meV/A
[2025-10-14 01:15:42][INFO] - Epoch: 1285 | learning rate: 1.563e-06 | training loss: 6.213e-02 | training energy RMSE (per atom):    3.5 meV | training energy MAE (per atom):    2.2 meV | training forces RMSE:   75.3 meV/A | training forces MAE:  46.95 meV/A | validation loss: 9.402e-03 | validation energy RMSE (per atom):   14.5 meV | validation energy MAE (per atom):    3.0 meV | validation forces RMSE:  102.9 meV/A | validation forces MAE:  51.39 meV/A
[2025-10-14 01:16:20][INFO] - Epoch: 1286 | learning rate: 1.563e-06 | training loss: 6.238e-02 | training energy RMSE (per atom):    3.5 meV | training energy MAE (per atom):    2.2 meV | training forces RMSE:   75.1 meV/A | training forces MAE:  46.91 meV/A | validation loss: 9.599e-03 | validation energy RMSE (per atom):   15.0 meV | validation energy MAE (per atom):    4.2 meV | validation forces RMSE:  102.6 meV/A | validation forces MAE:  51.33 meV/A
[2025-10-14 01:16:57][INFO] - Epoch: 1287 | learning rate: 1.563e-06 | training loss: 6.268e-02 | training energy RMSE (per atom):    3.4 meV | training energy MAE (per atom):    2.1 meV | training forces RMSE:   75.1 meV/A | training forces MAE:  46.90 meV/A | validation loss: 9.450e-03 | validation energy RMSE (per atom):   14.6 meV | validation energy MAE (per atom):    3.3 meV | validation forces RMSE:  103.1 meV/A | validation forces MAE:  51.49 meV/A
[2025-10-14 01:17:35][INFO] - Epoch: 1288 | learning rate: 1.563e-06 | training loss: 6.242e-02 | training energy RMSE (per atom):    3.4 meV | training energy MAE (per atom):    2.1 meV | training forces RMSE:   75.2 meV/A | training forces MAE:  46.90 meV/A | validation loss: 9.438e-03 | validation energy RMSE (per atom):   14.6 meV | validation energy MAE (per atom):    3.3 meV | validation forces RMSE:  103.0 meV/A | validation forces MAE:  51.41 meV/A
[2025-10-14 01:18:13][INFO] - Epoch: 1289 | learning rate: 1.563e-06 | training loss: 6.235e-02 | training energy RMSE (per atom):    3.5 meV | training energy MAE (per atom):    2.1 meV | training forces RMSE:   75.2 meV/A | training forces MAE:  46.93 meV/A | validation loss: 9.429e-03 | validation energy RMSE (per atom):   14.5 meV | validation energy MAE (per atom):    2.8 meV | validation forces RMSE:  103.1 meV/A | validation forces MAE:  51.54 meV/A
[2025-10-14 01:18:51][INFO] - Epoch: 1290 | learning rate: 1.563e-06 | training loss: 6.282e-02 | training energy RMSE (per atom):    3.3 meV | training energy MAE (per atom):    2.0 meV | training forces RMSE:   75.2 meV/A | training forces MAE:  46.88 meV/A | validation loss: 9.432e-03 | validation energy RMSE (per atom):   14.6 meV | validation energy MAE (per atom):    2.9 meV | validation forces RMSE:  102.8 meV/A | validation forces MAE:  51.42 meV/A
[2025-10-14 01:19:29][INFO] - Epoch: 1291 | learning rate: 1.563e-06 | training loss: 6.251e-02 | training energy RMSE (per atom):    3.5 meV | training energy MAE (per atom):    2.3 meV | training forces RMSE:   75.2 meV/A | training forces MAE:  46.87 meV/A | validation loss: 9.378e-03 | validation energy RMSE (per atom):   14.5 meV | validation energy MAE (per atom):    3.1 meV | validation forces RMSE:  102.4 meV/A | validation forces MAE:  51.30 meV/A
[2025-10-14 01:20:07][INFO] - Epoch: 1292 | learning rate: 1.563e-06 | training loss: 6.325e-02 | training energy RMSE (per atom):    3.5 meV | training energy MAE (per atom):    2.2 meV | training forces RMSE:   75.3 meV/A | training forces MAE:  46.92 meV/A | validation loss: 9.327e-03 | validation energy RMSE (per atom):   14.4 meV | validation energy MAE (per atom):    2.9 meV | validation forces RMSE:  102.9 meV/A | validation forces MAE:  51.32 meV/A
[2025-10-14 01:20:45][INFO] - Epoch: 1293 | learning rate: 1.563e-06 | training loss: 6.229e-02 | training energy RMSE (per atom):    3.6 meV | training energy MAE (per atom):    2.3 meV | training forces RMSE:   75.1 meV/A | training forces MAE:  46.87 meV/A | validation loss: 9.426e-03 | validation energy RMSE (per atom):   14.5 meV | validation energy MAE (per atom):    2.8 meV | validation forces RMSE:  103.1 meV/A | validation forces MAE:  51.72 meV/A
[2025-10-14 01:21:23][INFO] - Epoch: 1294 | learning rate: 1.563e-06 | training loss: 6.178e-02 | training energy RMSE (per atom):    3.5 meV | training energy MAE (per atom):    2.2 meV | training forces RMSE:   75.0 meV/A | training forces MAE:  46.84 meV/A | validation loss: 9.345e-03 | validation energy RMSE (per atom):   14.4 meV | validation energy MAE (per atom):    2.7 meV | validation forces RMSE:  102.7 meV/A | validation forces MAE:  51.36 meV/A
[2025-10-14 01:22:01][INFO] - Epoch: 1295 | learning rate: 1.563e-06 | training loss: 6.256e-02 | training energy RMSE (per atom):    3.4 meV | training energy MAE (per atom):    2.1 meV | training forces RMSE:   75.2 meV/A | training forces MAE:  46.94 meV/A | validation loss: 9.360e-03 | validation energy RMSE (per atom):   14.5 meV | validation energy MAE (per atom):    2.8 meV | validation forces RMSE:  102.8 meV/A | validation forces MAE:  51.18 meV/A
[2025-10-14 01:22:38][INFO] - Epoch: 1296 | learning rate: 1.563e-06 | training loss: 6.208e-02 | training energy RMSE (per atom):    3.5 meV | training energy MAE (per atom):    2.2 meV | training forces RMSE:   75.2 meV/A | training forces MAE:  46.95 meV/A | validation loss: 9.534e-03 | validation energy RMSE (per atom):   14.6 meV | validation energy MAE (per atom):    4.4 meV | validation forces RMSE:  104.2 meV/A | validation forces MAE:  52.11 meV/A
[2025-10-14 01:23:16][INFO] - Epoch: 1297 | learning rate: 1.563e-06 | training loss: 6.198e-02 | training energy RMSE (per atom):    3.4 meV | training energy MAE (per atom):    2.1 meV | training forces RMSE:   75.1 meV/A | training forces MAE:  46.89 meV/A | validation loss: 9.298e-03 | validation energy RMSE (per atom):   14.4 meV | validation energy MAE (per atom):    3.6 meV | validation forces RMSE:  102.9 meV/A | validation forces MAE:  51.39 meV/A
[2025-10-14 01:23:54][INFO] - Epoch: 1298 | learning rate: 1.563e-06 | training loss: 6.258e-02 | training energy RMSE (per atom):    3.4 meV | training energy MAE (per atom):    2.1 meV | training forces RMSE:   75.2 meV/A | training forces MAE:  46.92 meV/A | validation loss: 9.342e-03 | validation energy RMSE (per atom):   14.4 meV | validation energy MAE (per atom):    3.2 meV | validation forces RMSE:  103.0 meV/A | validation forces MAE:  51.69 meV/A
[2025-10-14 01:24:32][INFO] - Epoch: 1299 | learning rate: 1.563e-06 | training loss: 6.252e-02 | training energy RMSE (per atom):    3.5 meV | training energy MAE (per atom):    2.3 meV | training forces RMSE:   75.2 meV/A | training forces MAE:  46.92 meV/A | validation loss: 9.454e-03 | validation energy RMSE (per atom):   14.6 meV | validation energy MAE (per atom):    3.1 meV | validation forces RMSE:  103.1 meV/A | validation forces MAE:  51.47 meV/A
[2025-10-14 01:25:10][INFO] - Epoch: 1300 | learning rate: 1.563e-06 | training loss: 6.251e-02 | training energy RMSE (per atom):    3.6 meV | training energy MAE (per atom):    2.3 meV | training forces RMSE:   75.2 meV/A | training forces MAE:  46.91 meV/A | validation loss: 9.406e-03 | validation energy RMSE (per atom):   14.4 meV | validation energy MAE (per atom):    3.0 meV | validation forces RMSE:  103.5 meV/A | validation forces MAE:  51.70 meV/A
[2025-10-14 01:25:48][INFO] - Epoch: 1301 | learning rate: 1.563e-06 | training loss: 6.212e-02 | training energy RMSE (per atom):    3.4 meV | training energy MAE (per atom):    2.1 meV | training forces RMSE:   75.1 meV/A | training forces MAE:  46.86 meV/A | validation loss: 9.401e-03 | validation energy RMSE (per atom):   14.5 meV | validation energy MAE (per atom):    2.8 meV | validation forces RMSE:  102.9 meV/A | validation forces MAE:  51.41 meV/A
[2025-10-14 01:26:26][INFO] - Epoch: 1302 | learning rate: 1.563e-06 | training loss: 6.263e-02 | training energy RMSE (per atom):    3.4 meV | training energy MAE (per atom):    2.1 meV | training forces RMSE:   75.2 meV/A | training forces MAE:  46.89 meV/A | validation loss: 9.353e-03 | validation energy RMSE (per atom):   14.4 meV | validation energy MAE (per atom):    3.2 meV | validation forces RMSE:  102.8 meV/A | validation forces MAE:  51.27 meV/A
[2025-10-14 01:27:04][INFO] - Epoch: 1303 | learning rate: 1.563e-06 | training loss: 6.256e-02 | training energy RMSE (per atom):    3.6 meV | training energy MAE (per atom):    2.3 meV | training forces RMSE:   75.0 meV/A | training forces MAE:  46.88 meV/A | validation loss: 9.452e-03 | validation energy RMSE (per atom):   14.6 meV | validation energy MAE (per atom):    2.8 meV | validation forces RMSE:  102.8 meV/A | validation forces MAE:  51.27 meV/A
[2025-10-14 01:27:42][INFO] - Epoch: 1304 | learning rate: 1.563e-06 | training loss: 6.250e-02 | training energy RMSE (per atom):    3.5 meV | training energy MAE (per atom):    2.2 meV | training forces RMSE:   75.1 meV/A | training forces MAE:  46.86 meV/A | validation loss: 9.504e-03 | validation energy RMSE (per atom):   14.6 meV | validation energy MAE (per atom):    2.9 meV | validation forces RMSE:  103.2 meV/A | validation forces MAE:  51.51 meV/A
[2025-10-14 01:28:20][INFO] - Epoch: 1305 | learning rate: 1.563e-06 | training loss: 6.199e-02 | training energy RMSE (per atom):    3.4 meV | training energy MAE (per atom):    2.2 meV | training forces RMSE:   75.0 meV/A | training forces MAE:  46.80 meV/A | validation loss: 9.338e-03 | validation energy RMSE (per atom):   14.4 meV | validation energy MAE (per atom):    2.9 meV | validation forces RMSE:  102.8 meV/A | validation forces MAE:  51.34 meV/A
[2025-10-14 01:28:59][INFO] - Epoch: 1306 | learning rate: 1.563e-06 | training loss: 6.280e-02 | training energy RMSE (per atom):    3.4 meV | training energy MAE (per atom):    2.1 meV | training forces RMSE:   75.2 meV/A | training forces MAE:  46.92 meV/A | validation loss: 9.490e-03 | validation energy RMSE (per atom):   14.7 meV | validation energy MAE (per atom):    3.2 meV | validation forces RMSE:  102.8 meV/A | validation forces MAE:  51.40 meV/A
[2025-10-14 01:29:37][INFO] - Epoch: 1307 | learning rate: 1.563e-06 | training loss: 6.280e-02 | training energy RMSE (per atom):    3.5 meV | training energy MAE (per atom):    2.2 meV | training forces RMSE:   75.1 meV/A | training forces MAE:  46.90 meV/A | validation loss: 9.412e-03 | validation energy RMSE (per atom):   14.5 meV | validation energy MAE (per atom):    2.9 meV | validation forces RMSE:  102.8 meV/A | validation forces MAE:  51.36 meV/A
[2025-10-14 01:30:14][INFO] - Epoch: 1308 | learning rate: 1.563e-06 | training loss: 6.239e-02 | training energy RMSE (per atom):    3.6 meV | training energy MAE (per atom):    2.4 meV | training forces RMSE:   75.0 meV/A | training forces MAE:  46.88 meV/A | validation loss: 9.377e-03 | validation energy RMSE (per atom):   14.4 meV | validation energy MAE (per atom):    2.9 meV | validation forces RMSE:  103.0 meV/A | validation forces MAE:  51.46 meV/A
[2025-10-14 01:30:52][INFO] - Epoch: 1309 | learning rate: 1.563e-06 | training loss: 6.223e-02 | training energy RMSE (per atom):    3.5 meV | training energy MAE (per atom):    2.3 meV | training forces RMSE:   75.1 meV/A | training forces MAE:  46.87 meV/A | validation loss: 9.432e-03 | validation energy RMSE (per atom):   14.5 meV | validation energy MAE (per atom):    2.9 meV | validation forces RMSE:  103.1 meV/A | validation forces MAE:  51.42 meV/A
[2025-10-14 01:31:30][INFO] - Epoch: 1310 | learning rate: 1.563e-06 | training loss: 6.254e-02 | training energy RMSE (per atom):    3.3 meV | training energy MAE (per atom):    2.1 meV | training forces RMSE:   75.0 meV/A | training forces MAE:  46.84 meV/A | validation loss: 9.553e-03 | validation energy RMSE (per atom):   14.7 meV | validation energy MAE (per atom):    2.9 meV | validation forces RMSE:  103.4 meV/A | validation forces MAE:  51.59 meV/A
[2025-10-14 01:32:07][INFO] - Epoch: 1311 | learning rate: 1.563e-06 | training loss: 6.281e-02 | training energy RMSE (per atom):    3.5 meV | training energy MAE (per atom):    2.2 meV | training forces RMSE:   75.0 meV/A | training forces MAE:  46.83 meV/A | validation loss: 9.346e-03 | validation energy RMSE (per atom):   14.4 meV | validation energy MAE (per atom):    2.9 meV | validation forces RMSE:  102.5 meV/A | validation forces MAE:  51.29 meV/A
[2025-10-14 01:32:45][INFO] - Epoch: 1312 | learning rate: 1.563e-06 | training loss: 6.235e-02 | training energy RMSE (per atom):    3.4 meV | training energy MAE (per atom):    2.1 meV | training forces RMSE:   75.0 meV/A | training forces MAE:  46.83 meV/A | validation loss: 9.465e-03 | validation energy RMSE (per atom):   14.6 meV | validation energy MAE (per atom):    3.4 meV | validation forces RMSE:  102.9 meV/A | validation forces MAE:  51.59 meV/A
[2025-10-14 01:33:23][INFO] - Epoch: 1313 | learning rate: 1.563e-06 | training loss: 6.261e-02 | training energy RMSE (per atom):    3.6 meV | training energy MAE (per atom):    2.3 meV | training forces RMSE:   75.1 meV/A | training forces MAE:  46.87 meV/A | validation loss: 9.462e-03 | validation energy RMSE (per atom):   14.6 meV | validation energy MAE (per atom):    3.6 meV | validation forces RMSE:  103.0 meV/A | validation forces MAE:  51.70 meV/A
[2025-10-14 01:34:01][INFO] - Epoch: 1314 | learning rate: 1.563e-06 | training loss: 6.240e-02 | training energy RMSE (per atom):    3.4 meV | training energy MAE (per atom):    2.2 meV | training forces RMSE:   75.1 meV/A | training forces MAE:  46.91 meV/A | validation loss: 9.587e-03 | validation energy RMSE (per atom):   14.8 meV | validation energy MAE (per atom):    3.4 meV | validation forces RMSE:  103.0 meV/A | validation forces MAE:  51.45 meV/A
[2025-10-14 01:34:39][INFO] - Epoch: 1315 | learning rate: 1.563e-06 | training loss: 6.176e-02 | training energy RMSE (per atom):    3.5 meV | training energy MAE (per atom):    2.2 meV | training forces RMSE:   74.9 meV/A | training forces MAE:  46.85 meV/A | validation loss: 9.566e-03 | validation energy RMSE (per atom):   14.8 meV | validation energy MAE (per atom):    3.6 meV | validation forces RMSE:  103.0 meV/A | validation forces MAE:  51.41 meV/A
[2025-10-14 01:35:17][INFO] - Epoch: 1316 | learning rate: 1.563e-06 | training loss: 6.167e-02 | training energy RMSE (per atom):    3.4 meV | training energy MAE (per atom):    2.1 meV | training forces RMSE:   75.0 meV/A | training forces MAE:  46.85 meV/A | validation loss: 9.488e-03 | validation energy RMSE (per atom):   14.6 meV | validation energy MAE (per atom):    2.8 meV | validation forces RMSE:  103.4 meV/A | validation forces MAE:  51.53 meV/A
[2025-10-14 01:35:54][INFO] - Epoch: 1317 | learning rate: 1.563e-06 | training loss: 6.265e-02 | training energy RMSE (per atom):    3.6 meV | training energy MAE (per atom):    2.3 meV | training forces RMSE:   75.0 meV/A | training forces MAE:  46.89 meV/A | validation loss: 9.466e-03 | validation energy RMSE (per atom):   14.6 meV | validation energy MAE (per atom):    3.0 meV | validation forces RMSE:  103.2 meV/A | validation forces MAE:  51.26 meV/A
[2025-10-14 01:36:32][INFO] - Epoch: 1318 | learning rate: 1.563e-06 | training loss: 6.211e-02 | training energy RMSE (per atom):    3.5 meV | training energy MAE (per atom):    2.3 meV | training forces RMSE:   74.9 meV/A | training forces MAE:  46.79 meV/A | validation loss: 9.524e-03 | validation energy RMSE (per atom):   14.6 meV | validation energy MAE (per atom):    3.2 meV | validation forces RMSE:  103.3 meV/A | validation forces MAE:  51.63 meV/A
[2025-10-14 01:37:10][INFO] - Epoch: 1319 | learning rate: 1.563e-06 | training loss: 6.220e-02 | training energy RMSE (per atom):    3.5 meV | training energy MAE (per atom):    2.2 meV | training forces RMSE:   75.0 meV/A | training forces MAE:  46.87 meV/A | validation loss: 9.563e-03 | validation energy RMSE (per atom):   14.8 meV | validation energy MAE (per atom):    3.1 meV | validation forces RMSE:  102.9 meV/A | validation forces MAE:  51.36 meV/A
[2025-10-14 01:37:48][INFO] - Epoch: 1320 | learning rate: 1.563e-06 | training loss: 6.215e-02 | training energy RMSE (per atom):    3.4 meV | training energy MAE (per atom):    2.1 meV | training forces RMSE:   74.9 meV/A | training forces MAE:  46.74 meV/A | validation loss: 9.376e-03 | validation energy RMSE (per atom):   14.4 meV | validation energy MAE (per atom):    3.1 meV | validation forces RMSE:  103.1 meV/A | validation forces MAE:  51.47 meV/A
[2025-10-14 01:38:26][INFO] - Epoch: 1321 | learning rate: 1.563e-06 | training loss: 6.242e-02 | training energy RMSE (per atom):    3.4 meV | training energy MAE (per atom):    2.1 meV | training forces RMSE:   74.9 meV/A | training forces MAE:  46.78 meV/A | validation loss: 9.527e-03 | validation energy RMSE (per atom):   14.6 meV | validation energy MAE (per atom):    3.1 meV | validation forces RMSE:  103.3 meV/A | validation forces MAE:  51.54 meV/A
[2025-10-14 01:39:04][INFO] - Epoch: 1322 | learning rate: 1.563e-06 | training loss: 6.293e-02 | training energy RMSE (per atom):    3.4 meV | training energy MAE (per atom):    2.1 meV | training forces RMSE:   75.2 meV/A | training forces MAE:  46.89 meV/A | validation loss: 9.323e-03 | validation energy RMSE (per atom):   14.4 meV | validation energy MAE (per atom):    2.8 meV | validation forces RMSE:  102.9 meV/A | validation forces MAE:  51.31 meV/A
[2025-10-14 01:39:42][INFO] - Epoch: 1323 | learning rate: 1.563e-06 | training loss: 6.163e-02 | training energy RMSE (per atom):    3.5 meV | training energy MAE (per atom):    2.2 meV | training forces RMSE:   75.0 meV/A | training forces MAE:  46.82 meV/A | validation loss: 9.463e-03 | validation energy RMSE (per atom):   14.5 meV | validation energy MAE (per atom):    3.0 meV | validation forces RMSE:  103.2 meV/A | validation forces MAE:  51.94 meV/A
[2025-10-14 01:40:19][INFO] - Epoch: 1324 | learning rate: 1.563e-06 | training loss: 6.192e-02 | training energy RMSE (per atom):    3.4 meV | training energy MAE (per atom):    2.2 meV | training forces RMSE:   74.9 meV/A | training forces MAE:  46.83 meV/A | validation loss: 9.423e-03 | validation energy RMSE (per atom):   14.5 meV | validation energy MAE (per atom):    4.2 meV | validation forces RMSE:  103.5 meV/A | validation forces MAE:  51.90 meV/A
[2025-10-14 01:40:57][INFO] - Epoch: 1325 | learning rate: 1.563e-06 | training loss: 6.214e-02 | training energy RMSE (per atom):    3.5 meV | training energy MAE (per atom):    2.3 meV | training forces RMSE:   75.0 meV/A | training forces MAE:  46.83 meV/A | validation loss: 9.443e-03 | validation energy RMSE (per atom):   14.5 meV | validation energy MAE (per atom):    2.9 meV | validation forces RMSE:  103.2 meV/A | validation forces MAE:  51.34 meV/A
[2025-10-14 01:41:35][INFO] - Epoch: 1326 | learning rate: 1.563e-06 | training loss: 6.230e-02 | training energy RMSE (per atom):    3.4 meV | training energy MAE (per atom):    2.1 meV | training forces RMSE:   74.9 meV/A | training forces MAE:  46.81 meV/A | validation loss: 9.296e-03 | validation energy RMSE (per atom):   14.3 meV | validation energy MAE (per atom):    3.0 meV | validation forces RMSE:  103.1 meV/A | validation forces MAE:  51.45 meV/A
[2025-10-14 01:42:13][INFO] - Epoch: 1327 | learning rate: 1.563e-06 | training loss: 6.167e-02 | training energy RMSE (per atom):    3.5 meV | training energy MAE (per atom):    2.2 meV | training forces RMSE:   74.9 meV/A | training forces MAE:  46.85 meV/A | validation loss: 9.341e-03 | validation energy RMSE (per atom):   14.4 meV | validation energy MAE (per atom):    2.9 meV | validation forces RMSE:  102.9 meV/A | validation forces MAE:  51.47 meV/A
[2025-10-14 01:42:51][INFO] - Epoch: 1328 | learning rate: 1.563e-06 | training loss: 6.221e-02 | training energy RMSE (per atom):    3.6 meV | training energy MAE (per atom):    2.4 meV | training forces RMSE:   74.8 meV/A | training forces MAE:  46.75 meV/A | validation loss: 9.432e-03 | validation energy RMSE (per atom):   14.5 meV | validation energy MAE (per atom):    2.8 meV | validation forces RMSE:  103.1 meV/A | validation forces MAE:  51.44 meV/A
[2025-10-14 01:43:29][INFO] - Epoch: 1329 | learning rate: 1.563e-06 | training loss: 6.224e-02 | training energy RMSE (per atom):    3.4 meV | training energy MAE (per atom):    2.0 meV | training forces RMSE:   74.9 meV/A | training forces MAE:  46.81 meV/A | validation loss: 9.433e-03 | validation energy RMSE (per atom):   14.6 meV | validation energy MAE (per atom):    2.9 meV | validation forces RMSE:  103.0 meV/A | validation forces MAE:  51.52 meV/A
[2025-10-14 01:44:07][INFO] - Epoch: 1330 | learning rate: 1.563e-06 | training loss: 6.246e-02 | training energy RMSE (per atom):    3.7 meV | training energy MAE (per atom):    2.5 meV | training forces RMSE:   74.8 meV/A | training forces MAE:  46.80 meV/A | validation loss: 9.365e-03 | validation energy RMSE (per atom):   14.4 meV | validation energy MAE (per atom):    2.8 meV | validation forces RMSE:  103.3 meV/A | validation forces MAE:  51.44 meV/A
[2025-10-14 01:44:45][INFO] - Epoch: 1331 | learning rate: 1.563e-06 | training loss: 6.196e-02 | training energy RMSE (per atom):    3.3 meV | training energy MAE (per atom):    2.0 meV | training forces RMSE:   74.9 meV/A | training forces MAE:  46.78 meV/A | validation loss: 9.359e-03 | validation energy RMSE (per atom):   14.5 meV | validation energy MAE (per atom):    2.8 meV | validation forces RMSE:  102.6 meV/A | validation forces MAE:  51.26 meV/A
[2025-10-14 01:45:23][INFO] - Epoch: 1332 | learning rate: 1.563e-06 | training loss: 6.231e-02 | training energy RMSE (per atom):    3.6 meV | training energy MAE (per atom):    2.3 meV | training forces RMSE:   74.9 meV/A | training forces MAE:  46.88 meV/A | validation loss: 9.590e-03 | validation energy RMSE (per atom):   14.8 meV | validation energy MAE (per atom):    3.5 meV | validation forces RMSE:  103.3 meV/A | validation forces MAE:  51.67 meV/A
[2025-10-14 01:46:01][INFO] - Epoch: 1333 | learning rate: 1.563e-06 | training loss: 6.256e-02 | training energy RMSE (per atom):    3.4 meV | training energy MAE (per atom):    2.1 meV | training forces RMSE:   75.1 meV/A | training forces MAE:  46.91 meV/A | validation loss: 9.345e-03 | validation energy RMSE (per atom):   14.4 meV | validation energy MAE (per atom):    2.8 meV | validation forces RMSE:  102.7 meV/A | validation forces MAE:  51.41 meV/A
[2025-10-14 01:46:39][INFO] - Epoch: 1334 | learning rate: 1.563e-06 | training loss: 6.200e-02 | training energy RMSE (per atom):    3.6 meV | training energy MAE (per atom):    2.3 meV | training forces RMSE:   74.9 meV/A | training forces MAE:  46.80 meV/A | validation loss: 9.369e-03 | validation energy RMSE (per atom):   14.5 meV | validation energy MAE (per atom):    3.8 meV | validation forces RMSE:  102.8 meV/A | validation forces MAE:  51.45 meV/A
[2025-10-14 01:47:17][INFO] - Epoch: 1335 | learning rate: 1.563e-06 | training loss: 6.297e-02 | training energy RMSE (per atom):    3.4 meV | training energy MAE (per atom):    2.1 meV | training forces RMSE:   74.9 meV/A | training forces MAE:  46.79 meV/A | validation loss: 9.465e-03 | validation energy RMSE (per atom):   14.6 meV | validation energy MAE (per atom):    2.8 meV | validation forces RMSE:  103.2 meV/A | validation forces MAE:  51.36 meV/A
[2025-10-14 01:47:55][INFO] - Epoch: 1336 | learning rate: 1.563e-06 | training loss: 6.229e-02 | training energy RMSE (per atom):    3.4 meV | training energy MAE (per atom):    2.1 meV | training forces RMSE:   75.1 meV/A | training forces MAE:  46.86 meV/A | validation loss: 9.363e-03 | validation energy RMSE (per atom):   14.4 meV | validation energy MAE (per atom):    2.9 meV | validation forces RMSE:  103.1 meV/A | validation forces MAE:  51.69 meV/A
[2025-10-14 01:48:33][INFO] - Epoch: 1337 | learning rate: 1.563e-06 | training loss: 6.185e-02 | training energy RMSE (per atom):    3.5 meV | training energy MAE (per atom):    2.3 meV | training forces RMSE:   74.8 meV/A | training forces MAE:  46.74 meV/A | validation loss: 9.454e-03 | validation energy RMSE (per atom):   14.6 meV | validation energy MAE (per atom):    2.9 meV | validation forces RMSE:  103.0 meV/A | validation forces MAE:  51.45 meV/A
[2025-10-14 01:49:10][INFO] - Epoch: 1338 | learning rate: 1.563e-06 | training loss: 6.165e-02 | training energy RMSE (per atom):    3.4 meV | training energy MAE (per atom):    2.1 meV | training forces RMSE:   74.9 meV/A | training forces MAE:  46.71 meV/A | validation loss: 9.416e-03 | validation energy RMSE (per atom):   14.5 meV | validation energy MAE (per atom):    2.8 meV | validation forces RMSE:  103.0 meV/A | validation forces MAE:  51.42 meV/A
[2025-10-14 01:49:48][INFO] - Epoch: 1339 | learning rate: 1.563e-06 | training loss: 6.188e-02 | training energy RMSE (per atom):    3.4 meV | training energy MAE (per atom):    2.1 meV | training forces RMSE:   74.9 meV/A | training forces MAE:  46.79 meV/A | validation loss: 9.443e-03 | validation energy RMSE (per atom):   14.6 meV | validation energy MAE (per atom):    2.8 meV | validation forces RMSE:  103.1 meV/A | validation forces MAE:  51.36 meV/A
[2025-10-14 01:50:25][INFO] - Epoch: 1340 | learning rate: 1.563e-06 | training loss: 6.225e-02 | training energy RMSE (per atom):    3.3 meV | training energy MAE (per atom):    2.1 meV | training forces RMSE:   75.0 meV/A | training forces MAE:  46.75 meV/A | validation loss: 9.405e-03 | validation energy RMSE (per atom):   14.5 meV | validation energy MAE (per atom):    2.8 meV | validation forces RMSE:  103.2 meV/A | validation forces MAE:  51.36 meV/A
[2025-10-14 01:51:04][INFO] - Epoch: 1341 | learning rate: 1.563e-06 | training loss: 6.178e-02 | training energy RMSE (per atom):    3.4 meV | training energy MAE (per atom):    2.1 meV | training forces RMSE:   75.0 meV/A | training forces MAE:  46.82 meV/A | validation loss: 9.526e-03 | validation energy RMSE (per atom):   14.6 meV | validation energy MAE (per atom):    3.4 meV | validation forces RMSE:  103.8 meV/A | validation forces MAE:  52.03 meV/A
[2025-10-14 01:51:42][INFO] - Epoch: 1342 | learning rate: 1.563e-06 | training loss: 6.219e-02 | training energy RMSE (per atom):    3.5 meV | training energy MAE (per atom):    2.2 meV | training forces RMSE:   74.9 meV/A | training forces MAE:  46.86 meV/A | validation loss: 9.446e-03 | validation energy RMSE (per atom):   14.6 meV | validation energy MAE (per atom):    3.9 meV | validation forces RMSE:  103.0 meV/A | validation forces MAE:  51.41 meV/A
[2025-10-14 01:52:20][INFO] - Epoch: 1343 | learning rate: 1.563e-06 | training loss: 6.194e-02 | training energy RMSE (per atom):    3.5 meV | training energy MAE (per atom):    2.2 meV | training forces RMSE:   74.9 meV/A | training forces MAE:  46.84 meV/A | validation loss: 9.441e-03 | validation energy RMSE (per atom):   14.5 meV | validation energy MAE (per atom):    2.9 meV | validation forces RMSE:  103.2 meV/A | validation forces MAE:  51.42 meV/A
[2025-10-14 01:52:58][INFO] - Epoch: 1344 | learning rate: 1.563e-06 | training loss: 6.225e-02 | training energy RMSE (per atom):    3.5 meV | training energy MAE (per atom):    2.2 meV | training forces RMSE:   74.8 meV/A | training forces MAE:  46.78 meV/A | validation loss: 9.483e-03 | validation energy RMSE (per atom):   14.6 meV | validation energy MAE (per atom):    4.1 meV | validation forces RMSE:  103.7 meV/A | validation forces MAE:  51.87 meV/A
[2025-10-14 01:53:36][INFO] - Epoch: 1345 | learning rate: 1.563e-06 | training loss: 6.183e-02 | training energy RMSE (per atom):    3.5 meV | training energy MAE (per atom):    2.2 meV | training forces RMSE:   74.7 meV/A | training forces MAE:  46.74 meV/A | validation loss: 9.510e-03 | validation energy RMSE (per atom):   14.6 meV | validation energy MAE (per atom):    2.8 meV | validation forces RMSE:  103.4 meV/A | validation forces MAE:  51.46 meV/A
[2025-10-14 01:54:14][INFO] - Epoch: 1346 | learning rate: 1.563e-06 | training loss: 6.227e-02 | training energy RMSE (per atom):    3.5 meV | training energy MAE (per atom):    2.1 meV | training forces RMSE:   74.9 meV/A | training forces MAE:  46.80 meV/A | validation loss: 9.613e-03 | validation energy RMSE (per atom):   14.7 meV | validation energy MAE (per atom):    3.0 meV | validation forces RMSE:  103.5 meV/A | validation forces MAE:  52.20 meV/A
[2025-10-14 01:54:52][INFO] - Epoch: 1347 | learning rate: 1.563e-06 | training loss: 6.179e-02 | training energy RMSE (per atom):    3.5 meV | training energy MAE (per atom):    2.2 meV | training forces RMSE:   74.9 meV/A | training forces MAE:  46.74 meV/A | validation loss: 9.390e-03 | validation energy RMSE (per atom):   14.5 meV | validation energy MAE (per atom):    3.1 meV | validation forces RMSE:  103.0 meV/A | validation forces MAE:  51.28 meV/A
[2025-10-14 01:55:30][INFO] - Epoch: 1348 | learning rate: 1.563e-06 | training loss: 6.137e-02 | training energy RMSE (per atom):    3.3 meV | training energy MAE (per atom):    2.1 meV | training forces RMSE:   74.8 meV/A | training forces MAE:  46.77 meV/A | validation loss: 9.457e-03 | validation energy RMSE (per atom):   14.5 meV | validation energy MAE (per atom):    3.0 meV | validation forces RMSE:  103.3 meV/A | validation forces MAE:  51.60 meV/A
[2025-10-14 01:56:09][INFO] - Epoch: 1349 | learning rate: 1.563e-06 | training loss: 6.168e-02 | training energy RMSE (per atom):    3.4 meV | training energy MAE (per atom):    2.1 meV | training forces RMSE:   74.8 meV/A | training forces MAE:  46.72 meV/A | validation loss: 9.412e-03 | validation energy RMSE (per atom):   14.5 meV | validation energy MAE (per atom):    2.9 meV | validation forces RMSE:  103.2 meV/A | validation forces MAE:  51.42 meV/A
[2025-10-14 01:56:46][INFO] - Epoch: 1350 | learning rate: 1.563e-06 | training loss: 6.206e-02 | training energy RMSE (per atom):    3.4 meV | training energy MAE (per atom):    2.1 meV | training forces RMSE:   74.9 meV/A | training forces MAE:  46.76 meV/A | validation loss: 9.440e-03 | validation energy RMSE (per atom):   14.5 meV | validation energy MAE (per atom):    3.2 meV | validation forces RMSE:  103.3 meV/A | validation forces MAE:  51.57 meV/A
[2025-10-14 01:57:25][INFO] - Epoch: 1351 | learning rate: 1.563e-06 | training loss: 6.145e-02 | training energy RMSE (per atom):    3.4 meV | training energy MAE (per atom):    2.1 meV | training forces RMSE:   74.8 meV/A | training forces MAE:  46.77 meV/A | validation loss: 9.513e-03 | validation energy RMSE (per atom):   14.6 meV | validation energy MAE (per atom):    3.6 meV | validation forces RMSE:  104.0 meV/A | validation forces MAE:  52.05 meV/A
[2025-10-14 01:58:03][INFO] - Epoch: 1352 | learning rate: 1.563e-06 | training loss: 6.186e-02 | training energy RMSE (per atom):    3.4 meV | training energy MAE (per atom):    2.1 meV | training forces RMSE:   74.9 meV/A | training forces MAE:  46.72 meV/A | validation loss: 9.488e-03 | validation energy RMSE (per atom):   14.7 meV | validation energy MAE (per atom):    3.0 meV | validation forces RMSE:  102.9 meV/A | validation forces MAE:  51.31 meV/A
[2025-10-14 01:58:40][INFO] - Epoch: 1353 | learning rate: 1.563e-06 | training loss: 6.182e-02 | training energy RMSE (per atom):    3.4 meV | training energy MAE (per atom):    2.2 meV | training forces RMSE:   74.9 meV/A | training forces MAE:  46.76 meV/A | validation loss: 9.531e-03 | validation energy RMSE (per atom):   14.6 meV | validation energy MAE (per atom):    2.9 meV | validation forces RMSE:  103.5 meV/A | validation forces MAE:  51.31 meV/A
[2025-10-14 01:59:18][INFO] - Epoch: 1354 | learning rate: 1.563e-06 | training loss: 6.213e-02 | training energy RMSE (per atom):    3.5 meV | training energy MAE (per atom):    2.2 meV | training forces RMSE:   74.9 meV/A | training forces MAE:  46.80 meV/A | validation loss: 9.412e-03 | validation energy RMSE (per atom):   14.5 meV | validation energy MAE (per atom):    3.7 meV | validation forces RMSE:  103.1 meV/A | validation forces MAE:  51.60 meV/A
[2025-10-14 01:59:55][INFO] - Epoch: 1355 | learning rate: 1.563e-06 | training loss: 6.215e-02 | training energy RMSE (per atom):    3.3 meV | training energy MAE (per atom):    2.1 meV | training forces RMSE:   74.7 meV/A | training forces MAE:  46.69 meV/A | validation loss: 9.428e-03 | validation energy RMSE (per atom):   14.5 meV | validation energy MAE (per atom):    2.9 meV | validation forces RMSE:  103.1 meV/A | validation forces MAE:  51.30 meV/A
[2025-10-14 02:00:33][INFO] - Epoch: 1356 | learning rate: 1.563e-06 | training loss: 6.159e-02 | training energy RMSE (per atom):    3.4 meV | training energy MAE (per atom):    2.2 meV | training forces RMSE:   74.6 meV/A | training forces MAE:  46.67 meV/A | validation loss: 9.431e-03 | validation energy RMSE (per atom):   14.6 meV | validation energy MAE (per atom):    4.6 meV | validation forces RMSE:  103.4 meV/A | validation forces MAE:  51.37 meV/A
[2025-10-14 02:01:12][INFO] - Epoch: 1357 | learning rate: 1.563e-06 | training loss: 6.111e-02 | training energy RMSE (per atom):    3.4 meV | training energy MAE (per atom):    2.1 meV | training forces RMSE:   74.8 meV/A | training forces MAE:  46.72 meV/A | validation loss: 9.388e-03 | validation energy RMSE (per atom):   14.4 meV | validation energy MAE (per atom):    2.8 meV | validation forces RMSE:  103.4 meV/A | validation forces MAE:  51.53 meV/A
[2025-10-14 02:01:49][INFO] - Epoch: 1358 | learning rate: 1.563e-06 | training loss: 6.188e-02 | training energy RMSE (per atom):    3.4 meV | training energy MAE (per atom):    2.1 meV | training forces RMSE:   75.0 meV/A | training forces MAE:  46.89 meV/A | validation loss: 9.389e-03 | validation energy RMSE (per atom):   14.5 meV | validation energy MAE (per atom):    2.8 meV | validation forces RMSE:  103.0 meV/A | validation forces MAE:  51.31 meV/A
[2025-10-14 02:02:27][INFO] - Epoch: 1359 | learning rate: 1.563e-06 | training loss: 6.194e-02 | training energy RMSE (per atom):    3.4 meV | training energy MAE (per atom):    2.2 meV | training forces RMSE:   74.8 meV/A | training forces MAE:  46.77 meV/A | validation loss: 9.448e-03 | validation energy RMSE (per atom):   14.6 meV | validation energy MAE (per atom):    3.0 meV | validation forces RMSE:  102.8 meV/A | validation forces MAE:  51.38 meV/A
[2025-10-14 02:03:05][INFO] - Epoch: 1360 | learning rate: 1.563e-06 | training loss: 6.226e-02 | training energy RMSE (per atom):    3.4 meV | training energy MAE (per atom):    2.1 meV | training forces RMSE:   74.8 meV/A | training forces MAE:  46.78 meV/A | validation loss: 9.524e-03 | validation energy RMSE (per atom):   14.7 meV | validation energy MAE (per atom):    3.3 meV | validation forces RMSE:  103.0 meV/A | validation forces MAE:  51.26 meV/A
[2025-10-14 02:03:44][INFO] - Epoch: 1361 | learning rate: 1.563e-06 | training loss: 6.228e-02 | training energy RMSE (per atom):    3.5 meV | training energy MAE (per atom):    2.3 meV | training forces RMSE:   74.7 meV/A | training forces MAE:  46.67 meV/A | validation loss: 9.462e-03 | validation energy RMSE (per atom):   14.5 meV | validation energy MAE (per atom):    3.3 meV | validation forces RMSE:  103.6 meV/A | validation forces MAE:  51.51 meV/A
[2025-10-14 02:04:22][INFO] - Epoch: 1362 | learning rate: 1.563e-06 | training loss: 6.204e-02 | training energy RMSE (per atom):    3.5 meV | training energy MAE (per atom):    2.2 meV | training forces RMSE:   74.8 meV/A | training forces MAE:  46.81 meV/A | validation loss: 9.381e-03 | validation energy RMSE (per atom):   14.5 meV | validation energy MAE (per atom):    2.9 meV | validation forces RMSE:  103.2 meV/A | validation forces MAE:  51.39 meV/A
[2025-10-14 02:05:00][INFO] - Epoch: 1363 | learning rate: 1.563e-06 | training loss: 6.141e-02 | training energy RMSE (per atom):    3.5 meV | training energy MAE (per atom):    2.3 meV | training forces RMSE:   74.8 meV/A | training forces MAE:  46.67 meV/A | validation loss: 9.582e-03 | validation energy RMSE (per atom):   14.9 meV | validation energy MAE (per atom):    4.0 meV | validation forces RMSE:  103.1 meV/A | validation forces MAE:  51.40 meV/A
[2025-10-14 02:05:38][INFO] - Epoch: 1364 | learning rate: 1.563e-06 | training loss: 6.172e-02 | training energy RMSE (per atom):    3.5 meV | training energy MAE (per atom):    2.2 meV | training forces RMSE:   74.7 meV/A | training forces MAE:  46.71 meV/A | validation loss: 9.487e-03 | validation energy RMSE (per atom):   14.6 meV | validation energy MAE (per atom):    3.3 meV | validation forces RMSE:  103.2 meV/A | validation forces MAE:  51.18 meV/A
[2025-10-14 02:06:15][INFO] - Epoch: 1365 | learning rate: 1.563e-06 | training loss: 6.253e-02 | training energy RMSE (per atom):    3.5 meV | training energy MAE (per atom):    2.2 meV | training forces RMSE:   74.7 meV/A | training forces MAE:  46.68 meV/A | validation loss: 9.398e-03 | validation energy RMSE (per atom):   14.4 meV | validation energy MAE (per atom):    3.1 meV | validation forces RMSE:  103.1 meV/A | validation forces MAE:  51.63 meV/A
[2025-10-14 02:06:54][INFO] - Epoch: 1366 | learning rate: 1.563e-06 | training loss: 6.161e-02 | training energy RMSE (per atom):    3.4 meV | training energy MAE (per atom):    2.1 meV | training forces RMSE:   74.8 meV/A | training forces MAE:  46.73 meV/A | validation loss: 9.367e-03 | validation energy RMSE (per atom):   14.5 meV | validation energy MAE (per atom):    3.4 meV | validation forces RMSE:  102.9 meV/A | validation forces MAE:  51.23 meV/A
[2025-10-14 02:07:32][INFO] - Epoch: 1367 | learning rate: 1.563e-06 | training loss: 6.219e-02 | training energy RMSE (per atom):    3.5 meV | training energy MAE (per atom):    2.2 meV | training forces RMSE:   74.7 meV/A | training forces MAE:  46.62 meV/A | validation loss: 9.379e-03 | validation energy RMSE (per atom):   14.5 meV | validation energy MAE (per atom):    3.0 meV | validation forces RMSE:  102.9 meV/A | validation forces MAE:  51.38 meV/A
[2025-10-14 02:08:09][INFO] - Epoch: 1368 | learning rate: 1.563e-06 | training loss: 6.214e-02 | training energy RMSE (per atom):    3.3 meV | training energy MAE (per atom):    2.0 meV | training forces RMSE:   74.7 meV/A | training forces MAE:  46.78 meV/A | validation loss: 9.404e-03 | validation energy RMSE (per atom):   14.5 meV | validation energy MAE (per atom):    2.8 meV | validation forces RMSE:  103.2 meV/A | validation forces MAE:  51.69 meV/A
[2025-10-14 02:08:47][INFO] - Epoch: 1369 | learning rate: 1.563e-06 | training loss: 6.227e-02 | training energy RMSE (per atom):    3.6 meV | training energy MAE (per atom):    2.3 meV | training forces RMSE:   74.8 meV/A | training forces MAE:  46.78 meV/A | validation loss: 9.377e-03 | validation energy RMSE (per atom):   14.6 meV | validation energy MAE (per atom):    4.0 meV | validation forces RMSE:  102.7 meV/A | validation forces MAE:  51.32 meV/A
[2025-10-14 02:09:25][INFO] - Epoch: 1370 | learning rate: 1.563e-06 | training loss: 6.124e-02 | training energy RMSE (per atom):    3.5 meV | training energy MAE (per atom):    2.2 meV | training forces RMSE:   74.7 meV/A | training forces MAE:  46.69 meV/A | validation loss: 9.465e-03 | validation energy RMSE (per atom):   14.6 meV | validation energy MAE (per atom):    2.9 meV | validation forces RMSE:  103.1 meV/A | validation forces MAE:  51.36 meV/A
[2025-10-14 02:10:03][INFO] - Epoch: 1371 | learning rate: 1.563e-06 | training loss: 6.213e-02 | training energy RMSE (per atom):    3.5 meV | training energy MAE (per atom):    2.3 meV | training forces RMSE:   74.7 meV/A | training forces MAE:  46.76 meV/A | validation loss: 9.320e-03 | validation energy RMSE (per atom):   14.4 meV | validation energy MAE (per atom):    3.1 meV | validation forces RMSE:  102.8 meV/A | validation forces MAE:  51.33 meV/A
[2025-10-14 02:10:41][INFO] - Epoch: 1372 | learning rate: 1.563e-06 | training loss: 6.176e-02 | training energy RMSE (per atom):    3.4 meV | training energy MAE (per atom):    2.1 meV | training forces RMSE:   74.8 meV/A | training forces MAE:  46.71 meV/A | validation loss: 9.460e-03 | validation energy RMSE (per atom):   14.6 meV | validation energy MAE (per atom):    3.6 meV | validation forces RMSE:  103.3 meV/A | validation forces MAE:  51.54 meV/A
[2025-10-14 02:11:19][INFO] - Epoch: 1373 | learning rate: 1.563e-06 | training loss: 6.156e-02 | training energy RMSE (per atom):    3.4 meV | training energy MAE (per atom):    2.1 meV | training forces RMSE:   74.6 meV/A | training forces MAE:  46.62 meV/A | validation loss: 9.417e-03 | validation energy RMSE (per atom):   14.5 meV | validation energy MAE (per atom):    3.5 meV | validation forces RMSE:  102.9 meV/A | validation forces MAE:  51.41 meV/A
[2025-10-14 02:11:57][INFO] - Epoch: 1374 | learning rate: 1.563e-06 | training loss: 6.122e-02 | training energy RMSE (per atom):    3.5 meV | training energy MAE (per atom):    2.3 meV | training forces RMSE:   74.7 meV/A | training forces MAE:  46.74 meV/A | validation loss: 9.425e-03 | validation energy RMSE (per atom):   14.6 meV | validation energy MAE (per atom):    3.1 meV | validation forces RMSE:  102.9 meV/A | validation forces MAE:  51.19 meV/A
[2025-10-14 02:12:34][INFO] - Epoch: 1375 | learning rate: 1.563e-06 | training loss: 6.160e-02 | training energy RMSE (per atom):    3.3 meV | training energy MAE (per atom):    2.0 meV | training forces RMSE:   74.6 meV/A | training forces MAE:  46.68 meV/A | validation loss: 9.357e-03 | validation energy RMSE (per atom):   14.4 meV | validation energy MAE (per atom):    3.0 meV | validation forces RMSE:  103.3 meV/A | validation forces MAE:  51.55 meV/A
[2025-10-14 02:13:12][INFO] - Epoch: 1376 | learning rate: 1.563e-06 | training loss: 6.181e-02 | training energy RMSE (per atom):    3.5 meV | training energy MAE (per atom):    2.2 meV | training forces RMSE:   74.7 meV/A | training forces MAE:  46.75 meV/A | validation loss: 9.392e-03 | validation energy RMSE (per atom):   14.5 meV | validation energy MAE (per atom):    3.0 meV | validation forces RMSE:  103.0 meV/A | validation forces MAE:  51.23 meV/A
[2025-10-14 02:13:50][INFO] - Epoch: 1377 | learning rate: 1.563e-06 | training loss: 6.143e-02 | training energy RMSE (per atom):    3.3 meV | training energy MAE (per atom):    2.1 meV | training forces RMSE:   74.6 meV/A | training forces MAE:  46.62 meV/A | validation loss: 9.407e-03 | validation energy RMSE (per atom):   14.5 meV | validation energy MAE (per atom):    2.8 meV | validation forces RMSE:  103.2 meV/A | validation forces MAE:  51.29 meV/A
[2025-10-14 02:14:28][INFO] - Epoch: 1378 | learning rate: 1.563e-06 | training loss: 6.152e-02 | training energy RMSE (per atom):    3.4 meV | training energy MAE (per atom):    2.1 meV | training forces RMSE:   74.6 meV/A | training forces MAE:  46.62 meV/A | validation loss: 9.474e-03 | validation energy RMSE (per atom):   14.7 meV | validation energy MAE (per atom):    3.1 meV | validation forces RMSE:  103.0 meV/A | validation forces MAE:  51.37 meV/A
[2025-10-14 02:15:06][INFO] - Epoch: 1379 | learning rate: 1.563e-06 | training loss: 6.192e-02 | training energy RMSE (per atom):    3.4 meV | training energy MAE (per atom):    2.2 meV | training forces RMSE:   74.6 meV/A | training forces MAE:  46.63 meV/A | validation loss: 9.425e-03 | validation energy RMSE (per atom):   14.6 meV | validation energy MAE (per atom):    3.5 meV | validation forces RMSE:  102.9 meV/A | validation forces MAE:  51.21 meV/A
[2025-10-14 02:15:44][INFO] - Epoch: 1380 | learning rate: 1.563e-06 | training loss: 6.076e-02 | training energy RMSE (per atom):    3.4 meV | training energy MAE (per atom):    2.1 meV | training forces RMSE:   74.6 meV/A | training forces MAE:  46.65 meV/A | validation loss: 9.358e-03 | validation energy RMSE (per atom):   14.5 meV | validation energy MAE (per atom):    2.8 meV | validation forces RMSE:  102.6 meV/A | validation forces MAE:  51.14 meV/A
[2025-10-14 02:16:22][INFO] - Epoch: 1381 | learning rate: 1.563e-06 | training loss: 6.140e-02 | training energy RMSE (per atom):    3.3 meV | training energy MAE (per atom):    2.0 meV | training forces RMSE:   74.6 meV/A | training forces MAE:  46.72 meV/A | validation loss: 9.261e-03 | validation energy RMSE (per atom):   14.4 meV | validation energy MAE (per atom):    4.8 meV | validation forces RMSE:  102.9 meV/A | validation forces MAE:  51.44 meV/A
[2025-10-14 02:16:59][INFO] - Epoch: 1382 | learning rate: 1.563e-06 | training loss: 6.282e-02 | training energy RMSE (per atom):    3.7 meV | training energy MAE (per atom):    2.5 meV | training forces RMSE:   74.6 meV/A | training forces MAE:  46.67 meV/A | validation loss: 9.404e-03 | validation energy RMSE (per atom):   14.5 meV | validation energy MAE (per atom):    2.9 meV | validation forces RMSE:  102.9 meV/A | validation forces MAE:  51.73 meV/A
[2025-10-14 02:17:37][INFO] - Epoch: 1383 | learning rate: 1.563e-06 | training loss: 6.160e-02 | training energy RMSE (per atom):    3.4 meV | training energy MAE (per atom):    2.1 meV | training forces RMSE:   74.6 meV/A | training forces MAE:  46.71 meV/A | validation loss: 9.358e-03 | validation energy RMSE (per atom):   14.5 meV | validation energy MAE (per atom):    3.5 meV | validation forces RMSE:  102.7 meV/A | validation forces MAE:  51.44 meV/A
[2025-10-14 02:18:15][INFO] - Epoch: 1384 | learning rate: 1.563e-06 | training loss: 6.138e-02 | training energy RMSE (per atom):    3.4 meV | training energy MAE (per atom):    2.0 meV | training forces RMSE:   74.7 meV/A | training forces MAE:  46.73 meV/A | validation loss: 9.367e-03 | validation energy RMSE (per atom):   14.5 meV | validation energy MAE (per atom):    3.6 meV | validation forces RMSE:  103.0 meV/A | validation forces MAE:  51.11 meV/A
[2025-10-14 02:18:53][INFO] - Epoch: 1385 | learning rate: 1.563e-06 | training loss: 6.112e-02 | training energy RMSE (per atom):    3.4 meV | training energy MAE (per atom):    2.1 meV | training forces RMSE:   74.5 meV/A | training forces MAE:  46.59 meV/A | validation loss: 9.423e-03 | validation energy RMSE (per atom):   14.5 meV | validation energy MAE (per atom):    3.1 meV | validation forces RMSE:  103.3 meV/A | validation forces MAE:  51.43 meV/A
[2025-10-14 02:19:31][INFO] - Epoch: 1386 | learning rate: 1.563e-06 | training loss: 6.147e-02 | training energy RMSE (per atom):    3.3 meV | training energy MAE (per atom):    2.1 meV | training forces RMSE:   74.6 meV/A | training forces MAE:  46.66 meV/A | validation loss: 9.391e-03 | validation energy RMSE (per atom):   14.5 meV | validation energy MAE (per atom):    3.9 meV | validation forces RMSE:  103.0 meV/A | validation forces MAE:  51.31 meV/A
[2025-10-14 02:20:09][INFO] - Epoch: 1387 | learning rate: 1.563e-06 | training loss: 6.160e-02 | training energy RMSE (per atom):    3.5 meV | training energy MAE (per atom):    2.3 meV | training forces RMSE:   74.7 meV/A | training forces MAE:  46.64 meV/A | validation loss: 9.363e-03 | validation energy RMSE (per atom):   14.4 meV | validation energy MAE (per atom):    2.8 meV | validation forces RMSE:  103.1 meV/A | validation forces MAE:  51.31 meV/A
[2025-10-14 02:20:47][INFO] - Epoch: 1388 | learning rate: 1.563e-06 | training loss: 6.199e-02 | training energy RMSE (per atom):    3.5 meV | training energy MAE (per atom):    2.2 meV | training forces RMSE:   74.6 meV/A | training forces MAE:  46.69 meV/A | validation loss: 9.506e-03 | validation energy RMSE (per atom):   14.6 meV | validation energy MAE (per atom):    3.2 meV | validation forces RMSE:  103.2 meV/A | validation forces MAE:  51.35 meV/A
[2025-10-14 02:21:25][INFO] - Epoch: 1389 | learning rate: 1.563e-06 | training loss: 6.182e-02 | training energy RMSE (per atom):    3.4 meV | training energy MAE (per atom):    2.2 meV | training forces RMSE:   74.6 meV/A | training forces MAE:  46.67 meV/A | validation loss: 9.239e-03 | validation energy RMSE (per atom):   14.3 meV | validation energy MAE (per atom):    3.2 meV | validation forces RMSE:  102.7 meV/A | validation forces MAE:  51.17 meV/A
[2025-10-14 02:22:03][INFO] - Epoch: 1390 | learning rate: 1.563e-06 | training loss: 6.112e-02 | training energy RMSE (per atom):    3.4 meV | training energy MAE (per atom):    2.1 meV | training forces RMSE:   74.6 meV/A | training forces MAE:  46.62 meV/A | validation loss: 9.368e-03 | validation energy RMSE (per atom):   14.5 meV | validation energy MAE (per atom):    3.2 meV | validation forces RMSE:  102.7 meV/A | validation forces MAE:  51.15 meV/A
[2025-10-14 02:22:41][INFO] - Epoch: 1391 | learning rate: 1.563e-06 | training loss: 6.156e-02 | training energy RMSE (per atom):    3.6 meV | training energy MAE (per atom):    2.3 meV | training forces RMSE:   74.6 meV/A | training forces MAE:  46.65 meV/A | validation loss: 9.486e-03 | validation energy RMSE (per atom):   14.7 meV | validation energy MAE (per atom):    3.0 meV | validation forces RMSE:  103.0 meV/A | validation forces MAE:  51.14 meV/A
[2025-10-14 02:23:20][INFO] - Epoch: 1392 | learning rate: 1.563e-06 | training loss: 6.140e-02 | training energy RMSE (per atom):    3.3 meV | training energy MAE (per atom):    2.1 meV | training forces RMSE:   74.6 meV/A | training forces MAE:  46.66 meV/A | validation loss: 9.505e-03 | validation energy RMSE (per atom):   14.7 meV | validation energy MAE (per atom):    3.8 meV | validation forces RMSE:  103.2 meV/A | validation forces MAE:  51.36 meV/A
[2025-10-14 02:23:57][INFO] - Epoch: 1393 | learning rate: 1.563e-06 | training loss: 6.216e-02 | training energy RMSE (per atom):    3.4 meV | training energy MAE (per atom):    2.1 meV | training forces RMSE:   74.5 meV/A | training forces MAE:  46.65 meV/A | validation loss: 9.514e-03 | validation energy RMSE (per atom):   14.7 meV | validation energy MAE (per atom):    2.9 meV | validation forces RMSE:  103.1 meV/A | validation forces MAE:  51.15 meV/A
[2025-10-14 02:24:35][INFO] - Epoch: 1394 | learning rate: 1.563e-06 | training loss: 6.181e-02 | training energy RMSE (per atom):    3.4 meV | training energy MAE (per atom):    2.2 meV | training forces RMSE:   74.7 meV/A | training forces MAE:  46.63 meV/A | validation loss: 9.358e-03 | validation energy RMSE (per atom):   14.5 meV | validation energy MAE (per atom):    2.9 meV | validation forces RMSE:  102.6 meV/A | validation forces MAE:  51.33 meV/A
[2025-10-14 02:25:13][INFO] - Epoch: 1395 | learning rate: 1.563e-06 | training loss: 6.119e-02 | training energy RMSE (per atom):    3.4 meV | training energy MAE (per atom):    2.2 meV | training forces RMSE:   74.6 meV/A | training forces MAE:  46.68 meV/A | validation loss: 9.385e-03 | validation energy RMSE (per atom):   14.5 meV | validation energy MAE (per atom):    3.4 meV | validation forces RMSE:  102.8 meV/A | validation forces MAE:  51.32 meV/A
[2025-10-14 02:25:52][INFO] - Epoch: 1396 | learning rate: 1.563e-06 | training loss: 6.126e-02 | training energy RMSE (per atom):    3.4 meV | training energy MAE (per atom):    2.2 meV | training forces RMSE:   74.6 meV/A | training forces MAE:  46.63 meV/A | validation loss: 9.318e-03 | validation energy RMSE (per atom):   14.4 meV | validation energy MAE (per atom):    2.9 meV | validation forces RMSE:  102.7 meV/A | validation forces MAE:  51.16 meV/A
[2025-10-14 02:26:30][INFO] - Epoch: 1397 | learning rate: 1.563e-06 | training loss: 6.119e-02 | training energy RMSE (per atom):    3.4 meV | training energy MAE (per atom):    2.1 meV | training forces RMSE:   74.5 meV/A | training forces MAE:  46.64 meV/A | validation loss: 9.399e-03 | validation energy RMSE (per atom):   14.6 meV | validation energy MAE (per atom):    2.8 meV | validation forces RMSE:  102.7 meV/A | validation forces MAE:  51.11 meV/A
[2025-10-14 02:27:08][INFO] - Epoch: 1398 | learning rate: 1.563e-06 | training loss: 6.116e-02 | training energy RMSE (per atom):    3.4 meV | training energy MAE (per atom):    2.2 meV | training forces RMSE:   74.6 meV/A | training forces MAE:  46.64 meV/A | validation loss: 9.405e-03 | validation energy RMSE (per atom):   14.5 meV | validation energy MAE (per atom):    3.0 meV | validation forces RMSE:  103.0 meV/A | validation forces MAE:  51.36 meV/A
[2025-10-14 02:27:46][INFO] - Epoch: 1399 | learning rate: 1.563e-06 | training loss: 6.085e-02 | training energy RMSE (per atom):    3.3 meV | training energy MAE (per atom):    2.1 meV | training forces RMSE:   74.4 meV/A | training forces MAE:  46.53 meV/A | validation loss: 9.472e-03 | validation energy RMSE (per atom):   14.6 meV | validation energy MAE (per atom):    3.3 meV | validation forces RMSE:  103.1 meV/A | validation forces MAE:  51.83 meV/A
[2025-10-14 02:28:24][INFO] - Epoch: 1400 | learning rate: 1.563e-06 | training loss: 6.133e-02 | training energy RMSE (per atom):    3.4 meV | training energy MAE (per atom):    2.1 meV | training forces RMSE:   74.6 meV/A | training forces MAE:  46.66 meV/A | validation loss: 9.382e-03 | validation energy RMSE (per atom):   14.5 meV | validation energy MAE (per atom):    2.9 meV | validation forces RMSE:  102.7 meV/A | validation forces MAE:  51.36 meV/A
[2025-10-14 02:29:01][INFO] - Epoch: 1401 | learning rate: 1.563e-06 | training loss: 6.145e-02 | training energy RMSE (per atom):    3.4 meV | training energy MAE (per atom):    2.1 meV | training forces RMSE:   74.6 meV/A | training forces MAE:  46.64 meV/A | validation loss: 9.394e-03 | validation energy RMSE (per atom):   14.5 meV | validation energy MAE (per atom):    3.7 meV | validation forces RMSE:  103.1 meV/A | validation forces MAE:  51.40 meV/A
[2025-10-14 02:29:39][INFO] - Epoch: 1402 | learning rate: 1.563e-06 | training loss: 6.164e-02 | training energy RMSE (per atom):    3.4 meV | training energy MAE (per atom):    2.1 meV | training forces RMSE:   74.5 meV/A | training forces MAE:  46.60 meV/A | validation loss: 9.421e-03 | validation energy RMSE (per atom):   14.5 meV | validation energy MAE (per atom):    2.8 meV | validation forces RMSE:  103.0 meV/A | validation forces MAE:  51.34 meV/A
[2025-10-14 02:30:17][INFO] - Epoch: 1403 | learning rate: 1.563e-06 | training loss: 6.125e-02 | training energy RMSE (per atom):    3.4 meV | training energy MAE (per atom):    2.2 meV | training forces RMSE:   74.5 meV/A | training forces MAE:  46.58 meV/A | validation loss: 9.444e-03 | validation energy RMSE (per atom):   14.6 meV | validation energy MAE (per atom):    3.0 meV | validation forces RMSE:  102.9 meV/A | validation forces MAE:  51.18 meV/A
[2025-10-14 02:30:56][INFO] - Epoch: 1404 | learning rate: 1.563e-06 | training loss: 6.090e-02 | training energy RMSE (per atom):    3.3 meV | training energy MAE (per atom):    2.1 meV | training forces RMSE:   74.4 meV/A | training forces MAE:  46.60 meV/A | validation loss: 9.399e-03 | validation energy RMSE (per atom):   14.5 meV | validation energy MAE (per atom):    3.0 meV | validation forces RMSE:  103.2 meV/A | validation forces MAE:  51.54 meV/A
[2025-10-14 02:31:34][INFO] - Epoch: 1405 | learning rate: 1.563e-06 | training loss: 6.078e-02 | training energy RMSE (per atom):    3.3 meV | training energy MAE (per atom):    2.1 meV | training forces RMSE:   74.5 meV/A | training forces MAE:  46.67 meV/A | validation loss: 9.429e-03 | validation energy RMSE (per atom):   14.5 meV | validation energy MAE (per atom):    2.8 meV | validation forces RMSE:  103.2 meV/A | validation forces MAE:  51.52 meV/A
[2025-10-14 02:32:12][INFO] - Epoch: 1406 | learning rate: 1.563e-06 | training loss: 6.183e-02 | training energy RMSE (per atom):    3.5 meV | training energy MAE (per atom):    2.3 meV | training forces RMSE:   74.6 meV/A | training forces MAE:  46.62 meV/A | validation loss: 9.385e-03 | validation energy RMSE (per atom):   14.6 meV | validation energy MAE (per atom):    4.9 meV | validation forces RMSE:  102.8 meV/A | validation forces MAE:  51.25 meV/A
[2025-10-14 02:32:50][INFO] - Epoch: 1407 | learning rate: 1.563e-06 | training loss: 6.141e-02 | training energy RMSE (per atom):    3.5 meV | training energy MAE (per atom):    2.3 meV | training forces RMSE:   74.7 meV/A | training forces MAE:  46.63 meV/A | validation loss: 9.405e-03 | validation energy RMSE (per atom):   14.5 meV | validation energy MAE (per atom):    2.8 meV | validation forces RMSE:  103.2 meV/A | validation forces MAE:  51.21 meV/A
[2025-10-14 02:33:28][INFO] - Epoch: 1408 | learning rate: 1.563e-06 | training loss: 6.198e-02 | training energy RMSE (per atom):    3.5 meV | training energy MAE (per atom):    2.2 meV | training forces RMSE:   74.6 meV/A | training forces MAE:  46.57 meV/A | validation loss: 9.396e-03 | validation energy RMSE (per atom):   14.5 meV | validation energy MAE (per atom):    3.4 meV | validation forces RMSE:  103.0 meV/A | validation forces MAE:  51.45 meV/A
[2025-10-14 02:34:06][INFO] - Epoch: 1409 | learning rate: 1.563e-06 | training loss: 6.116e-02 | training energy RMSE (per atom):    3.4 meV | training energy MAE (per atom):    2.2 meV | training forces RMSE:   74.3 meV/A | training forces MAE:  46.57 meV/A | validation loss: 9.425e-03 | validation energy RMSE (per atom):   14.6 meV | validation energy MAE (per atom):    3.2 meV | validation forces RMSE:  102.7 meV/A | validation forces MAE:  51.08 meV/A
[2025-10-14 02:34:44][INFO] - Epoch: 1410 | learning rate: 1.563e-06 | training loss: 6.102e-02 | training energy RMSE (per atom):    3.4 meV | training energy MAE (per atom):    2.1 meV | training forces RMSE:   74.4 meV/A | training forces MAE:  46.54 meV/A | validation loss: 9.399e-03 | validation energy RMSE (per atom):   14.6 meV | validation energy MAE (per atom):    3.0 meV | validation forces RMSE:  102.7 meV/A | validation forces MAE:  51.06 meV/A
[2025-10-14 02:35:22][INFO] - Epoch: 1411 | learning rate: 1.563e-06 | training loss: 6.145e-02 | training energy RMSE (per atom):    3.4 meV | training energy MAE (per atom):    2.1 meV | training forces RMSE:   74.4 meV/A | training forces MAE:  46.54 meV/A | validation loss: 9.337e-03 | validation energy RMSE (per atom):   14.4 meV | validation energy MAE (per atom):    3.0 meV | validation forces RMSE:  102.8 meV/A | validation forces MAE:  51.13 meV/A
[2025-10-14 02:36:00][INFO] - Epoch: 1412 | learning rate: 1.563e-06 | training loss: 6.169e-02 | training energy RMSE (per atom):    3.4 meV | training energy MAE (per atom):    2.2 meV | training forces RMSE:   74.5 meV/A | training forces MAE:  46.61 meV/A | validation loss: 9.389e-03 | validation energy RMSE (per atom):   14.6 meV | validation energy MAE (per atom):    3.7 meV | validation forces RMSE:  102.6 meV/A | validation forces MAE:  51.13 meV/A
[2025-10-14 02:36:37][INFO] - Epoch: 1413 | learning rate: 1.563e-06 | training loss: 6.117e-02 | training energy RMSE (per atom):    3.6 meV | training energy MAE (per atom):    2.4 meV | training forces RMSE:   74.5 meV/A | training forces MAE:  46.58 meV/A | validation loss: 9.399e-03 | validation energy RMSE (per atom):   14.6 meV | validation energy MAE (per atom):    2.9 meV | validation forces RMSE:  102.7 meV/A | validation forces MAE:  51.05 meV/A
[2025-10-14 02:37:15][INFO] - Epoch: 1414 | learning rate: 1.563e-06 | training loss: 6.132e-02 | training energy RMSE (per atom):    3.4 meV | training energy MAE (per atom):    2.1 meV | training forces RMSE:   74.4 meV/A | training forces MAE:  46.50 meV/A | validation loss: 9.339e-03 | validation energy RMSE (per atom):   14.5 meV | validation energy MAE (per atom):    4.1 meV | validation forces RMSE:  102.8 meV/A | validation forces MAE:  51.17 meV/A
[2025-10-14 02:37:53][INFO] - Epoch: 1415 | learning rate: 1.563e-06 | training loss: 6.092e-02 | training energy RMSE (per atom):    3.3 meV | training energy MAE (per atom):    2.1 meV | training forces RMSE:   74.4 meV/A | training forces MAE:  46.56 meV/A | validation loss: 9.392e-03 | validation energy RMSE (per atom):   14.5 meV | validation energy MAE (per atom):    3.6 meV | validation forces RMSE:  103.1 meV/A | validation forces MAE:  51.90 meV/A
[2025-10-14 02:38:31][INFO] - Epoch: 1416 | learning rate: 1.563e-06 | training loss: 6.168e-02 | training energy RMSE (per atom):    3.5 meV | training energy MAE (per atom):    2.3 meV | training forces RMSE:   74.6 meV/A | training forces MAE:  46.65 meV/A | validation loss: 9.378e-03 | validation energy RMSE (per atom):   14.6 meV | validation energy MAE (per atom):    4.0 meV | validation forces RMSE:  102.5 meV/A | validation forces MAE:  51.14 meV/A
[2025-10-14 02:39:09][INFO] - Epoch: 1417 | learning rate: 1.563e-06 | training loss: 6.185e-02 | training energy RMSE (per atom):    3.4 meV | training energy MAE (per atom):    2.1 meV | training forces RMSE:   74.4 meV/A | training forces MAE:  46.59 meV/A | validation loss: 9.421e-03 | validation energy RMSE (per atom):   14.6 meV | validation energy MAE (per atom):    3.0 meV | validation forces RMSE:  102.5 meV/A | validation forces MAE:  51.22 meV/A
[2025-10-14 02:39:47][INFO] - Epoch: 1418 | learning rate: 1.563e-06 | training loss: 6.171e-02 | training energy RMSE (per atom):    3.4 meV | training energy MAE (per atom):    2.2 meV | training forces RMSE:   74.5 meV/A | training forces MAE:  46.59 meV/A | validation loss: 9.359e-03 | validation energy RMSE (per atom):   14.5 meV | validation energy MAE (per atom):    3.1 meV | validation forces RMSE:  102.7 meV/A | validation forces MAE:  51.46 meV/A
[2025-10-14 02:40:25][INFO] - Epoch: 1419 | learning rate: 1.563e-06 | training loss: 6.110e-02 | training energy RMSE (per atom):    3.4 meV | training energy MAE (per atom):    2.1 meV | training forces RMSE:   74.6 meV/A | training forces MAE:  46.59 meV/A | validation loss: 9.380e-03 | validation energy RMSE (per atom):   14.5 meV | validation energy MAE (per atom):    3.4 meV | validation forces RMSE:  103.0 meV/A | validation forces MAE:  51.44 meV/A
[2025-10-14 02:41:03][INFO] - Epoch: 1420 | learning rate: 1.563e-06 | training loss: 6.093e-02 | training energy RMSE (per atom):    3.3 meV | training energy MAE (per atom):    2.1 meV | training forces RMSE:   74.3 meV/A | training forces MAE:  46.55 meV/A | validation loss: 9.411e-03 | validation energy RMSE (per atom):   14.5 meV | validation energy MAE (per atom):    2.8 meV | validation forces RMSE:  103.1 meV/A | validation forces MAE:  51.27 meV/A
[2025-10-14 02:41:41][INFO] - Epoch: 1421 | learning rate: 1.563e-06 | training loss: 6.148e-02 | training energy RMSE (per atom):    3.3 meV | training energy MAE (per atom):    2.1 meV | training forces RMSE:   74.4 meV/A | training forces MAE:  46.62 meV/A | validation loss: 9.636e-03 | validation energy RMSE (per atom):   14.9 meV | validation energy MAE (per atom):    3.4 meV | validation forces RMSE:  103.2 meV/A | validation forces MAE:  51.25 meV/A
[2025-10-14 02:42:19][INFO] - Epoch: 1422 | learning rate: 1.563e-06 | training loss: 6.135e-02 | training energy RMSE (per atom):    3.4 meV | training energy MAE (per atom):    2.1 meV | training forces RMSE:   74.4 meV/A | training forces MAE:  46.59 meV/A | validation loss: 9.371e-03 | validation energy RMSE (per atom):   14.4 meV | validation energy MAE (per atom):    3.2 meV | validation forces RMSE:  103.3 meV/A | validation forces MAE:  51.35 meV/A
[2025-10-14 02:42:57][INFO] - Epoch: 1423 | learning rate: 1.563e-06 | training loss: 6.051e-02 | training energy RMSE (per atom):    3.4 meV | training energy MAE (per atom):    2.1 meV | training forces RMSE:   74.4 meV/A | training forces MAE:  46.49 meV/A | validation loss: 9.458e-03 | validation energy RMSE (per atom):   14.7 meV | validation energy MAE (per atom):    3.5 meV | validation forces RMSE:  103.0 meV/A | validation forces MAE:  51.30 meV/A
[2025-10-14 02:43:35][INFO] - Epoch: 1424 | learning rate: 1.563e-06 | training loss: 6.146e-02 | training energy RMSE (per atom):    3.4 meV | training energy MAE (per atom):    2.2 meV | training forces RMSE:   74.6 meV/A | training forces MAE:  46.63 meV/A | validation loss: 9.410e-03 | validation energy RMSE (per atom):   14.5 meV | validation energy MAE (per atom):    2.8 meV | validation forces RMSE:  102.7 meV/A | validation forces MAE:  51.31 meV/A
[2025-10-14 02:44:13][INFO] - Epoch: 1425 | learning rate: 1.563e-06 | training loss: 6.058e-02 | training energy RMSE (per atom):    3.5 meV | training energy MAE (per atom):    2.3 meV | training forces RMSE:   74.3 meV/A | training forces MAE:  46.53 meV/A | validation loss: 9.347e-03 | validation energy RMSE (per atom):   14.5 meV | validation energy MAE (per atom):    2.8 meV | validation forces RMSE:  102.8 meV/A | validation forces MAE:  51.02 meV/A
[2025-10-14 02:44:51][INFO] - Epoch: 1426 | learning rate: 1.563e-06 | training loss: 6.066e-02 | training energy RMSE (per atom):    3.4 meV | training energy MAE (per atom):    2.1 meV | training forces RMSE:   74.3 meV/A | training forces MAE:  46.50 meV/A | validation loss: 9.374e-03 | validation energy RMSE (per atom):   14.5 meV | validation energy MAE (per atom):    3.2 meV | validation forces RMSE:  103.0 meV/A | validation forces MAE:  51.29 meV/A
[2025-10-14 02:45:29][INFO] - Epoch: 1427 | learning rate: 1.563e-06 | training loss: 6.137e-02 | training energy RMSE (per atom):    3.5 meV | training energy MAE (per atom):    2.2 meV | training forces RMSE:   74.4 meV/A | training forces MAE:  46.62 meV/A | validation loss: 9.389e-03 | validation energy RMSE (per atom):   14.5 meV | validation energy MAE (per atom):    3.0 meV | validation forces RMSE:  102.8 meV/A | validation forces MAE:  51.02 meV/A
[2025-10-14 02:46:07][INFO] - Epoch: 1428 | learning rate: 1.563e-06 | training loss: 6.090e-02 | training energy RMSE (per atom):    3.5 meV | training energy MAE (per atom):    2.3 meV | training forces RMSE:   74.3 meV/A | training forces MAE:  46.52 meV/A | validation loss: 9.338e-03 | validation energy RMSE (per atom):   14.5 meV | validation energy MAE (per atom):    2.9 meV | validation forces RMSE:  102.7 meV/A | validation forces MAE:  51.12 meV/A
[2025-10-14 02:46:45][INFO] - Epoch: 1429 | learning rate: 1.563e-06 | training loss: 6.104e-02 | training energy RMSE (per atom):    3.4 meV | training energy MAE (per atom):    2.1 meV | training forces RMSE:   74.4 meV/A | training forces MAE:  46.50 meV/A | validation loss: 9.339e-03 | validation energy RMSE (per atom):   14.4 meV | validation energy MAE (per atom):    2.8 meV | validation forces RMSE:  102.7 meV/A | validation forces MAE:  51.20 meV/A
[2025-10-14 02:47:23][INFO] - Epoch: 1430 | learning rate: 1.563e-06 | training loss: 6.142e-02 | training energy RMSE (per atom):    3.5 meV | training energy MAE (per atom):    2.3 meV | training forces RMSE:   74.4 meV/A | training forces MAE:  46.61 meV/A | validation loss: 9.359e-03 | validation energy RMSE (per atom):   14.4 meV | validation energy MAE (per atom):    2.9 meV | validation forces RMSE:  103.2 meV/A | validation forces MAE:  51.42 meV/A
[2025-10-14 02:48:01][INFO] - Epoch: 1431 | learning rate: 1.563e-06 | training loss: 6.063e-02 | training energy RMSE (per atom):    3.4 meV | training energy MAE (per atom):    2.1 meV | training forces RMSE:   74.3 meV/A | training forces MAE:  46.50 meV/A | validation loss: 9.372e-03 | validation energy RMSE (per atom):   14.6 meV | validation energy MAE (per atom):    3.6 meV | validation forces RMSE:  102.7 meV/A | validation forces MAE:  51.26 meV/A
[2025-10-14 02:48:39][INFO] - Epoch: 1432 | learning rate: 1.563e-06 | training loss: 6.116e-02 | training energy RMSE (per atom):    3.4 meV | training energy MAE (per atom):    2.2 meV | training forces RMSE:   74.4 meV/A | training forces MAE:  46.60 meV/A | validation loss: 9.348e-03 | validation energy RMSE (per atom):   14.5 meV | validation energy MAE (per atom):    3.5 meV | validation forces RMSE:  102.8 meV/A | validation forces MAE:  51.13 meV/A
[2025-10-14 02:49:17][INFO] - Epoch: 1433 | learning rate: 1.563e-06 | training loss: 6.100e-02 | training energy RMSE (per atom):    3.4 meV | training energy MAE (per atom):    2.2 meV | training forces RMSE:   74.3 meV/A | training forces MAE:  46.54 meV/A | validation loss: 9.350e-03 | validation energy RMSE (per atom):   14.5 meV | validation energy MAE (per atom):    3.1 meV | validation forces RMSE:  102.8 meV/A | validation forces MAE:  51.10 meV/A
[2025-10-14 02:49:55][INFO] - Epoch: 1434 | learning rate: 1.563e-06 | training loss: 6.117e-02 | training energy RMSE (per atom):    3.4 meV | training energy MAE (per atom):    2.1 meV | training forces RMSE:   74.4 meV/A | training forces MAE:  46.57 meV/A | validation loss: 9.321e-03 | validation energy RMSE (per atom):   14.4 meV | validation energy MAE (per atom):    3.1 meV | validation forces RMSE:  102.8 meV/A | validation forces MAE:  51.14 meV/A
[2025-10-14 02:50:32][INFO] - Epoch: 1435 | learning rate: 1.563e-06 | training loss: 6.171e-02 | training energy RMSE (per atom):    3.4 meV | training energy MAE (per atom):    2.2 meV | training forces RMSE:   74.4 meV/A | training forces MAE:  46.62 meV/A | validation loss: 9.397e-03 | validation energy RMSE (per atom):   14.6 meV | validation energy MAE (per atom):    3.3 meV | validation forces RMSE:  103.0 meV/A | validation forces MAE:  51.10 meV/A
[2025-10-14 02:51:10][INFO] - Epoch: 1436 | learning rate: 1.563e-06 | training loss: 6.111e-02 | training energy RMSE (per atom):    3.4 meV | training energy MAE (per atom):    2.2 meV | training forces RMSE:   74.4 meV/A | training forces MAE:  46.57 meV/A | validation loss: 9.368e-03 | validation energy RMSE (per atom):   14.5 meV | validation energy MAE (per atom):    2.8 meV | validation forces RMSE:  102.9 meV/A | validation forces MAE:  51.17 meV/A
[2025-10-14 02:51:48][INFO] - Epoch: 1437 | learning rate: 1.563e-06 | training loss: 6.111e-02 | training energy RMSE (per atom):    3.4 meV | training energy MAE (per atom):    2.2 meV | training forces RMSE:   74.3 meV/A | training forces MAE:  46.48 meV/A | validation loss: 9.373e-03 | validation energy RMSE (per atom):   14.5 meV | validation energy MAE (per atom):    2.8 meV | validation forces RMSE:  102.6 meV/A | validation forces MAE:  51.08 meV/A
[2025-10-14 02:52:26][INFO] - Epoch: 1438 | learning rate: 1.563e-06 | training loss: 6.067e-02 | training energy RMSE (per atom):    3.3 meV | training energy MAE (per atom):    2.1 meV | training forces RMSE:   74.2 meV/A | training forces MAE:  46.41 meV/A | validation loss: 9.396e-03 | validation energy RMSE (per atom):   14.6 meV | validation energy MAE (per atom):    2.9 meV | validation forces RMSE:  102.7 meV/A | validation forces MAE:  51.10 meV/A
[2025-10-14 02:53:04][INFO] - Epoch: 1439 | learning rate: 1.563e-06 | training loss: 6.014e-02 | training energy RMSE (per atom):    3.4 meV | training energy MAE (per atom):    2.1 meV | training forces RMSE:   74.3 meV/A | training forces MAE:  46.50 meV/A | validation loss: 9.379e-03 | validation energy RMSE (per atom):   14.5 meV | validation energy MAE (per atom):    2.7 meV | validation forces RMSE:  102.7 meV/A | validation forces MAE:  51.08 meV/A
[2025-10-14 02:53:41][INFO] - Epoch: 1440 | learning rate: 1.563e-06 | training loss: 6.147e-02 | training energy RMSE (per atom):    3.5 meV | training energy MAE (per atom):    2.2 meV | training forces RMSE:   74.4 meV/A | training forces MAE:  46.54 meV/A | validation loss: 9.429e-03 | validation energy RMSE (per atom):   14.5 meV | validation energy MAE (per atom):    2.9 meV | validation forces RMSE:  103.1 meV/A | validation forces MAE:  51.40 meV/A
[2025-10-14 02:54:19][INFO] - Epoch: 1441 | learning rate: 1.563e-06 | training loss: 6.110e-02 | training energy RMSE (per atom):    3.3 meV | training energy MAE (per atom):    2.0 meV | training forces RMSE:   74.2 meV/A | training forces MAE:  46.45 meV/A | validation loss: 9.432e-03 | validation energy RMSE (per atom):   14.6 meV | validation energy MAE (per atom):    4.1 meV | validation forces RMSE:  103.0 meV/A | validation forces MAE:  51.26 meV/A
[2025-10-14 02:54:58][INFO] - Epoch: 1442 | learning rate: 1.563e-06 | training loss: 6.157e-02 | training energy RMSE (per atom):    3.5 meV | training energy MAE (per atom):    2.2 meV | training forces RMSE:   74.2 meV/A | training forces MAE:  46.49 meV/A | validation loss: 9.528e-03 | validation energy RMSE (per atom):   14.7 meV | validation energy MAE (per atom):    3.2 meV | validation forces RMSE:  103.0 meV/A | validation forces MAE:  51.25 meV/A
[2025-10-14 02:55:36][INFO] - Epoch: 1443 | learning rate: 1.563e-06 | training loss: 6.171e-02 | training energy RMSE (per atom):    3.6 meV | training energy MAE (per atom):    2.4 meV | training forces RMSE:   74.3 meV/A | training forces MAE:  46.51 meV/A | validation loss: 9.326e-03 | validation energy RMSE (per atom):   14.4 meV | validation energy MAE (per atom):    2.7 meV | validation forces RMSE:  102.9 meV/A | validation forces MAE:  51.20 meV/A
[2025-10-14 02:56:14][INFO] - Epoch: 1444 | learning rate: 1.563e-06 | training loss: 6.066e-02 | training energy RMSE (per atom):    3.5 meV | training energy MAE (per atom):    2.2 meV | training forces RMSE:   74.1 meV/A | training forces MAE:  46.43 meV/A | validation loss: 9.275e-03 | validation energy RMSE (per atom):   14.3 meV | validation energy MAE (per atom):    3.4 meV | validation forces RMSE:  103.0 meV/A | validation forces MAE:  51.08 meV/A
[2025-10-14 02:56:52][INFO] - Epoch: 1445 | learning rate: 1.563e-06 | training loss: 6.092e-02 | training energy RMSE (per atom):    3.3 meV | training energy MAE (per atom):    2.0 meV | training forces RMSE:   74.2 meV/A | training forces MAE:  46.48 meV/A | validation loss: 9.407e-03 | validation energy RMSE (per atom):   14.6 meV | validation energy MAE (per atom):    2.8 meV | validation forces RMSE:  102.8 meV/A | validation forces MAE:  51.11 meV/A
[2025-10-14 02:57:30][INFO] - Epoch: 1446 | learning rate: 1.563e-06 | training loss: 6.129e-02 | training energy RMSE (per atom):    3.4 meV | training energy MAE (per atom):    2.2 meV | training forces RMSE:   74.3 meV/A | training forces MAE:  46.53 meV/A | validation loss: 9.349e-03 | validation energy RMSE (per atom):   14.5 meV | validation energy MAE (per atom):    2.8 meV | validation forces RMSE:  102.7 meV/A | validation forces MAE:  51.19 meV/A
[2025-10-14 02:58:08][INFO] - Epoch: 1447 | learning rate: 1.563e-06 | training loss: 6.038e-02 | training energy RMSE (per atom):    3.4 meV | training energy MAE (per atom):    2.1 meV | training forces RMSE:   74.1 meV/A | training forces MAE:  46.46 meV/A | validation loss: 9.473e-03 | validation energy RMSE (per atom):   14.7 meV | validation energy MAE (per atom):    2.9 meV | validation forces RMSE:  102.9 meV/A | validation forces MAE:  51.05 meV/A
[2025-10-14 02:58:45][INFO] - Epoch: 1448 | learning rate: 1.563e-06 | training loss: 6.146e-02 | training energy RMSE (per atom):    3.4 meV | training energy MAE (per atom):    2.2 meV | training forces RMSE:   74.3 meV/A | training forces MAE:  46.53 meV/A | validation loss: 9.575e-03 | validation energy RMSE (per atom):   14.9 meV | validation energy MAE (per atom):    4.0 meV | validation forces RMSE:  103.0 meV/A | validation forces MAE:  51.25 meV/A
[2025-10-14 02:59:23][INFO] - Epoch: 1449 | learning rate: 1.563e-06 | training loss: 6.125e-02 | training energy RMSE (per atom):    3.4 meV | training energy MAE (per atom):    2.1 meV | training forces RMSE:   74.1 meV/A | training forces MAE:  46.43 meV/A | validation loss: 9.437e-03 | validation energy RMSE (per atom):   14.6 meV | validation energy MAE (per atom):    3.2 meV | validation forces RMSE:  102.6 meV/A | validation forces MAE:  51.16 meV/A
[2025-10-14 03:00:00][INFO] - Epoch: 1450 | learning rate: 1.563e-06 | training loss: 6.142e-02 | training energy RMSE (per atom):    3.3 meV | training energy MAE (per atom):    2.1 meV | training forces RMSE:   74.2 meV/A | training forces MAE:  46.44 meV/A | validation loss: 9.692e-03 | validation energy RMSE (per atom):   15.1 meV | validation energy MAE (per atom):    4.4 meV | validation forces RMSE:  102.9 meV/A | validation forces MAE:  51.04 meV/A
[2025-10-14 03:00:39][INFO] - Epoch: 1451 | learning rate: 1.563e-06 | training loss: 6.126e-02 | training energy RMSE (per atom):    3.3 meV | training energy MAE (per atom):    2.1 meV | training forces RMSE:   74.3 meV/A | training forces MAE:  46.47 meV/A | validation loss: 9.436e-03 | validation energy RMSE (per atom):   14.6 meV | validation energy MAE (per atom):    2.8 meV | validation forces RMSE:  103.1 meV/A | validation forces MAE:  50.93 meV/A
[2025-10-14 03:01:17][INFO] - Epoch: 1452 | learning rate: 1.563e-06 | training loss: 6.220e-02 | training energy RMSE (per atom):    3.7 meV | training energy MAE (per atom):    2.5 meV | training forces RMSE:   74.3 meV/A | training forces MAE:  46.51 meV/A | validation loss: 9.457e-03 | validation energy RMSE (per atom):   14.8 meV | validation energy MAE (per atom):    4.1 meV | validation forces RMSE:  102.5 meV/A | validation forces MAE:  51.12 meV/A
[2025-10-14 03:01:55][INFO] - Epoch: 1453 | learning rate: 1.563e-06 | training loss: 6.089e-02 | training energy RMSE (per atom):    3.5 meV | training energy MAE (per atom):    2.3 meV | training forces RMSE:   74.2 meV/A | training forces MAE:  46.46 meV/A | validation loss: 9.386e-03 | validation energy RMSE (per atom):   14.6 meV | validation energy MAE (per atom):    2.8 meV | validation forces RMSE:  102.5 meV/A | validation forces MAE:  51.17 meV/A
[2025-10-14 03:02:33][INFO] - Epoch: 1454 | learning rate: 1.563e-06 | training loss: 6.100e-02 | training energy RMSE (per atom):    3.3 meV | training energy MAE (per atom):    2.1 meV | training forces RMSE:   74.3 meV/A | training forces MAE:  46.48 meV/A | validation loss: 9.381e-03 | validation energy RMSE (per atom):   14.6 meV | validation energy MAE (per atom):    4.3 meV | validation forces RMSE:  102.8 meV/A | validation forces MAE:  51.15 meV/A
[2025-10-14 03:03:11][INFO] - Epoch: 1455 | learning rate: 1.563e-06 | training loss: 6.057e-02 | training energy RMSE (per atom):    3.5 meV | training energy MAE (per atom):    2.2 meV | training forces RMSE:   74.2 meV/A | training forces MAE:  46.53 meV/A | validation loss: 9.379e-03 | validation energy RMSE (per atom):   14.5 meV | validation energy MAE (per atom):    3.5 meV | validation forces RMSE:  102.8 meV/A | validation forces MAE:  51.11 meV/A
[2025-10-14 03:03:48][INFO] - Epoch: 1456 | learning rate: 1.563e-06 | training loss: 6.060e-02 | training energy RMSE (per atom):    3.4 meV | training energy MAE (per atom):    2.2 meV | training forces RMSE:   74.2 meV/A | training forces MAE:  46.45 meV/A | validation loss: 9.506e-03 | validation energy RMSE (per atom):   14.7 meV | validation energy MAE (per atom):    3.1 meV | validation forces RMSE:  103.0 meV/A | validation forces MAE:  51.38 meV/A
[2025-10-14 03:04:26][INFO] - Epoch: 1457 | learning rate: 1.563e-06 | training loss: 6.134e-02 | training energy RMSE (per atom):    3.3 meV | training energy MAE (per atom):    2.1 meV | training forces RMSE:   74.3 meV/A | training forces MAE:  46.52 meV/A | validation loss: 9.296e-03 | validation energy RMSE (per atom):   14.5 meV | validation energy MAE (per atom):    3.4 meV | validation forces RMSE:  102.4 meV/A | validation forces MAE:  51.00 meV/A
[2025-10-14 03:05:04][INFO] - Epoch: 1458 | learning rate: 1.563e-06 | training loss: 6.068e-02 | training energy RMSE (per atom):    3.3 meV | training energy MAE (per atom):    2.0 meV | training forces RMSE:   74.3 meV/A | training forces MAE:  46.47 meV/A | validation loss: 9.246e-03 | validation energy RMSE (per atom):   14.4 meV | validation energy MAE (per atom):    2.9 meV | validation forces RMSE:  102.3 meV/A | validation forces MAE:  51.00 meV/A
[2025-10-14 03:05:42][INFO] - Epoch: 1459 | learning rate: 1.563e-06 | training loss: 6.047e-02 | training energy RMSE (per atom):    3.3 meV | training energy MAE (per atom):    2.1 meV | training forces RMSE:   74.2 meV/A | training forces MAE:  46.44 meV/A | validation loss: 9.498e-03 | validation energy RMSE (per atom):   14.7 meV | validation energy MAE (per atom):    3.6 meV | validation forces RMSE:  102.9 meV/A | validation forces MAE:  51.32 meV/A
[2025-10-14 03:06:20][INFO] - Epoch: 1460 | learning rate: 1.563e-06 | training loss: 6.179e-02 | training energy RMSE (per atom):    3.6 meV | training energy MAE (per atom):    2.4 meV | training forces RMSE:   74.2 meV/A | training forces MAE:  46.48 meV/A | validation loss: 9.572e-03 | validation energy RMSE (per atom):   14.9 meV | validation energy MAE (per atom):    3.9 meV | validation forces RMSE:  102.8 meV/A | validation forces MAE:  51.36 meV/A
[2025-10-14 03:06:58][INFO] - Epoch: 1461 | learning rate: 1.563e-06 | training loss: 6.052e-02 | training energy RMSE (per atom):    3.4 meV | training energy MAE (per atom):    2.1 meV | training forces RMSE:   74.0 meV/A | training forces MAE:  46.46 meV/A | validation loss: 9.397e-03 | validation energy RMSE (per atom):   14.5 meV | validation energy MAE (per atom):    2.8 meV | validation forces RMSE:  103.1 meV/A | validation forces MAE:  51.44 meV/A
[2025-10-14 03:07:36][INFO] - Epoch: 1462 | learning rate: 1.563e-06 | training loss: 6.074e-02 | training energy RMSE (per atom):    3.4 meV | training energy MAE (per atom):    2.2 meV | training forces RMSE:   74.2 meV/A | training forces MAE:  46.50 meV/A | validation loss: 9.364e-03 | validation energy RMSE (per atom):   14.5 meV | validation energy MAE (per atom):    3.4 meV | validation forces RMSE:  103.0 meV/A | validation forces MAE:  51.29 meV/A
[2025-10-14 03:08:14][INFO] - Epoch: 1463 | learning rate: 1.563e-06 | training loss: 6.087e-02 | training energy RMSE (per atom):    3.3 meV | training energy MAE (per atom):    2.1 meV | training forces RMSE:   74.2 meV/A | training forces MAE:  46.49 meV/A | validation loss: 9.276e-03 | validation energy RMSE (per atom):   14.3 meV | validation energy MAE (per atom):    2.8 meV | validation forces RMSE:  102.7 meV/A | validation forces MAE:  51.25 meV/A
[2025-10-14 03:08:52][INFO] - Epoch: 1464 | learning rate: 1.563e-06 | training loss: 6.137e-02 | training energy RMSE (per atom):    3.5 meV | training energy MAE (per atom):    2.2 meV | training forces RMSE:   74.2 meV/A | training forces MAE:  46.51 meV/A | validation loss: 9.373e-03 | validation energy RMSE (per atom):   14.5 meV | validation energy MAE (per atom):    2.9 meV | validation forces RMSE:  103.0 meV/A | validation forces MAE:  51.19 meV/A
[2025-10-14 03:09:30][INFO] - Epoch: 1465 | learning rate: 1.563e-06 | training loss: 6.062e-02 | training energy RMSE (per atom):    3.5 meV | training energy MAE (per atom):    2.2 meV | training forces RMSE:   74.1 meV/A | training forces MAE:  46.42 meV/A | validation loss: 9.389e-03 | validation energy RMSE (per atom):   14.5 meV | validation energy MAE (per atom):    3.3 meV | validation forces RMSE:  103.5 meV/A | validation forces MAE:  51.55 meV/A
[2025-10-14 03:10:07][INFO] - Epoch: 1466 | learning rate: 1.563e-06 | training loss: 6.080e-02 | training energy RMSE (per atom):    3.4 meV | training energy MAE (per atom):    2.1 meV | training forces RMSE:   74.3 meV/A | training forces MAE:  46.56 meV/A | validation loss: 9.397e-03 | validation energy RMSE (per atom):   14.5 meV | validation energy MAE (per atom):    3.0 meV | validation forces RMSE:  103.1 meV/A | validation forces MAE:  51.25 meV/A
[2025-10-14 03:10:45][INFO] - Epoch: 1467 | learning rate: 1.563e-06 | training loss: 6.104e-02 | training energy RMSE (per atom):    3.4 meV | training energy MAE (per atom):    2.1 meV | training forces RMSE:   74.0 meV/A | training forces MAE:  46.38 meV/A | validation loss: 9.402e-03 | validation energy RMSE (per atom):   14.5 meV | validation energy MAE (per atom):    2.8 meV | validation forces RMSE:  103.3 meV/A | validation forces MAE:  51.17 meV/A
[2025-10-14 03:11:23][INFO] - Epoch: 1468 | learning rate: 1.563e-06 | training loss: 6.116e-02 | training energy RMSE (per atom):    3.4 meV | training energy MAE (per atom):    2.2 meV | training forces RMSE:   74.2 meV/A | training forces MAE:  46.47 meV/A | validation loss: 9.274e-03 | validation energy RMSE (per atom):   14.4 meV | validation energy MAE (per atom):    3.3 meV | validation forces RMSE:  102.2 meV/A | validation forces MAE:  51.18 meV/A
[2025-10-14 03:12:02][INFO] - Epoch: 1469 | learning rate: 1.563e-06 | training loss: 6.081e-02 | training energy RMSE (per atom):    3.5 meV | training energy MAE (per atom):    2.3 meV | training forces RMSE:   74.2 meV/A | training forces MAE:  46.48 meV/A | validation loss: 9.550e-03 | validation energy RMSE (per atom):   14.8 meV | validation energy MAE (per atom):    4.1 meV | validation forces RMSE:  103.0 meV/A | validation forces MAE:  51.28 meV/A
[2025-10-14 03:12:39][INFO] - Epoch: 1470 | learning rate: 1.563e-06 | training loss: 6.123e-02 | training energy RMSE (per atom):    3.4 meV | training energy MAE (per atom):    2.2 meV | training forces RMSE:   74.1 meV/A | training forces MAE:  46.43 meV/A | validation loss: 9.320e-03 | validation energy RMSE (per atom):   14.4 meV | validation energy MAE (per atom):    2.9 meV | validation forces RMSE:  102.9 meV/A | validation forces MAE:  51.41 meV/A
[2025-10-14 03:13:18][INFO] - Epoch: 1471 | learning rate: 1.563e-06 | training loss: 6.059e-02 | training energy RMSE (per atom):    3.3 meV | training energy MAE (per atom):    2.1 meV | training forces RMSE:   74.2 meV/A | training forces MAE:  46.45 meV/A | validation loss: 9.454e-03 | validation energy RMSE (per atom):   14.6 meV | validation energy MAE (per atom):    3.1 meV | validation forces RMSE:  102.9 meV/A | validation forces MAE:  51.21 meV/A
[2025-10-14 03:13:56][INFO] - Epoch: 1472 | learning rate: 1.563e-06 | training loss: 6.101e-02 | training energy RMSE (per atom):    3.4 meV | training energy MAE (per atom):    2.1 meV | training forces RMSE:   74.1 meV/A | training forces MAE:  46.39 meV/A | validation loss: 9.419e-03 | validation energy RMSE (per atom):   14.5 meV | validation energy MAE (per atom):    2.8 meV | validation forces RMSE:  102.8 meV/A | validation forces MAE:  51.31 meV/A
[2025-10-14 03:14:34][INFO] - Epoch: 1473 | learning rate: 1.563e-06 | training loss: 6.082e-02 | training energy RMSE (per atom):    3.4 meV | training energy MAE (per atom):    2.1 meV | training forces RMSE:   74.1 meV/A | training forces MAE:  46.39 meV/A | validation loss: 9.482e-03 | validation energy RMSE (per atom):   14.7 meV | validation energy MAE (per atom):    2.9 meV | validation forces RMSE:  103.0 meV/A | validation forces MAE:  51.22 meV/A
[2025-10-14 03:15:12][INFO] - Epoch: 1474 | learning rate: 1.563e-06 | training loss: 6.090e-02 | training energy RMSE (per atom):    3.3 meV | training energy MAE (per atom):    2.0 meV | training forces RMSE:   74.2 meV/A | training forces MAE:  46.46 meV/A | validation loss: 9.296e-03 | validation energy RMSE (per atom):   14.5 meV | validation energy MAE (per atom):    2.7 meV | validation forces RMSE:  102.0 meV/A | validation forces MAE:  51.03 meV/A
[2025-10-14 03:15:50][INFO] - Epoch: 1475 | learning rate: 1.563e-06 | training loss: 6.100e-02 | training energy RMSE (per atom):    3.4 meV | training energy MAE (per atom):    2.1 meV | training forces RMSE:   74.1 meV/A | training forces MAE:  46.46 meV/A | validation loss: 9.269e-03 | validation energy RMSE (per atom):   14.4 meV | validation energy MAE (per atom):    3.1 meV | validation forces RMSE:  102.5 meV/A | validation forces MAE:  51.03 meV/A
[2025-10-14 03:16:28][INFO] - Epoch: 1476 | learning rate: 1.563e-06 | training loss: 6.054e-02 | training energy RMSE (per atom):    3.4 meV | training energy MAE (per atom):    2.1 meV | training forces RMSE:   74.1 meV/A | training forces MAE:  46.42 meV/A | validation loss: 9.320e-03 | validation energy RMSE (per atom):   14.5 meV | validation energy MAE (per atom):    4.3 meV | validation forces RMSE:  102.8 meV/A | validation forces MAE:  51.25 meV/A
[2025-10-14 03:17:05][INFO] - Epoch: 1477 | learning rate: 1.563e-06 | training loss: 6.167e-02 | training energy RMSE (per atom):    3.6 meV | training energy MAE (per atom):    2.4 meV | training forces RMSE:   74.2 meV/A | training forces MAE:  46.52 meV/A | validation loss: 9.569e-03 | validation energy RMSE (per atom):   15.0 meV | validation energy MAE (per atom):    4.2 meV | validation forces RMSE:  102.3 meV/A | validation forces MAE:  50.95 meV/A
[2025-10-14 03:17:44][INFO] - Epoch: 1478 | learning rate: 1.563e-06 | training loss: 6.048e-02 | training energy RMSE (per atom):    3.4 meV | training energy MAE (per atom):    2.2 meV | training forces RMSE:   74.0 meV/A | training forces MAE:  46.35 meV/A | validation loss: 9.472e-03 | validation energy RMSE (per atom):   14.7 meV | validation energy MAE (per atom):    3.7 meV | validation forces RMSE:  102.9 meV/A | validation forces MAE:  51.13 meV/A
[2025-10-14 03:18:22][INFO] - Epoch: 1479 | learning rate: 1.563e-06 | training loss: 6.112e-02 | training energy RMSE (per atom):    3.4 meV | training energy MAE (per atom):    2.2 meV | training forces RMSE:   74.1 meV/A | training forces MAE:  46.40 meV/A | validation loss: 9.327e-03 | validation energy RMSE (per atom):   14.4 meV | validation energy MAE (per atom):    2.9 meV | validation forces RMSE:  102.6 meV/A | validation forces MAE:  51.23 meV/A
[2025-10-14 03:18:59][INFO] - Epoch: 1480 | learning rate: 1.563e-06 | training loss: 6.107e-02 | training energy RMSE (per atom):    3.4 meV | training energy MAE (per atom):    2.1 meV | training forces RMSE:   74.3 meV/A | training forces MAE:  46.49 meV/A | validation loss: 9.415e-03 | validation energy RMSE (per atom):   14.6 meV | validation energy MAE (per atom):    3.1 meV | validation forces RMSE:  102.6 meV/A | validation forces MAE:  51.08 meV/A
[2025-10-14 03:19:37][INFO] - Epoch: 1481 | learning rate: 1.563e-06 | training loss: 6.071e-02 | training energy RMSE (per atom):    3.4 meV | training energy MAE (per atom):    2.3 meV | training forces RMSE:   74.1 meV/A | training forces MAE:  46.38 meV/A | validation loss: 9.300e-03 | validation energy RMSE (per atom):   14.4 meV | validation energy MAE (per atom):    2.9 meV | validation forces RMSE:  102.5 meV/A | validation forces MAE:  51.23 meV/A
[2025-10-14 03:20:15][INFO] - Epoch: 1482 | learning rate: 1.563e-06 | training loss: 5.990e-02 | training energy RMSE (per atom):    3.4 meV | training energy MAE (per atom):    2.1 meV | training forces RMSE:   73.9 meV/A | training forces MAE:  46.35 meV/A | validation loss: 9.364e-03 | validation energy RMSE (per atom):   14.5 meV | validation energy MAE (per atom):    3.0 meV | validation forces RMSE:  102.5 meV/A | validation forces MAE:  51.09 meV/A
[2025-10-14 03:20:53][INFO] - Epoch: 1483 | learning rate: 1.563e-06 | training loss: 6.047e-02 | training energy RMSE (per atom):    3.4 meV | training energy MAE (per atom):    2.2 meV | training forces RMSE:   73.9 meV/A | training forces MAE:  46.34 meV/A | validation loss: 9.445e-03 | validation energy RMSE (per atom):   14.6 meV | validation energy MAE (per atom):    2.8 meV | validation forces RMSE:  103.0 meV/A | validation forces MAE:  51.26 meV/A
[2025-10-14 03:21:31][INFO] - Epoch: 1484 | learning rate: 1.563e-06 | training loss: 6.077e-02 | training energy RMSE (per atom):    3.4 meV | training energy MAE (per atom):    2.2 meV | training forces RMSE:   74.0 meV/A | training forces MAE:  46.36 meV/A | validation loss: 9.417e-03 | validation energy RMSE (per atom):   14.6 meV | validation energy MAE (per atom):    3.9 meV | validation forces RMSE:  103.0 meV/A | validation forces MAE:  51.19 meV/A
[2025-10-14 03:22:09][INFO] - Epoch: 1485 | learning rate: 1.563e-06 | training loss: 6.107e-02 | training energy RMSE (per atom):    3.4 meV | training energy MAE (per atom):    2.2 meV | training forces RMSE:   74.1 meV/A | training forces MAE:  46.41 meV/A | validation loss: 9.486e-03 | validation energy RMSE (per atom):   14.7 meV | validation energy MAE (per atom):    3.3 meV | validation forces RMSE:  103.1 meV/A | validation forces MAE:  51.40 meV/A
[2025-10-14 03:22:46][INFO] - Epoch: 1486 | learning rate: 1.563e-06 | training loss: 6.097e-02 | training energy RMSE (per atom):    3.4 meV | training energy MAE (per atom):    2.2 meV | training forces RMSE:   74.2 meV/A | training forces MAE:  46.48 meV/A | validation loss: 9.333e-03 | validation energy RMSE (per atom):   14.4 meV | validation energy MAE (per atom):    3.5 meV | validation forces RMSE:  103.0 meV/A | validation forces MAE:  51.21 meV/A
[2025-10-14 03:23:25][INFO] - Epoch: 1487 | learning rate: 1.563e-06 | training loss: 6.095e-02 | training energy RMSE (per atom):    3.4 meV | training energy MAE (per atom):    2.1 meV | training forces RMSE:   74.0 meV/A | training forces MAE:  46.39 meV/A | validation loss: 9.324e-03 | validation energy RMSE (per atom):   14.4 meV | validation energy MAE (per atom):    2.9 meV | validation forces RMSE:  102.8 meV/A | validation forces MAE:  51.25 meV/A
[2025-10-14 03:24:02][INFO] - Epoch: 1488 | learning rate: 1.563e-06 | training loss: 6.102e-02 | training energy RMSE (per atom):    3.5 meV | training energy MAE (per atom):    2.3 meV | training forces RMSE:   74.0 meV/A | training forces MAE:  46.37 meV/A | validation loss: 9.447e-03 | validation energy RMSE (per atom):   14.7 meV | validation energy MAE (per atom):    3.7 meV | validation forces RMSE:  103.0 meV/A | validation forces MAE:  51.10 meV/A
[2025-10-14 03:24:40][INFO] - Epoch: 1489 | learning rate: 1.563e-06 | training loss: 6.113e-02 | training energy RMSE (per atom):    3.5 meV | training energy MAE (per atom):    2.2 meV | training forces RMSE:   74.0 meV/A | training forces MAE:  46.43 meV/A | validation loss: 9.560e-03 | validation energy RMSE (per atom):   14.8 meV | validation energy MAE (per atom):    3.5 meV | validation forces RMSE:  102.8 meV/A | validation forces MAE:  51.04 meV/A
[2025-10-14 03:25:18][INFO] - Epoch: 1490 | learning rate: 1.563e-06 | training loss: 6.093e-02 | training energy RMSE (per atom):    3.4 meV | training energy MAE (per atom):    2.1 meV | training forces RMSE:   74.0 meV/A | training forces MAE:  46.38 meV/A | validation loss: 9.386e-03 | validation energy RMSE (per atom):   14.5 meV | validation energy MAE (per atom):    2.8 meV | validation forces RMSE:  102.8 meV/A | validation forces MAE:  51.12 meV/A
[2025-10-14 03:25:56][INFO] - Epoch: 1491 | learning rate: 1.563e-06 | training loss: 6.009e-02 | training energy RMSE (per atom):    3.4 meV | training energy MAE (per atom):    2.1 meV | training forces RMSE:   74.0 meV/A | training forces MAE:  46.40 meV/A | validation loss: 9.374e-03 | validation energy RMSE (per atom):   14.7 meV | validation energy MAE (per atom):    5.2 meV | validation forces RMSE:  102.5 meV/A | validation forces MAE:  50.91 meV/A
[2025-10-14 03:26:34][INFO] - Epoch: 1492 | learning rate: 1.563e-06 | training loss: 6.096e-02 | training energy RMSE (per atom):    3.4 meV | training energy MAE (per atom):    2.2 meV | training forces RMSE:   74.0 meV/A | training forces MAE:  46.41 meV/A | validation loss: 9.286e-03 | validation energy RMSE (per atom):   14.4 meV | validation energy MAE (per atom):    3.3 meV | validation forces RMSE:  102.7 meV/A | validation forces MAE:  51.11 meV/A
[2025-10-14 03:27:12][INFO] - Epoch: 1493 | learning rate: 1.563e-06 | training loss: 6.070e-02 | training energy RMSE (per atom):    3.4 meV | training energy MAE (per atom):    2.1 meV | training forces RMSE:   74.0 meV/A | training forces MAE:  46.40 meV/A | validation loss: 9.382e-03 | validation energy RMSE (per atom):   14.5 meV | validation energy MAE (per atom):    3.4 meV | validation forces RMSE:  102.8 meV/A | validation forces MAE:  51.17 meV/A
[2025-10-14 03:27:50][INFO] - Epoch: 1494 | learning rate: 1.563e-06 | training loss: 6.086e-02 | training energy RMSE (per atom):    3.5 meV | training energy MAE (per atom):    2.3 meV | training forces RMSE:   74.1 meV/A | training forces MAE:  46.42 meV/A | validation loss: 9.364e-03 | validation energy RMSE (per atom):   14.5 meV | validation energy MAE (per atom):    2.8 meV | validation forces RMSE:  102.5 meV/A | validation forces MAE:  50.96 meV/A
[2025-10-14 03:28:29][INFO] - Epoch: 1495 | learning rate: 1.563e-06 | training loss: 6.067e-02 | training energy RMSE (per atom):    3.3 meV | training energy MAE (per atom):    2.0 meV | training forces RMSE:   73.9 meV/A | training forces MAE:  46.38 meV/A | validation loss: 9.335e-03 | validation energy RMSE (per atom):   14.5 meV | validation energy MAE (per atom):    3.4 meV | validation forces RMSE:  102.7 meV/A | validation forces MAE:  51.37 meV/A
[2025-10-14 03:29:06][INFO] - Epoch: 1496 | learning rate: 1.563e-06 | training loss: 6.072e-02 | training energy RMSE (per atom):    3.4 meV | training energy MAE (per atom):    2.2 meV | training forces RMSE:   74.2 meV/A | training forces MAE:  46.50 meV/A | validation loss: 9.394e-03 | validation energy RMSE (per atom):   14.5 meV | validation energy MAE (per atom):    3.4 meV | validation forces RMSE:  103.2 meV/A | validation forces MAE:  51.37 meV/A
[2025-10-14 03:29:44][INFO] - Epoch: 1497 | learning rate: 1.563e-06 | training loss: 6.094e-02 | training energy RMSE (per atom):    3.5 meV | training energy MAE (per atom):    2.3 meV | training forces RMSE:   74.1 meV/A | training forces MAE:  46.42 meV/A | validation loss: 9.311e-03 | validation energy RMSE (per atom):   14.6 meV | validation energy MAE (per atom):    4.6 meV | validation forces RMSE:  102.5 meV/A | validation forces MAE:  50.97 meV/A
[2025-10-14 03:30:22][INFO] - Epoch: 1498 | learning rate: 1.563e-06 | training loss: 6.120e-02 | training energy RMSE (per atom):    3.4 meV | training energy MAE (per atom):    2.2 meV | training forces RMSE:   74.1 meV/A | training forces MAE:  46.45 meV/A | validation loss: 9.347e-03 | validation energy RMSE (per atom):   14.4 meV | validation energy MAE (per atom):    3.0 meV | validation forces RMSE:  102.8 meV/A | validation forces MAE:  51.26 meV/A
[2025-10-14 03:31:00][INFO] - Epoch: 1499 | learning rate: 1.563e-06 | training loss: 6.021e-02 | training energy RMSE (per atom):    3.3 meV | training energy MAE (per atom):    2.0 meV | training forces RMSE:   73.9 meV/A | training forces MAE:  46.28 meV/A | validation loss: 9.363e-03 | validation energy RMSE (per atom):   14.5 meV | validation energy MAE (per atom):    2.8 meV | validation forces RMSE:  102.7 meV/A | validation forces MAE:  51.17 meV/A
[2025-10-14 03:31:39][INFO] - Epoch: 1500 | learning rate: 1.563e-06 | training loss: 6.075e-02 | training energy RMSE (per atom):    3.4 meV | training energy MAE (per atom):    2.1 meV | training forces RMSE:   74.0 meV/A | training forces MAE:  46.30 meV/A | validation loss: 9.564e-03 | validation energy RMSE (per atom):   14.8 meV | validation energy MAE (per atom):    3.5 meV | validation forces RMSE:  103.7 meV/A | validation forces MAE:  51.46 meV/A
[2025-10-14 03:32:17][INFO] - Epoch: 1501 | learning rate: 1.563e-06 | training loss: 6.041e-02 | training energy RMSE (per atom):    3.5 meV | training energy MAE (per atom):    2.2 meV | training forces RMSE:   73.9 meV/A | training forces MAE:  46.33 meV/A | validation loss: 9.373e-03 | validation energy RMSE (per atom):   14.5 meV | validation energy MAE (per atom):    3.0 meV | validation forces RMSE:  103.0 meV/A | validation forces MAE:  51.16 meV/A
[2025-10-14 03:32:55][INFO] - Epoch: 1502 | learning rate: 1.563e-06 | training loss: 6.026e-02 | training energy RMSE (per atom):    3.4 meV | training energy MAE (per atom):    2.2 meV | training forces RMSE:   73.8 meV/A | training forces MAE:  46.26 meV/A | validation loss: 9.409e-03 | validation energy RMSE (per atom):   14.6 meV | validation energy MAE (per atom):    3.6 meV | validation forces RMSE:  102.7 meV/A | validation forces MAE:  51.26 meV/A
[2025-10-14 03:33:33][INFO] - Epoch: 1503 | learning rate: 1.563e-06 | training loss: 6.075e-02 | training energy RMSE (per atom):    3.4 meV | training energy MAE (per atom):    2.1 meV | training forces RMSE:   74.1 meV/A | training forces MAE:  46.41 meV/A | validation loss: 9.364e-03 | validation energy RMSE (per atom):   14.5 meV | validation energy MAE (per atom):    3.0 meV | validation forces RMSE:  102.8 meV/A | validation forces MAE:  51.29 meV/A
[2025-10-14 03:34:10][INFO] - Epoch: 1504 | learning rate: 1.563e-06 | training loss: 6.128e-02 | training energy RMSE (per atom):    3.4 meV | training energy MAE (per atom):    2.1 meV | training forces RMSE:   74.1 meV/A | training forces MAE:  46.39 meV/A | validation loss: 9.378e-03 | validation energy RMSE (per atom):   14.5 meV | validation energy MAE (per atom):    3.0 meV | validation forces RMSE:  102.8 meV/A | validation forces MAE:  51.11 meV/A
[2025-10-14 03:34:10][INFO] - Changing learning rate from 1.5625e-06 to 7.8125e-07
[2025-10-14 03:34:48][INFO] - Epoch: 1505 | learning rate: 7.813e-07 | training loss: 5.981e-02 | training energy RMSE (per atom):    3.2 meV | training energy MAE (per atom):    1.9 meV | training forces RMSE:   73.7 meV/A | training forces MAE:  46.20 meV/A | validation loss: 9.351e-03 | validation energy RMSE (per atom):   14.5 meV | validation energy MAE (per atom):    2.8 meV | validation forces RMSE:  102.6 meV/A | validation forces MAE:  50.89 meV/A
[2025-10-14 03:35:26][INFO] - Epoch: 1506 | learning rate: 7.813e-07 | training loss: 6.026e-02 | training energy RMSE (per atom):    3.2 meV | training energy MAE (per atom):    2.0 meV | training forces RMSE:   73.6 meV/A | training forces MAE:  46.16 meV/A | validation loss: 9.383e-03 | validation energy RMSE (per atom):   14.5 meV | validation energy MAE (per atom):    2.9 meV | validation forces RMSE:  102.9 meV/A | validation forces MAE:  51.19 meV/A
[2025-10-14 03:36:03][INFO] - Epoch: 1507 | learning rate: 7.813e-07 | training loss: 6.021e-02 | training energy RMSE (per atom):    3.2 meV | training energy MAE (per atom):    2.0 meV | training forces RMSE:   73.6 meV/A | training forces MAE:  46.12 meV/A | validation loss: 9.343e-03 | validation energy RMSE (per atom):   14.5 meV | validation energy MAE (per atom):    2.8 meV | validation forces RMSE:  102.6 meV/A | validation forces MAE:  50.94 meV/A
[2025-10-14 03:36:41][INFO] - Epoch: 1508 | learning rate: 7.813e-07 | training loss: 5.934e-02 | training energy RMSE (per atom):    3.2 meV | training energy MAE (per atom):    1.9 meV | training forces RMSE:   73.6 meV/A | training forces MAE:  46.11 meV/A | validation loss: 9.333e-03 | validation energy RMSE (per atom):   14.5 meV | validation energy MAE (per atom):    3.2 meV | validation forces RMSE:  102.7 meV/A | validation forces MAE:  50.96 meV/A
[2025-10-14 03:37:19][INFO] - Epoch: 1509 | learning rate: 7.813e-07 | training loss: 5.979e-02 | training energy RMSE (per atom):    3.2 meV | training energy MAE (per atom):    1.9 meV | training forces RMSE:   73.7 meV/A | training forces MAE:  46.13 meV/A | validation loss: 9.350e-03 | validation energy RMSE (per atom):   14.5 meV | validation energy MAE (per atom):    2.9 meV | validation forces RMSE:  102.8 meV/A | validation forces MAE:  50.96 meV/A
[2025-10-14 03:37:57][INFO] - Epoch: 1510 | learning rate: 7.813e-07 | training loss: 5.922e-02 | training energy RMSE (per atom):    3.2 meV | training energy MAE (per atom):    1.9 meV | training forces RMSE:   73.7 meV/A | training forces MAE:  46.18 meV/A | validation loss: 9.352e-03 | validation energy RMSE (per atom):   14.5 meV | validation energy MAE (per atom):    2.9 meV | validation forces RMSE:  102.7 meV/A | validation forces MAE:  50.94 meV/A
[2025-10-14 03:38:35][INFO] - Epoch: 1511 | learning rate: 7.813e-07 | training loss: 5.978e-02 | training energy RMSE (per atom):    3.3 meV | training energy MAE (per atom):    2.1 meV | training forces RMSE:   73.6 meV/A | training forces MAE:  46.15 meV/A | validation loss: 9.373e-03 | validation energy RMSE (per atom):   14.5 meV | validation energy MAE (per atom):    3.3 meV | validation forces RMSE:  103.0 meV/A | validation forces MAE:  50.98 meV/A
[2025-10-14 03:39:12][INFO] - Epoch: 1512 | learning rate: 7.813e-07 | training loss: 5.937e-02 | training energy RMSE (per atom):    3.2 meV | training energy MAE (per atom):    2.0 meV | training forces RMSE:   73.6 meV/A | training forces MAE:  46.18 meV/A | validation loss: 9.324e-03 | validation energy RMSE (per atom):   14.4 meV | validation energy MAE (per atom):    3.0 meV | validation forces RMSE:  102.7 meV/A | validation forces MAE:  51.06 meV/A
[2025-10-14 03:39:50][INFO] - Epoch: 1513 | learning rate: 7.813e-07 | training loss: 5.988e-02 | training energy RMSE (per atom):    3.2 meV | training energy MAE (per atom):    1.9 meV | training forces RMSE:   73.6 meV/A | training forces MAE:  46.11 meV/A | validation loss: 9.366e-03 | validation energy RMSE (per atom):   14.6 meV | validation energy MAE (per atom):    2.9 meV | validation forces RMSE:  102.5 meV/A | validation forces MAE:  50.83 meV/A
[2025-10-14 03:40:27][INFO] - Epoch: 1514 | learning rate: 7.813e-07 | training loss: 5.992e-02 | training energy RMSE (per atom):    3.2 meV | training energy MAE (per atom):    1.9 meV | training forces RMSE:   73.6 meV/A | training forces MAE:  46.11 meV/A | validation loss: 9.343e-03 | validation energy RMSE (per atom):   14.5 meV | validation energy MAE (per atom):    4.3 meV | validation forces RMSE:  102.7 meV/A | validation forces MAE:  51.11 meV/A
[2025-10-14 03:41:04][INFO] - Epoch: 1515 | learning rate: 7.813e-07 | training loss: 5.932e-02 | training energy RMSE (per atom):    3.3 meV | training energy MAE (per atom):    2.0 meV | training forces RMSE:   73.5 meV/A | training forces MAE:  46.11 meV/A | validation loss: 9.333e-03 | validation energy RMSE (per atom):   14.5 meV | validation energy MAE (per atom):    2.8 meV | validation forces RMSE:  102.7 meV/A | validation forces MAE:  51.01 meV/A
[2025-10-14 03:41:42][INFO] - Epoch: 1516 | learning rate: 7.813e-07 | training loss: 6.039e-02 | training energy RMSE (per atom):    3.2 meV | training energy MAE (per atom):    1.9 meV | training forces RMSE:   73.7 meV/A | training forces MAE:  46.19 meV/A | validation loss: 9.321e-03 | validation energy RMSE (per atom):   14.4 meV | validation energy MAE (per atom):    2.9 meV | validation forces RMSE:  102.9 meV/A | validation forces MAE:  50.88 meV/A
[2025-10-14 03:42:21][INFO] - Epoch: 1517 | learning rate: 7.813e-07 | training loss: 5.952e-02 | training energy RMSE (per atom):    3.2 meV | training energy MAE (per atom):    1.9 meV | training forces RMSE:   73.6 meV/A | training forces MAE:  46.15 meV/A | validation loss: 9.304e-03 | validation energy RMSE (per atom):   14.4 meV | validation energy MAE (per atom):    2.8 meV | validation forces RMSE:  102.8 meV/A | validation forces MAE:  51.07 meV/A
[2025-10-14 03:42:59][INFO] - Epoch: 1518 | learning rate: 7.813e-07 | training loss: 5.897e-02 | training energy RMSE (per atom):    3.2 meV | training energy MAE (per atom):    1.9 meV | training forces RMSE:   73.5 meV/A | training forces MAE:  46.09 meV/A | validation loss: 9.418e-03 | validation energy RMSE (per atom):   14.6 meV | validation energy MAE (per atom):    2.9 meV | validation forces RMSE:  102.8 meV/A | validation forces MAE:  50.92 meV/A
[2025-10-14 03:43:37][INFO] - Epoch: 1519 | learning rate: 7.813e-07 | training loss: 5.878e-02 | training energy RMSE (per atom):    3.2 meV | training energy MAE (per atom):    1.9 meV | training forces RMSE:   73.5 meV/A | training forces MAE:  46.09 meV/A | validation loss: 9.422e-03 | validation energy RMSE (per atom):   14.6 meV | validation energy MAE (per atom):    3.1 meV | validation forces RMSE:  103.2 meV/A | validation forces MAE:  51.06 meV/A
[2025-10-14 03:44:15][INFO] - Epoch: 1520 | learning rate: 7.813e-07 | training loss: 5.984e-02 | training energy RMSE (per atom):    3.2 meV | training energy MAE (per atom):    2.0 meV | training forces RMSE:   73.7 meV/A | training forces MAE:  46.16 meV/A | validation loss: 9.442e-03 | validation energy RMSE (per atom):   14.7 meV | validation energy MAE (per atom):    3.4 meV | validation forces RMSE:  102.6 meV/A | validation forces MAE:  50.81 meV/A
[2025-10-14 03:44:52][INFO] - Epoch: 1521 | learning rate: 7.813e-07 | training loss: 5.976e-02 | training energy RMSE (per atom):    3.2 meV | training energy MAE (per atom):    1.9 meV | training forces RMSE:   73.4 meV/A | training forces MAE:  46.04 meV/A | validation loss: 9.340e-03 | validation energy RMSE (per atom):   14.5 meV | validation energy MAE (per atom):    2.8 meV | validation forces RMSE:  102.7 meV/A | validation forces MAE:  50.86 meV/A
[2025-10-14 03:45:30][INFO] - Epoch: 1522 | learning rate: 7.813e-07 | training loss: 5.981e-02 | training energy RMSE (per atom):    3.3 meV | training energy MAE (per atom):    2.0 meV | training forces RMSE:   73.6 meV/A | training forces MAE:  46.15 meV/A | validation loss: 9.401e-03 | validation energy RMSE (per atom):   14.6 meV | validation energy MAE (per atom):    3.2 meV | validation forces RMSE:  102.7 meV/A | validation forces MAE:  50.81 meV/A
[2025-10-14 03:46:08][INFO] - Epoch: 1523 | learning rate: 7.813e-07 | training loss: 5.977e-02 | training energy RMSE (per atom):    3.4 meV | training energy MAE (per atom):    2.2 meV | training forces RMSE:   73.7 meV/A | training forces MAE:  46.19 meV/A | validation loss: 9.262e-03 | validation energy RMSE (per atom):   14.4 meV | validation energy MAE (per atom):    3.6 meV | validation forces RMSE:  102.4 meV/A | validation forces MAE:  50.76 meV/A
[2025-10-14 03:46:45][INFO] - Epoch: 1524 | learning rate: 7.813e-07 | training loss: 5.935e-02 | training energy RMSE (per atom):    3.2 meV | training energy MAE (per atom):    1.9 meV | training forces RMSE:   73.5 meV/A | training forces MAE:  46.12 meV/A | validation loss: 9.319e-03 | validation energy RMSE (per atom):   14.4 meV | validation energy MAE (per atom):    2.7 meV | validation forces RMSE:  102.8 meV/A | validation forces MAE:  50.87 meV/A
[2025-10-14 03:47:23][INFO] - Epoch: 1525 | learning rate: 7.813e-07 | training loss: 5.955e-02 | training energy RMSE (per atom):    3.2 meV | training energy MAE (per atom):    1.9 meV | training forces RMSE:   73.5 meV/A | training forces MAE:  46.08 meV/A | validation loss: 9.322e-03 | validation energy RMSE (per atom):   14.5 meV | validation energy MAE (per atom):    3.3 meV | validation forces RMSE:  102.6 meV/A | validation forces MAE:  50.97 meV/A
[2025-10-14 03:48:01][INFO] - Epoch: 1526 | learning rate: 7.813e-07 | training loss: 5.950e-02 | training energy RMSE (per atom):    3.2 meV | training energy MAE (per atom):    2.0 meV | training forces RMSE:   73.6 meV/A | training forces MAE:  46.07 meV/A | validation loss: 9.297e-03 | validation energy RMSE (per atom):   14.4 meV | validation energy MAE (per atom):    2.8 meV | validation forces RMSE:  102.8 meV/A | validation forces MAE:  50.89 meV/A
[2025-10-14 03:48:39][INFO] - Epoch: 1527 | learning rate: 7.813e-07 | training loss: 5.955e-02 | training energy RMSE (per atom):    3.3 meV | training energy MAE (per atom):    2.0 meV | training forces RMSE:   73.7 meV/A | training forces MAE:  46.16 meV/A | validation loss: 9.325e-03 | validation energy RMSE (per atom):   14.4 meV | validation energy MAE (per atom):    2.8 meV | validation forces RMSE:  102.8 meV/A | validation forces MAE:  50.94 meV/A
[2025-10-14 03:49:17][INFO] - Epoch: 1528 | learning rate: 7.813e-07 | training loss: 5.906e-02 | training energy RMSE (per atom):    3.2 meV | training energy MAE (per atom):    1.9 meV | training forces RMSE:   73.5 meV/A | training forces MAE:  46.12 meV/A | validation loss: 9.350e-03 | validation energy RMSE (per atom):   14.5 meV | validation energy MAE (per atom):    3.1 meV | validation forces RMSE:  102.8 meV/A | validation forces MAE:  51.08 meV/A
[2025-10-14 03:49:54][INFO] - Epoch: 1529 | learning rate: 7.813e-07 | training loss: 5.969e-02 | training energy RMSE (per atom):    3.3 meV | training energy MAE (per atom):    2.0 meV | training forces RMSE:   73.5 meV/A | training forces MAE:  46.15 meV/A | validation loss: 9.361e-03 | validation energy RMSE (per atom):   14.5 meV | validation energy MAE (per atom):    2.8 meV | validation forces RMSE:  102.6 meV/A | validation forces MAE:  51.02 meV/A
[2025-10-14 03:50:32][INFO] - Epoch: 1530 | learning rate: 7.813e-07 | training loss: 6.021e-02 | training energy RMSE (per atom):    3.2 meV | training energy MAE (per atom):    2.0 meV | training forces RMSE:   73.8 meV/A | training forces MAE:  46.22 meV/A | validation loss: 9.333e-03 | validation energy RMSE (per atom):   14.5 meV | validation energy MAE (per atom):    2.8 meV | validation forces RMSE:  102.7 meV/A | validation forces MAE:  50.79 meV/A
[2025-10-14 03:51:10][INFO] - Epoch: 1531 | learning rate: 7.813e-07 | training loss: 5.970e-02 | training energy RMSE (per atom):    3.2 meV | training energy MAE (per atom):    2.0 meV | training forces RMSE:   73.5 meV/A | training forces MAE:  46.12 meV/A | validation loss: 9.284e-03 | validation energy RMSE (per atom):   14.4 meV | validation energy MAE (per atom):    3.3 meV | validation forces RMSE:  102.7 meV/A | validation forces MAE:  50.96 meV/A
[2025-10-14 03:51:48][INFO] - Epoch: 1532 | learning rate: 7.813e-07 | training loss: 6.019e-02 | training energy RMSE (per atom):    3.2 meV | training energy MAE (per atom):    1.9 meV | training forces RMSE:   73.6 meV/A | training forces MAE:  46.18 meV/A | validation loss: 9.401e-03 | validation energy RMSE (per atom):   14.6 meV | validation energy MAE (per atom):    2.8 meV | validation forces RMSE:  102.8 meV/A | validation forces MAE:  51.10 meV/A
[2025-10-14 03:52:26][INFO] - Epoch: 1533 | learning rate: 7.813e-07 | training loss: 5.958e-02 | training energy RMSE (per atom):    3.2 meV | training energy MAE (per atom):    1.9 meV | training forces RMSE:   73.6 meV/A | training forces MAE:  46.15 meV/A | validation loss: 9.283e-03 | validation energy RMSE (per atom):   14.5 meV | validation energy MAE (per atom):    3.4 meV | validation forces RMSE:  102.3 meV/A | validation forces MAE:  50.86 meV/A
[2025-10-14 03:53:03][INFO] - Epoch: 1534 | learning rate: 7.813e-07 | training loss: 5.968e-02 | training energy RMSE (per atom):    3.2 meV | training energy MAE (per atom):    2.0 meV | training forces RMSE:   73.6 meV/A | training forces MAE:  46.13 meV/A | validation loss: 9.344e-03 | validation energy RMSE (per atom):   14.5 meV | validation energy MAE (per atom):    2.8 meV | validation forces RMSE:  102.6 meV/A | validation forces MAE:  50.93 meV/A
[2025-10-14 03:53:40][INFO] - Epoch: 1535 | learning rate: 7.813e-07 | training loss: 6.006e-02 | training energy RMSE (per atom):    3.3 meV | training energy MAE (per atom):    2.0 meV | training forces RMSE:   73.6 meV/A | training forces MAE:  46.17 meV/A | validation loss: 9.460e-03 | validation energy RMSE (per atom):   14.7 meV | validation energy MAE (per atom):    3.1 meV | validation forces RMSE:  102.7 meV/A | validation forces MAE:  50.96 meV/A
[2025-10-14 03:54:19][INFO] - Epoch: 1536 | learning rate: 7.813e-07 | training loss: 5.932e-02 | training energy RMSE (per atom):    3.2 meV | training energy MAE (per atom):    1.9 meV | training forces RMSE:   73.6 meV/A | training forces MAE:  46.13 meV/A | validation loss: 9.444e-03 | validation energy RMSE (per atom):   14.8 meV | validation energy MAE (per atom):    3.9 meV | validation forces RMSE:  102.4 meV/A | validation forces MAE:  50.92 meV/A
[2025-10-14 03:54:57][INFO] - Epoch: 1537 | learning rate: 7.813e-07 | training loss: 5.923e-02 | training energy RMSE (per atom):    3.2 meV | training energy MAE (per atom):    2.0 meV | training forces RMSE:   73.6 meV/A | training forces MAE:  46.15 meV/A | validation loss: 9.302e-03 | validation energy RMSE (per atom):   14.4 meV | validation energy MAE (per atom):    2.8 meV | validation forces RMSE:  102.5 meV/A | validation forces MAE:  50.84 meV/A
[2025-10-14 03:55:34][INFO] - Epoch: 1538 | learning rate: 7.813e-07 | training loss: 5.948e-02 | training energy RMSE (per atom):    3.2 meV | training energy MAE (per atom):    1.9 meV | training forces RMSE:   73.7 meV/A | training forces MAE:  46.16 meV/A | validation loss: 9.358e-03 | validation energy RMSE (per atom):   14.5 meV | validation energy MAE (per atom):    2.8 meV | validation forces RMSE:  102.7 meV/A | validation forces MAE:  50.83 meV/A
[2025-10-14 03:56:13][INFO] - Epoch: 1539 | learning rate: 7.813e-07 | training loss: 5.971e-02 | training energy RMSE (per atom):    3.2 meV | training energy MAE (per atom):    2.0 meV | training forces RMSE:   73.6 meV/A | training forces MAE:  46.15 meV/A | validation loss: 9.345e-03 | validation energy RMSE (per atom):   14.5 meV | validation energy MAE (per atom):    2.7 meV | validation forces RMSE:  102.6 meV/A | validation forces MAE:  50.86 meV/A
[2025-10-14 03:56:50][INFO] - Epoch: 1540 | learning rate: 7.813e-07 | training loss: 5.890e-02 | training energy RMSE (per atom):    3.2 meV | training energy MAE (per atom):    1.9 meV | training forces RMSE:   73.5 meV/A | training forces MAE:  46.04 meV/A | validation loss: 9.270e-03 | validation energy RMSE (per atom):   14.4 meV | validation energy MAE (per atom):    2.8 meV | validation forces RMSE:  102.7 meV/A | validation forces MAE:  51.00 meV/A
[2025-10-14 03:57:28][INFO] - Epoch: 1541 | learning rate: 7.813e-07 | training loss: 5.983e-02 | training energy RMSE (per atom):    3.2 meV | training energy MAE (per atom):    1.9 meV | training forces RMSE:   73.5 meV/A | training forces MAE:  46.09 meV/A | validation loss: 9.406e-03 | validation energy RMSE (per atom):   14.6 meV | validation energy MAE (per atom):    2.9 meV | validation forces RMSE:  102.8 meV/A | validation forces MAE:  51.16 meV/A
[2025-10-14 03:58:06][INFO] - Epoch: 1542 | learning rate: 7.813e-07 | training loss: 5.939e-02 | training energy RMSE (per atom):    3.2 meV | training energy MAE (per atom):    2.0 meV | training forces RMSE:   73.5 meV/A | training forces MAE:  46.08 meV/A | validation loss: 9.380e-03 | validation energy RMSE (per atom):   14.6 meV | validation energy MAE (per atom):    3.1 meV | validation forces RMSE:  102.7 meV/A | validation forces MAE:  50.89 meV/A
[2025-10-14 03:58:43][INFO] - Epoch: 1543 | learning rate: 7.813e-07 | training loss: 5.943e-02 | training energy RMSE (per atom):    3.3 meV | training energy MAE (per atom):    2.0 meV | training forces RMSE:   73.5 meV/A | training forces MAE:  46.15 meV/A | validation loss: 9.335e-03 | validation energy RMSE (per atom):   14.5 meV | validation energy MAE (per atom):    2.8 meV | validation forces RMSE:  102.5 meV/A | validation forces MAE:  50.98 meV/A
[2025-10-14 03:59:21][INFO] - Epoch: 1544 | learning rate: 7.813e-07 | training loss: 6.013e-02 | training energy RMSE (per atom):    3.2 meV | training energy MAE (per atom):    1.9 meV | training forces RMSE:   73.5 meV/A | training forces MAE:  46.12 meV/A | validation loss: 9.392e-03 | validation energy RMSE (per atom):   14.6 meV | validation energy MAE (per atom):    3.1 meV | validation forces RMSE:  102.6 meV/A | validation forces MAE:  50.84 meV/A
[2025-10-14 03:59:59][INFO] - Epoch: 1545 | learning rate: 7.813e-07 | training loss: 5.905e-02 | training energy RMSE (per atom):    3.2 meV | training energy MAE (per atom):    2.0 meV | training forces RMSE:   73.1 meV/A | training forces MAE:  46.06 meV/A | validation loss: 9.325e-03 | validation energy RMSE (per atom):   14.5 meV | validation energy MAE (per atom):    2.8 meV | validation forces RMSE:  102.6 meV/A | validation forces MAE:  50.91 meV/A
[2025-10-14 04:00:36][INFO] - Epoch: 1546 | learning rate: 7.813e-07 | training loss: 5.980e-02 | training energy RMSE (per atom):    3.2 meV | training energy MAE (per atom):    1.9 meV | training forces RMSE:   73.5 meV/A | training forces MAE:  46.10 meV/A | validation loss: 9.306e-03 | validation energy RMSE (per atom):   14.4 meV | validation energy MAE (per atom):    2.8 meV | validation forces RMSE:  102.6 meV/A | validation forces MAE:  50.92 meV/A
[2025-10-14 04:01:15][INFO] - Epoch: 1547 | learning rate: 7.813e-07 | training loss: 5.917e-02 | training energy RMSE (per atom):    3.2 meV | training energy MAE (per atom):    1.9 meV | training forces RMSE:   73.5 meV/A | training forces MAE:  46.10 meV/A | validation loss: 9.296e-03 | validation energy RMSE (per atom):   14.4 meV | validation energy MAE (per atom):    2.9 meV | validation forces RMSE:  102.7 meV/A | validation forces MAE:  51.01 meV/A
[2025-10-14 04:01:52][INFO] - Epoch: 1548 | learning rate: 7.813e-07 | training loss: 6.002e-02 | training energy RMSE (per atom):    3.2 meV | training energy MAE (per atom):    2.0 meV | training forces RMSE:   73.5 meV/A | training forces MAE:  46.11 meV/A | validation loss: 9.270e-03 | validation energy RMSE (per atom):   14.4 meV | validation energy MAE (per atom):    3.0 meV | validation forces RMSE:  102.8 meV/A | validation forces MAE:  50.99 meV/A
[2025-10-14 04:02:29][INFO] - Epoch: 1549 | learning rate: 7.813e-07 | training loss: 5.931e-02 | training energy RMSE (per atom):    3.2 meV | training energy MAE (per atom):    1.9 meV | training forces RMSE:   73.5 meV/A | training forces MAE:  46.08 meV/A | validation loss: 9.386e-03 | validation energy RMSE (per atom):   14.5 meV | validation energy MAE (per atom):    2.9 meV | validation forces RMSE:  102.8 meV/A | validation forces MAE:  50.90 meV/A
[2025-10-14 04:03:08][INFO] - Epoch: 1550 | learning rate: 7.813e-07 | training loss: 5.976e-02 | training energy RMSE (per atom):    3.3 meV | training energy MAE (per atom):    2.0 meV | training forces RMSE:   73.6 meV/A | training forces MAE:  46.10 meV/A | validation loss: 9.261e-03 | validation energy RMSE (per atom):   14.4 meV | validation energy MAE (per atom):    3.5 meV | validation forces RMSE:  102.5 meV/A | validation forces MAE:  50.99 meV/A
[2025-10-14 04:03:45][INFO] - Epoch: 1551 | learning rate: 7.813e-07 | training loss: 5.916e-02 | training energy RMSE (per atom):    3.2 meV | training energy MAE (per atom):    1.9 meV | training forces RMSE:   73.4 meV/A | training forces MAE:  46.08 meV/A | validation loss: 9.324e-03 | validation energy RMSE (per atom):   14.4 meV | validation energy MAE (per atom):    3.0 meV | validation forces RMSE:  103.0 meV/A | validation forces MAE:  51.49 meV/A
[2025-10-14 04:04:24][INFO] - Epoch: 1552 | learning rate: 7.813e-07 | training loss: 6.007e-02 | training energy RMSE (per atom):    3.2 meV | training energy MAE (per atom):    2.0 meV | training forces RMSE:   73.6 meV/A | training forces MAE:  46.16 meV/A | validation loss: 9.359e-03 | validation energy RMSE (per atom):   14.5 meV | validation energy MAE (per atom):    3.4 meV | validation forces RMSE:  102.8 meV/A | validation forces MAE:  51.01 meV/A
[2025-10-14 04:05:02][INFO] - Epoch: 1553 | learning rate: 7.813e-07 | training loss: 5.969e-02 | training energy RMSE (per atom):    3.3 meV | training energy MAE (per atom):    2.0 meV | training forces RMSE:   73.5 meV/A | training forces MAE:  46.10 meV/A | validation loss: 9.366e-03 | validation energy RMSE (per atom):   14.5 meV | validation energy MAE (per atom):    3.9 meV | validation forces RMSE:  103.0 meV/A | validation forces MAE:  50.93 meV/A
[2025-10-14 04:05:39][INFO] - Epoch: 1554 | learning rate: 7.813e-07 | training loss: 5.956e-02 | training energy RMSE (per atom):    3.2 meV | training energy MAE (per atom):    2.0 meV | training forces RMSE:   73.5 meV/A | training forces MAE:  46.11 meV/A | validation loss: 9.354e-03 | validation energy RMSE (per atom):   14.5 meV | validation energy MAE (per atom):    3.2 meV | validation forces RMSE:  102.7 meV/A | validation forces MAE:  51.01 meV/A
[2025-10-14 04:06:17][INFO] - Epoch: 1555 | learning rate: 7.813e-07 | training loss: 5.996e-02 | training energy RMSE (per atom):    3.2 meV | training energy MAE (per atom):    2.0 meV | training forces RMSE:   73.6 meV/A | training forces MAE:  46.10 meV/A | validation loss: 9.350e-03 | validation energy RMSE (per atom):   14.5 meV | validation energy MAE (per atom):    3.1 meV | validation forces RMSE:  102.6 meV/A | validation forces MAE:  50.96 meV/A
[2025-10-14 04:06:55][INFO] - Epoch: 1556 | learning rate: 7.813e-07 | training loss: 5.916e-02 | training energy RMSE (per atom):    3.2 meV | training energy MAE (per atom):    2.0 meV | training forces RMSE:   73.4 meV/A | training forces MAE:  46.05 meV/A | validation loss: 9.372e-03 | validation energy RMSE (per atom):   14.5 meV | validation energy MAE (per atom):    2.9 meV | validation forces RMSE:  102.9 meV/A | validation forces MAE:  51.03 meV/A
[2025-10-14 04:07:32][INFO] - Epoch: 1557 | learning rate: 7.813e-07 | training loss: 5.901e-02 | training energy RMSE (per atom):    3.2 meV | training energy MAE (per atom):    1.9 meV | training forces RMSE:   73.5 meV/A | training forces MAE:  46.11 meV/A | validation loss: 9.410e-03 | validation energy RMSE (per atom):   14.5 meV | validation energy MAE (per atom):    2.8 meV | validation forces RMSE:  103.4 meV/A | validation forces MAE:  51.39 meV/A
[2025-10-14 04:08:10][INFO] - Epoch: 1558 | learning rate: 7.813e-07 | training loss: 5.915e-02 | training energy RMSE (per atom):    3.3 meV | training energy MAE (per atom):    2.0 meV | training forces RMSE:   73.5 meV/A | training forces MAE:  46.10 meV/A | validation loss: 9.336e-03 | validation energy RMSE (per atom):   14.5 meV | validation energy MAE (per atom):    2.7 meV | validation forces RMSE:  102.6 meV/A | validation forces MAE:  50.83 meV/A
[2025-10-14 04:08:48][INFO] - Epoch: 1559 | learning rate: 7.813e-07 | training loss: 5.978e-02 | training energy RMSE (per atom):    3.3 meV | training energy MAE (per atom):    2.0 meV | training forces RMSE:   73.5 meV/A | training forces MAE:  46.08 meV/A | validation loss: 9.351e-03 | validation energy RMSE (per atom):   14.5 meV | validation energy MAE (per atom):    3.0 meV | validation forces RMSE:  102.6 meV/A | validation forces MAE:  50.94 meV/A
[2025-10-14 04:09:26][INFO] - Epoch: 1560 | learning rate: 7.813e-07 | training loss: 5.980e-02 | training energy RMSE (per atom):    3.2 meV | training energy MAE (per atom):    2.0 meV | training forces RMSE:   73.5 meV/A | training forces MAE:  46.10 meV/A | validation loss: 9.326e-03 | validation energy RMSE (per atom):   14.5 meV | validation energy MAE (per atom):    3.0 meV | validation forces RMSE:  102.8 meV/A | validation forces MAE:  50.86 meV/A
[2025-10-14 04:10:04][INFO] - Epoch: 1561 | learning rate: 7.813e-07 | training loss: 5.923e-02 | training energy RMSE (per atom):    3.2 meV | training energy MAE (per atom):    1.9 meV | training forces RMSE:   73.4 meV/A | training forces MAE:  46.03 meV/A | validation loss: 9.425e-03 | validation energy RMSE (per atom):   14.6 meV | validation energy MAE (per atom):    3.1 meV | validation forces RMSE:  102.7 meV/A | validation forces MAE:  50.87 meV/A
[2025-10-14 04:10:42][INFO] - Epoch: 1562 | learning rate: 7.813e-07 | training loss: 5.916e-02 | training energy RMSE (per atom):    3.1 meV | training energy MAE (per atom):    1.8 meV | training forces RMSE:   73.4 meV/A | training forces MAE:  46.02 meV/A | validation loss: 9.334e-03 | validation energy RMSE (per atom):   14.5 meV | validation energy MAE (per atom):    3.1 meV | validation forces RMSE:  103.0 meV/A | validation forces MAE:  50.95 meV/A
[2025-10-14 04:11:20][INFO] - Epoch: 1563 | learning rate: 7.813e-07 | training loss: 6.032e-02 | training energy RMSE (per atom):    3.2 meV | training energy MAE (per atom):    1.9 meV | training forces RMSE:   73.5 meV/A | training forces MAE:  46.12 meV/A | validation loss: 9.340e-03 | validation energy RMSE (per atom):   14.5 meV | validation energy MAE (per atom):    2.9 meV | validation forces RMSE:  102.7 meV/A | validation forces MAE:  51.08 meV/A
[2025-10-14 04:11:58][INFO] - Epoch: 1564 | learning rate: 7.813e-07 | training loss: 5.974e-02 | training energy RMSE (per atom):    3.2 meV | training energy MAE (per atom):    1.9 meV | training forces RMSE:   73.5 meV/A | training forces MAE:  46.11 meV/A | validation loss: 9.361e-03 | validation energy RMSE (per atom):   14.5 meV | validation energy MAE (per atom):    2.8 meV | validation forces RMSE:  102.7 meV/A | validation forces MAE:  50.96 meV/A
[2025-10-14 04:12:36][INFO] - Epoch: 1565 | learning rate: 7.813e-07 | training loss: 5.973e-02 | training energy RMSE (per atom):    3.2 meV | training energy MAE (per atom):    1.9 meV | training forces RMSE:   73.6 meV/A | training forces MAE:  46.10 meV/A | validation loss: 9.362e-03 | validation energy RMSE (per atom):   14.5 meV | validation energy MAE (per atom):    2.9 meV | validation forces RMSE:  102.9 meV/A | validation forces MAE:  51.05 meV/A
[2025-10-14 04:13:13][INFO] - Epoch: 1566 | learning rate: 7.813e-07 | training loss: 5.912e-02 | training energy RMSE (per atom):    3.3 meV | training energy MAE (per atom):    2.0 meV | training forces RMSE:   73.5 meV/A | training forces MAE:  46.05 meV/A | validation loss: 9.357e-03 | validation energy RMSE (per atom):   14.5 meV | validation energy MAE (per atom):    2.8 meV | validation forces RMSE:  102.6 meV/A | validation forces MAE:  50.89 meV/A
[2025-10-14 04:13:51][INFO] - Epoch: 1567 | learning rate: 7.813e-07 | training loss: 5.949e-02 | training energy RMSE (per atom):    3.2 meV | training energy MAE (per atom):    1.9 meV | training forces RMSE:   73.5 meV/A | training forces MAE:  46.08 meV/A | validation loss: 9.258e-03 | validation energy RMSE (per atom):   14.4 meV | validation energy MAE (per atom):    3.8 meV | validation forces RMSE:  102.6 meV/A | validation forces MAE:  50.84 meV/A
[2025-10-14 04:14:29][INFO] - Epoch: 1568 | learning rate: 7.813e-07 | training loss: 5.961e-02 | training energy RMSE (per atom):    3.3 meV | training energy MAE (per atom):    2.1 meV | training forces RMSE:   73.4 meV/A | training forces MAE:  46.04 meV/A | validation loss: 9.379e-03 | validation energy RMSE (per atom):   14.6 meV | validation energy MAE (per atom):    3.0 meV | validation forces RMSE:  102.5 meV/A | validation forces MAE:  50.98 meV/A
[2025-10-14 04:15:08][INFO] - Epoch: 1569 | learning rate: 7.813e-07 | training loss: 5.970e-02 | training energy RMSE (per atom):    3.3 meV | training energy MAE (per atom):    2.0 meV | training forces RMSE:   73.5 meV/A | training forces MAE:  46.11 meV/A | validation loss: 9.356e-03 | validation energy RMSE (per atom):   14.5 meV | validation energy MAE (per atom):    3.0 meV | validation forces RMSE:  103.0 meV/A | validation forces MAE:  51.08 meV/A
[2025-10-14 04:15:46][INFO] - Epoch: 1570 | learning rate: 7.813e-07 | training loss: 6.003e-02 | training energy RMSE (per atom):    3.3 meV | training energy MAE (per atom):    2.0 meV | training forces RMSE:   73.5 meV/A | training forces MAE:  46.10 meV/A | validation loss: 9.375e-03 | validation energy RMSE (per atom):   14.5 meV | validation energy MAE (per atom):    2.9 meV | validation forces RMSE:  102.9 meV/A | validation forces MAE:  50.92 meV/A
[2025-10-14 04:16:23][INFO] - Epoch: 1571 | learning rate: 7.813e-07 | training loss: 5.965e-02 | training energy RMSE (per atom):    3.2 meV | training energy MAE (per atom):    2.0 meV | training forces RMSE:   73.4 meV/A | training forces MAE:  46.06 meV/A | validation loss: 9.349e-03 | validation energy RMSE (per atom):   14.5 meV | validation energy MAE (per atom):    2.8 meV | validation forces RMSE:  102.6 meV/A | validation forces MAE:  50.83 meV/A
[2025-10-14 04:17:02][INFO] - Epoch: 1572 | learning rate: 7.813e-07 | training loss: 5.977e-02 | training energy RMSE (per atom):    3.2 meV | training energy MAE (per atom):    1.9 meV | training forces RMSE:   73.4 meV/A | training forces MAE:  46.05 meV/A | validation loss: 9.375e-03 | validation energy RMSE (per atom):   14.5 meV | validation energy MAE (per atom):    2.8 meV | validation forces RMSE:  102.7 meV/A | validation forces MAE:  50.87 meV/A
[2025-10-14 04:17:39][INFO] - Epoch: 1573 | learning rate: 7.813e-07 | training loss: 5.883e-02 | training energy RMSE (per atom):    3.1 meV | training energy MAE (per atom):    1.9 meV | training forces RMSE:   73.3 meV/A | training forces MAE:  46.02 meV/A | validation loss: 9.316e-03 | validation energy RMSE (per atom):   14.5 meV | validation energy MAE (per atom):    2.7 meV | validation forces RMSE:  102.5 meV/A | validation forces MAE:  50.89 meV/A
[2025-10-14 04:18:17][INFO] - Epoch: 1574 | learning rate: 7.813e-07 | training loss: 5.983e-02 | training energy RMSE (per atom):    3.3 meV | training energy MAE (per atom):    2.0 meV | training forces RMSE:   73.5 meV/A | training forces MAE:  46.12 meV/A | validation loss: 9.260e-03 | validation energy RMSE (per atom):   14.4 meV | validation energy MAE (per atom):    2.8 meV | validation forces RMSE:  102.6 meV/A | validation forces MAE:  51.01 meV/A
[2025-10-14 04:18:55][INFO] - Epoch: 1575 | learning rate: 7.813e-07 | training loss: 5.934e-02 | training energy RMSE (per atom):    3.1 meV | training energy MAE (per atom):    1.9 meV | training forces RMSE:   73.4 meV/A | training forces MAE:  46.08 meV/A | validation loss: 9.382e-03 | validation energy RMSE (per atom):   14.6 meV | validation energy MAE (per atom):    2.9 meV | validation forces RMSE:  102.7 meV/A | validation forces MAE:  50.90 meV/A
[2025-10-14 04:19:33][INFO] - Epoch: 1576 | learning rate: 7.813e-07 | training loss: 5.955e-02 | training energy RMSE (per atom):    3.2 meV | training energy MAE (per atom):    2.0 meV | training forces RMSE:   73.5 meV/A | training forces MAE:  46.04 meV/A | validation loss: 9.354e-03 | validation energy RMSE (per atom):   14.5 meV | validation energy MAE (per atom):    3.9 meV | validation forces RMSE:  102.8 meV/A | validation forces MAE:  50.90 meV/A
[2025-10-14 04:20:11][INFO] - Epoch: 1577 | learning rate: 7.813e-07 | training loss: 5.966e-02 | training energy RMSE (per atom):    3.2 meV | training energy MAE (per atom):    2.0 meV | training forces RMSE:   73.4 meV/A | training forces MAE:  46.08 meV/A | validation loss: 9.378e-03 | validation energy RMSE (per atom):   14.5 meV | validation energy MAE (per atom):    2.9 meV | validation forces RMSE:  102.7 meV/A | validation forces MAE:  51.01 meV/A
[2025-10-14 04:20:48][INFO] - Epoch: 1578 | learning rate: 7.813e-07 | training loss: 6.012e-02 | training energy RMSE (per atom):    3.3 meV | training energy MAE (per atom):    2.0 meV | training forces RMSE:   73.6 meV/A | training forces MAE:  46.14 meV/A | validation loss: 9.378e-03 | validation energy RMSE (per atom):   14.5 meV | validation energy MAE (per atom):    2.9 meV | validation forces RMSE:  102.8 meV/A | validation forces MAE:  50.99 meV/A
[2025-10-14 04:21:26][INFO] - Epoch: 1579 | learning rate: 7.813e-07 | training loss: 5.981e-02 | training energy RMSE (per atom):    3.2 meV | training energy MAE (per atom):    1.9 meV | training forces RMSE:   73.4 meV/A | training forces MAE:  46.11 meV/A | validation loss: 9.291e-03 | validation energy RMSE (per atom):   14.4 meV | validation energy MAE (per atom):    3.3 meV | validation forces RMSE:  102.5 meV/A | validation forces MAE:  50.84 meV/A
[2025-10-14 04:22:04][INFO] - Epoch: 1580 | learning rate: 7.813e-07 | training loss: 5.957e-02 | training energy RMSE (per atom):    3.2 meV | training energy MAE (per atom):    1.9 meV | training forces RMSE:   73.5 meV/A | training forces MAE:  46.04 meV/A | validation loss: 9.320e-03 | validation energy RMSE (per atom):   14.4 meV | validation energy MAE (per atom):    2.9 meV | validation forces RMSE:  102.7 meV/A | validation forces MAE:  50.94 meV/A
[2025-10-14 04:22:42][INFO] - Epoch: 1581 | learning rate: 7.813e-07 | training loss: 5.902e-02 | training energy RMSE (per atom):    3.2 meV | training energy MAE (per atom):    1.9 meV | training forces RMSE:   73.4 meV/A | training forces MAE:  46.05 meV/A | validation loss: 9.350e-03 | validation energy RMSE (per atom):   14.5 meV | validation energy MAE (per atom):    2.8 meV | validation forces RMSE:  102.7 meV/A | validation forces MAE:  50.84 meV/A
[2025-10-14 04:23:20][INFO] - Epoch: 1582 | learning rate: 7.813e-07 | training loss: 5.949e-02 | training energy RMSE (per atom):    3.2 meV | training energy MAE (per atom):    2.0 meV | training forces RMSE:   73.5 meV/A | training forces MAE:  46.06 meV/A | validation loss: 9.371e-03 | validation energy RMSE (per atom):   14.5 meV | validation energy MAE (per atom):    2.8 meV | validation forces RMSE:  102.9 meV/A | validation forces MAE:  50.91 meV/A
[2025-10-14 04:23:58][INFO] - Epoch: 1583 | learning rate: 7.813e-07 | training loss: 5.921e-02 | training energy RMSE (per atom):    3.2 meV | training energy MAE (per atom):    2.0 meV | training forces RMSE:   73.5 meV/A | training forces MAE:  46.06 meV/A | validation loss: 9.421e-03 | validation energy RMSE (per atom):   14.6 meV | validation energy MAE (per atom):    2.8 meV | validation forces RMSE:  102.8 meV/A | validation forces MAE:  50.93 meV/A
[2025-10-14 04:24:36][INFO] - Epoch: 1584 | learning rate: 7.813e-07 | training loss: 5.907e-02 | training energy RMSE (per atom):    3.2 meV | training energy MAE (per atom):    1.9 meV | training forces RMSE:   73.4 meV/A | training forces MAE:  46.00 meV/A | validation loss: 9.339e-03 | validation energy RMSE (per atom):   14.5 meV | validation energy MAE (per atom):    2.8 meV | validation forces RMSE:  102.7 meV/A | validation forces MAE:  50.83 meV/A
[2025-10-14 04:25:14][INFO] - Epoch: 1585 | learning rate: 7.813e-07 | training loss: 5.967e-02 | training energy RMSE (per atom):    3.2 meV | training energy MAE (per atom):    1.9 meV | training forces RMSE:   73.4 meV/A | training forces MAE:  46.03 meV/A | validation loss: 9.341e-03 | validation energy RMSE (per atom):   14.5 meV | validation energy MAE (per atom):    2.7 meV | validation forces RMSE:  102.6 meV/A | validation forces MAE:  50.81 meV/A
[2025-10-14 04:25:51][INFO] - Epoch: 1586 | learning rate: 7.813e-07 | training loss: 6.019e-02 | training energy RMSE (per atom):    3.2 meV | training energy MAE (per atom):    1.9 meV | training forces RMSE:   73.3 meV/A | training forces MAE:  46.00 meV/A | validation loss: 9.367e-03 | validation energy RMSE (per atom):   14.5 meV | validation energy MAE (per atom):    2.8 meV | validation forces RMSE:  102.8 meV/A | validation forces MAE:  50.94 meV/A
[2025-10-14 04:26:30][INFO] - Epoch: 1587 | learning rate: 7.813e-07 | training loss: 5.932e-02 | training energy RMSE (per atom):    3.2 meV | training energy MAE (per atom):    1.9 meV | training forces RMSE:   73.4 meV/A | training forces MAE:  46.05 meV/A | validation loss: 9.379e-03 | validation energy RMSE (per atom):   14.6 meV | validation energy MAE (per atom):    3.1 meV | validation forces RMSE:  102.7 meV/A | validation forces MAE:  50.94 meV/A
[2025-10-14 04:27:07][INFO] - Epoch: 1588 | learning rate: 7.813e-07 | training loss: 5.917e-02 | training energy RMSE (per atom):    3.2 meV | training energy MAE (per atom):    2.0 meV | training forces RMSE:   73.4 meV/A | training forces MAE:  46.06 meV/A | validation loss: 9.378e-03 | validation energy RMSE (per atom):   14.6 meV | validation energy MAE (per atom):    2.8 meV | validation forces RMSE:  102.6 meV/A | validation forces MAE:  50.84 meV/A
[2025-10-14 04:27:45][INFO] - Epoch: 1589 | learning rate: 7.813e-07 | training loss: 5.965e-02 | training energy RMSE (per atom):    3.2 meV | training energy MAE (per atom):    2.0 meV | training forces RMSE:   73.3 meV/A | training forces MAE:  46.02 meV/A | validation loss: 9.390e-03 | validation energy RMSE (per atom):   14.5 meV | validation energy MAE (per atom):    3.0 meV | validation forces RMSE:  102.8 meV/A | validation forces MAE:  51.05 meV/A
[2025-10-14 04:28:23][INFO] - Epoch: 1590 | learning rate: 7.813e-07 | training loss: 5.998e-02 | training energy RMSE (per atom):    3.3 meV | training energy MAE (per atom):    2.1 meV | training forces RMSE:   73.4 meV/A | training forces MAE:  46.07 meV/A | validation loss: 9.371e-03 | validation energy RMSE (per atom):   14.5 meV | validation energy MAE (per atom):    2.7 meV | validation forces RMSE:  102.8 meV/A | validation forces MAE:  50.93 meV/A
[2025-10-14 04:29:01][INFO] - Epoch: 1591 | learning rate: 7.813e-07 | training loss: 5.969e-02 | training energy RMSE (per atom):    3.2 meV | training energy MAE (per atom):    1.9 meV | training forces RMSE:   73.4 meV/A | training forces MAE:  46.04 meV/A | validation loss: 9.314e-03 | validation energy RMSE (per atom):   14.5 meV | validation energy MAE (per atom):    2.8 meV | validation forces RMSE:  102.5 meV/A | validation forces MAE:  50.93 meV/A
[2025-10-14 04:29:38][INFO] - Epoch: 1592 | learning rate: 7.813e-07 | training loss: 5.953e-02 | training energy RMSE (per atom):    3.3 meV | training energy MAE (per atom):    2.0 meV | training forces RMSE:   73.3 meV/A | training forces MAE:  45.99 meV/A | validation loss: 9.322e-03 | validation energy RMSE (per atom):   14.4 meV | validation energy MAE (per atom):    2.7 meV | validation forces RMSE:  102.9 meV/A | validation forces MAE:  50.76 meV/A
[2025-10-14 04:30:16][INFO] - Epoch: 1593 | learning rate: 7.813e-07 | training loss: 5.940e-02 | training energy RMSE (per atom):    3.1 meV | training energy MAE (per atom):    1.9 meV | training forces RMSE:   73.3 meV/A | training forces MAE:  46.02 meV/A | validation loss: 9.279e-03 | validation energy RMSE (per atom):   14.4 meV | validation energy MAE (per atom):    2.8 meV | validation forces RMSE:  102.6 meV/A | validation forces MAE:  50.93 meV/A
[2025-10-14 04:30:53][INFO] - Epoch: 1594 | learning rate: 7.813e-07 | training loss: 5.987e-02 | training energy RMSE (per atom):    3.2 meV | training energy MAE (per atom):    1.9 meV | training forces RMSE:   73.4 meV/A | training forces MAE:  46.01 meV/A | validation loss: 9.324e-03 | validation energy RMSE (per atom):   14.5 meV | validation energy MAE (per atom):    2.8 meV | validation forces RMSE:  102.7 meV/A | validation forces MAE:  50.80 meV/A
[2025-10-14 04:31:31][INFO] - Epoch: 1595 | learning rate: 7.813e-07 | training loss: 5.911e-02 | training energy RMSE (per atom):    3.1 meV | training energy MAE (per atom):    1.8 meV | training forces RMSE:   73.4 meV/A | training forces MAE:  46.02 meV/A | validation loss: 9.292e-03 | validation energy RMSE (per atom):   14.4 meV | validation energy MAE (per atom):    2.7 meV | validation forces RMSE:  102.5 meV/A | validation forces MAE:  50.79 meV/A
[2025-10-14 04:32:10][INFO] - Epoch: 1596 | learning rate: 7.813e-07 | training loss: 5.967e-02 | training energy RMSE (per atom):    3.3 meV | training energy MAE (per atom):    2.0 meV | training forces RMSE:   73.4 meV/A | training forces MAE:  46.01 meV/A | validation loss: 9.429e-03 | validation energy RMSE (per atom):   14.6 meV | validation energy MAE (per atom):    3.0 meV | validation forces RMSE:  102.9 meV/A | validation forces MAE:  50.93 meV/A
[2025-10-14 04:32:48][INFO] - Epoch: 1597 | learning rate: 7.813e-07 | training loss: 5.922e-02 | training energy RMSE (per atom):    3.2 meV | training energy MAE (per atom):    1.9 meV | training forces RMSE:   73.4 meV/A | training forces MAE:  46.05 meV/A | validation loss: 9.346e-03 | validation energy RMSE (per atom):   14.5 meV | validation energy MAE (per atom):    2.8 meV | validation forces RMSE:  102.7 meV/A | validation forces MAE:  50.85 meV/A
[2025-10-14 04:33:26][INFO] - Epoch: 1598 | learning rate: 7.813e-07 | training loss: 5.859e-02 | training energy RMSE (per atom):    3.2 meV | training energy MAE (per atom):    2.0 meV | training forces RMSE:   73.4 meV/A | training forces MAE:  46.06 meV/A | validation loss: 9.331e-03 | validation energy RMSE (per atom):   14.4 meV | validation energy MAE (per atom):    2.8 meV | validation forces RMSE:  102.9 meV/A | validation forces MAE:  50.98 meV/A
[2025-10-14 04:34:05][INFO] - Epoch: 1599 | learning rate: 7.813e-07 | training loss: 5.878e-02 | training energy RMSE (per atom):    3.2 meV | training energy MAE (per atom):    1.9 meV | training forces RMSE:   73.4 meV/A | training forces MAE:  46.00 meV/A | validation loss: 9.308e-03 | validation energy RMSE (per atom):   14.4 meV | validation energy MAE (per atom):    2.8 meV | validation forces RMSE:  102.8 meV/A | validation forces MAE:  50.90 meV/A
[2025-10-14 04:34:43][INFO] - Epoch: 1600 | learning rate: 7.813e-07 | training loss: 5.984e-02 | training energy RMSE (per atom):    3.3 meV | training energy MAE (per atom):    2.0 meV | training forces RMSE:   73.4 meV/A | training forces MAE:  46.06 meV/A | validation loss: 9.288e-03 | validation energy RMSE (per atom):   14.4 meV | validation energy MAE (per atom):    3.3 meV | validation forces RMSE:  102.7 meV/A | validation forces MAE:  51.06 meV/A
[2025-10-14 04:35:20][INFO] - Epoch: 1601 | learning rate: 7.813e-07 | training loss: 5.901e-02 | training energy RMSE (per atom):    3.2 meV | training energy MAE (per atom):    2.0 meV | training forces RMSE:   73.3 meV/A | training forces MAE:  46.03 meV/A | validation loss: 9.299e-03 | validation energy RMSE (per atom):   14.4 meV | validation energy MAE (per atom):    3.1 meV | validation forces RMSE:  102.7 meV/A | validation forces MAE:  50.84 meV/A
[2025-10-14 04:35:58][INFO] - Epoch: 1602 | learning rate: 7.813e-07 | training loss: 5.936e-02 | training energy RMSE (per atom):    3.2 meV | training energy MAE (per atom):    1.9 meV | training forces RMSE:   73.4 meV/A | training forces MAE:  46.06 meV/A | validation loss: 9.280e-03 | validation energy RMSE (per atom):   14.4 meV | validation energy MAE (per atom):    2.8 meV | validation forces RMSE:  102.6 meV/A | validation forces MAE:  50.81 meV/A
[2025-10-14 04:36:36][INFO] - Epoch: 1603 | learning rate: 7.813e-07 | training loss: 5.938e-02 | training energy RMSE (per atom):    3.2 meV | training energy MAE (per atom):    1.9 meV | training forces RMSE:   73.3 meV/A | training forces MAE:  45.94 meV/A | validation loss: 9.352e-03 | validation energy RMSE (per atom):   14.6 meV | validation energy MAE (per atom):    3.8 meV | validation forces RMSE:  102.7 meV/A | validation forces MAE:  50.90 meV/A
[2025-10-14 04:37:13][INFO] - Epoch: 1604 | learning rate: 7.813e-07 | training loss: 5.934e-02 | training energy RMSE (per atom):    3.3 meV | training energy MAE (per atom):    2.0 meV | training forces RMSE:   73.3 meV/A | training forces MAE:  46.01 meV/A | validation loss: 9.338e-03 | validation energy RMSE (per atom):   14.5 meV | validation energy MAE (per atom):    2.8 meV | validation forces RMSE:  102.7 meV/A | validation forces MAE:  50.87 meV/A
[2025-10-14 04:37:51][INFO] - Epoch: 1605 | learning rate: 7.813e-07 | training loss: 5.957e-02 | training energy RMSE (per atom):    3.2 meV | training energy MAE (per atom):    2.0 meV | training forces RMSE:   73.4 meV/A | training forces MAE:  46.08 meV/A | validation loss: 9.361e-03 | validation energy RMSE (per atom):   14.6 meV | validation energy MAE (per atom):    2.8 meV | validation forces RMSE:  102.4 meV/A | validation forces MAE:  50.76 meV/A
[2025-10-14 04:38:29][INFO] - Epoch: 1606 | learning rate: 7.813e-07 | training loss: 5.957e-02 | training energy RMSE (per atom):    3.2 meV | training energy MAE (per atom):    2.0 meV | training forces RMSE:   73.4 meV/A | training forces MAE:  45.99 meV/A | validation loss: 9.337e-03 | validation energy RMSE (per atom):   14.5 meV | validation energy MAE (per atom):    2.8 meV | validation forces RMSE:  102.7 meV/A | validation forces MAE:  50.92 meV/A
[2025-10-14 04:39:07][INFO] - Epoch: 1607 | learning rate: 7.813e-07 | training loss: 5.936e-02 | training energy RMSE (per atom):    3.2 meV | training energy MAE (per atom):    2.0 meV | training forces RMSE:   73.2 meV/A | training forces MAE:  45.95 meV/A | validation loss: 9.405e-03 | validation energy RMSE (per atom):   14.7 meV | validation energy MAE (per atom):    4.5 meV | validation forces RMSE:  102.9 meV/A | validation forces MAE:  50.99 meV/A
[2025-10-14 04:39:45][INFO] - Epoch: 1608 | learning rate: 7.813e-07 | training loss: 5.929e-02 | training energy RMSE (per atom):    3.3 meV | training energy MAE (per atom):    2.1 meV | training forces RMSE:   73.3 meV/A | training forces MAE:  45.99 meV/A | validation loss: 9.327e-03 | validation energy RMSE (per atom):   14.5 meV | validation energy MAE (per atom):    2.7 meV | validation forces RMSE:  102.6 meV/A | validation forces MAE:  50.84 meV/A
[2025-10-14 04:40:23][INFO] - Epoch: 1609 | learning rate: 7.813e-07 | training loss: 5.883e-02 | training energy RMSE (per atom):    3.2 meV | training energy MAE (per atom):    2.0 meV | training forces RMSE:   73.3 meV/A | training forces MAE:  46.04 meV/A | validation loss: 9.240e-03 | validation energy RMSE (per atom):   14.3 meV | validation energy MAE (per atom):    2.8 meV | validation forces RMSE:  102.5 meV/A | validation forces MAE:  50.79 meV/A
[2025-10-14 04:41:01][INFO] - Epoch: 1610 | learning rate: 7.813e-07 | training loss: 5.925e-02 | training energy RMSE (per atom):    3.2 meV | training energy MAE (per atom):    1.9 meV | training forces RMSE:   73.3 meV/A | training forces MAE:  45.94 meV/A | validation loss: 9.286e-03 | validation energy RMSE (per atom):   14.4 meV | validation energy MAE (per atom):    2.9 meV | validation forces RMSE:  102.6 meV/A | validation forces MAE:  50.76 meV/A
[2025-10-14 04:41:40][INFO] - Epoch: 1611 | learning rate: 7.813e-07 | training loss: 5.952e-02 | training energy RMSE (per atom):    3.2 meV | training energy MAE (per atom):    2.0 meV | training forces RMSE:   73.3 meV/A | training forces MAE:  45.97 meV/A | validation loss: 9.371e-03 | validation energy RMSE (per atom):   14.5 meV | validation energy MAE (per atom):    3.7 meV | validation forces RMSE:  103.0 meV/A | validation forces MAE:  51.08 meV/A
[2025-10-14 04:42:17][INFO] - Epoch: 1612 | learning rate: 7.813e-07 | training loss: 5.946e-02 | training energy RMSE (per atom):    3.2 meV | training energy MAE (per atom):    2.0 meV | training forces RMSE:   73.3 meV/A | training forces MAE:  45.96 meV/A | validation loss: 9.308e-03 | validation energy RMSE (per atom):   14.4 meV | validation energy MAE (per atom):    3.0 meV | validation forces RMSE:  102.9 meV/A | validation forces MAE:  51.03 meV/A
[2025-10-14 04:42:55][INFO] - Epoch: 1613 | learning rate: 7.813e-07 | training loss: 6.006e-02 | training energy RMSE (per atom):    3.2 meV | training energy MAE (per atom):    2.0 meV | training forces RMSE:   73.4 meV/A | training forces MAE:  46.11 meV/A | validation loss: 9.330e-03 | validation energy RMSE (per atom):   14.5 meV | validation energy MAE (per atom):    2.7 meV | validation forces RMSE:  102.6 meV/A | validation forces MAE:  50.78 meV/A
[2025-10-14 04:43:33][INFO] - Epoch: 1614 | learning rate: 7.813e-07 | training loss: 5.924e-02 | training energy RMSE (per atom):    3.2 meV | training energy MAE (per atom):    1.9 meV | training forces RMSE:   73.4 meV/A | training forces MAE:  46.07 meV/A | validation loss: 9.360e-03 | validation energy RMSE (per atom):   14.5 meV | validation energy MAE (per atom):    2.8 meV | validation forces RMSE:  102.8 meV/A | validation forces MAE:  50.83 meV/A
[2025-10-14 04:44:11][INFO] - Epoch: 1615 | learning rate: 7.813e-07 | training loss: 5.909e-02 | training energy RMSE (per atom):    3.2 meV | training energy MAE (per atom):    2.0 meV | training forces RMSE:   73.3 meV/A | training forces MAE:  46.00 meV/A | validation loss: 9.324e-03 | validation energy RMSE (per atom):   14.4 meV | validation energy MAE (per atom):    3.0 meV | validation forces RMSE:  102.9 meV/A | validation forces MAE:  50.94 meV/A
[2025-10-14 04:44:49][INFO] - Epoch: 1616 | learning rate: 7.813e-07 | training loss: 5.909e-02 | training energy RMSE (per atom):    3.1 meV | training energy MAE (per atom):    1.9 meV | training forces RMSE:   73.2 meV/A | training forces MAE:  45.94 meV/A | validation loss: 9.368e-03 | validation energy RMSE (per atom):   14.5 meV | validation energy MAE (per atom):    2.8 meV | validation forces RMSE:  102.7 meV/A | validation forces MAE:  50.93 meV/A
[2025-10-14 04:45:27][INFO] - Epoch: 1617 | learning rate: 7.813e-07 | training loss: 5.925e-02 | training energy RMSE (per atom):    3.2 meV | training energy MAE (per atom):    2.0 meV | training forces RMSE:   73.2 meV/A | training forces MAE:  45.97 meV/A | validation loss: 9.413e-03 | validation energy RMSE (per atom):   14.6 meV | validation energy MAE (per atom):    2.8 meV | validation forces RMSE:  102.8 meV/A | validation forces MAE:  50.94 meV/A
[2025-10-14 04:46:06][INFO] - Epoch: 1618 | learning rate: 7.813e-07 | training loss: 5.974e-02 | training energy RMSE (per atom):    3.2 meV | training energy MAE (per atom):    2.0 meV | training forces RMSE:   73.3 meV/A | training forces MAE:  45.96 meV/A | validation loss: 9.427e-03 | validation energy RMSE (per atom):   14.7 meV | validation energy MAE (per atom):    3.7 meV | validation forces RMSE:  102.7 meV/A | validation forces MAE:  50.78 meV/A
[2025-10-14 04:46:44][INFO] - Epoch: 1619 | learning rate: 7.813e-07 | training loss: 6.005e-02 | training energy RMSE (per atom):    3.2 meV | training energy MAE (per atom):    1.9 meV | training forces RMSE:   73.2 meV/A | training forces MAE:  45.96 meV/A | validation loss: 9.364e-03 | validation energy RMSE (per atom):   14.5 meV | validation energy MAE (per atom):    2.8 meV | validation forces RMSE:  102.5 meV/A | validation forces MAE:  51.00 meV/A
[2025-10-14 04:47:21][INFO] - Epoch: 1620 | learning rate: 7.813e-07 | training loss: 5.903e-02 | training energy RMSE (per atom):    3.2 meV | training energy MAE (per atom):    2.0 meV | training forces RMSE:   73.3 meV/A | training forces MAE:  46.01 meV/A | validation loss: 9.284e-03 | validation energy RMSE (per atom):   14.4 meV | validation energy MAE (per atom):    2.9 meV | validation forces RMSE:  102.6 meV/A | validation forces MAE:  50.91 meV/A
[2025-10-14 04:47:59][INFO] - Epoch: 1621 | learning rate: 7.813e-07 | training loss: 5.896e-02 | training energy RMSE (per atom):    3.2 meV | training energy MAE (per atom):    2.0 meV | training forces RMSE:   73.3 meV/A | training forces MAE:  46.01 meV/A | validation loss: 9.383e-03 | validation energy RMSE (per atom):   14.6 meV | validation energy MAE (per atom):    2.9 meV | validation forces RMSE:  102.6 meV/A | validation forces MAE:  50.93 meV/A
[2025-10-14 04:48:38][INFO] - Epoch: 1622 | learning rate: 7.813e-07 | training loss: 5.879e-02 | training energy RMSE (per atom):    3.2 meV | training energy MAE (per atom):    1.9 meV | training forces RMSE:   73.2 meV/A | training forces MAE:  45.96 meV/A | validation loss: 9.280e-03 | validation energy RMSE (per atom):   14.5 meV | validation energy MAE (per atom):    3.3 meV | validation forces RMSE:  102.2 meV/A | validation forces MAE:  50.76 meV/A
[2025-10-14 04:49:15][INFO] - Epoch: 1623 | learning rate: 7.813e-07 | training loss: 5.912e-02 | training energy RMSE (per atom):    3.3 meV | training energy MAE (per atom):    2.1 meV | training forces RMSE:   73.3 meV/A | training forces MAE:  46.02 meV/A | validation loss: 9.279e-03 | validation energy RMSE (per atom):   14.5 meV | validation energy MAE (per atom):    3.0 meV | validation forces RMSE:  102.2 meV/A | validation forces MAE:  50.79 meV/A
[2025-10-14 04:49:53][INFO] - Epoch: 1624 | learning rate: 7.813e-07 | training loss: 5.920e-02 | training energy RMSE (per atom):    3.2 meV | training energy MAE (per atom):    1.9 meV | training forces RMSE:   73.3 meV/A | training forces MAE:  46.03 meV/A | validation loss: 9.309e-03 | validation energy RMSE (per atom):   14.5 meV | validation energy MAE (per atom):    3.2 meV | validation forces RMSE:  102.5 meV/A | validation forces MAE:  51.14 meV/A
[2025-10-14 04:50:31][INFO] - Epoch: 1625 | learning rate: 7.813e-07 | training loss: 5.930e-02 | training energy RMSE (per atom):    3.2 meV | training energy MAE (per atom):    1.9 meV | training forces RMSE:   73.3 meV/A | training forces MAE:  45.97 meV/A | validation loss: 9.342e-03 | validation energy RMSE (per atom):   14.5 meV | validation energy MAE (per atom):    2.8 meV | validation forces RMSE:  102.6 meV/A | validation forces MAE:  50.94 meV/A
[2025-10-14 04:51:09][INFO] - Epoch: 1626 | learning rate: 7.813e-07 | training loss: 5.963e-02 | training energy RMSE (per atom):    3.2 meV | training energy MAE (per atom):    1.9 meV | training forces RMSE:   73.3 meV/A | training forces MAE:  45.96 meV/A | validation loss: 9.342e-03 | validation energy RMSE (per atom):   14.5 meV | validation energy MAE (per atom):    2.8 meV | validation forces RMSE:  102.5 meV/A | validation forces MAE:  50.84 meV/A
[2025-10-14 04:51:47][INFO] - Epoch: 1627 | learning rate: 7.813e-07 | training loss: 5.954e-02 | training energy RMSE (per atom):    3.3 meV | training energy MAE (per atom):    2.1 meV | training forces RMSE:   73.4 meV/A | training forces MAE:  46.02 meV/A | validation loss: 9.226e-03 | validation energy RMSE (per atom):   14.3 meV | validation energy MAE (per atom):    2.8 meV | validation forces RMSE:  102.4 meV/A | validation forces MAE:  50.83 meV/A
[2025-10-14 04:52:25][INFO] - Epoch: 1628 | learning rate: 7.813e-07 | training loss: 5.966e-02 | training energy RMSE (per atom):    3.2 meV | training energy MAE (per atom):    1.9 meV | training forces RMSE:   73.2 meV/A | training forces MAE:  45.99 meV/A | validation loss: 9.299e-03 | validation energy RMSE (per atom):   14.4 meV | validation energy MAE (per atom):    3.1 meV | validation forces RMSE:  103.0 meV/A | validation forces MAE:  51.10 meV/A
[2025-10-14 04:53:03][INFO] - Epoch: 1629 | learning rate: 7.813e-07 | training loss: 5.910e-02 | training energy RMSE (per atom):    3.2 meV | training energy MAE (per atom):    1.9 meV | training forces RMSE:   73.3 meV/A | training forces MAE:  45.98 meV/A | validation loss: 9.272e-03 | validation energy RMSE (per atom):   14.4 meV | validation energy MAE (per atom):    2.9 meV | validation forces RMSE:  102.3 meV/A | validation forces MAE:  50.84 meV/A
[2025-10-14 04:53:40][INFO] - Epoch: 1630 | learning rate: 7.813e-07 | training loss: 5.960e-02 | training energy RMSE (per atom):    3.2 meV | training energy MAE (per atom):    2.0 meV | training forces RMSE:   73.3 meV/A | training forces MAE:  46.08 meV/A | validation loss: 9.343e-03 | validation energy RMSE (per atom):   14.5 meV | validation energy MAE (per atom):    2.8 meV | validation forces RMSE:  102.8 meV/A | validation forces MAE:  50.91 meV/A
[2025-10-14 04:54:18][INFO] - Epoch: 1631 | learning rate: 7.813e-07 | training loss: 5.904e-02 | training energy RMSE (per atom):    3.2 meV | training energy MAE (per atom):    2.0 meV | training forces RMSE:   73.3 meV/A | training forces MAE:  46.01 meV/A | validation loss: 9.311e-03 | validation energy RMSE (per atom):   14.5 meV | validation energy MAE (per atom):    2.8 meV | validation forces RMSE:  102.5 meV/A | validation forces MAE:  50.92 meV/A
[2025-10-14 04:54:56][INFO] - Epoch: 1632 | learning rate: 7.813e-07 | training loss: 5.927e-02 | training energy RMSE (per atom):    3.2 meV | training energy MAE (per atom):    2.0 meV | training forces RMSE:   73.4 meV/A | training forces MAE:  45.95 meV/A | validation loss: 9.299e-03 | validation energy RMSE (per atom):   14.5 meV | validation energy MAE (per atom):    2.7 meV | validation forces RMSE:  102.3 meV/A | validation forces MAE:  50.78 meV/A
[2025-10-14 04:55:34][INFO] - Epoch: 1633 | learning rate: 7.813e-07 | training loss: 5.876e-02 | training energy RMSE (per atom):    3.2 meV | training energy MAE (per atom):    1.9 meV | training forces RMSE:   73.3 meV/A | training forces MAE:  45.95 meV/A | validation loss: 9.301e-03 | validation energy RMSE (per atom):   14.5 meV | validation energy MAE (per atom):    3.9 meV | validation forces RMSE:  102.5 meV/A | validation forces MAE:  50.77 meV/A
[2025-10-14 04:56:12][INFO] - Epoch: 1634 | learning rate: 7.813e-07 | training loss: 5.879e-02 | training energy RMSE (per atom):    3.3 meV | training energy MAE (per atom):    2.0 meV | training forces RMSE:   73.3 meV/A | training forces MAE:  45.94 meV/A | validation loss: 9.301e-03 | validation energy RMSE (per atom):   14.5 meV | validation energy MAE (per atom):    2.7 meV | validation forces RMSE:  102.2 meV/A | validation forces MAE:  50.78 meV/A
[2025-10-14 04:56:50][INFO] - Epoch: 1635 | learning rate: 7.813e-07 | training loss: 5.928e-02 | training energy RMSE (per atom):    3.2 meV | training energy MAE (per atom):    2.0 meV | training forces RMSE:   73.1 meV/A | training forces MAE:  45.94 meV/A | validation loss: 9.332e-03 | validation energy RMSE (per atom):   14.5 meV | validation energy MAE (per atom):    2.8 meV | validation forces RMSE:  102.4 meV/A | validation forces MAE:  50.87 meV/A
[2025-10-14 04:57:28][INFO] - Epoch: 1636 | learning rate: 7.813e-07 | training loss: 5.890e-02 | training energy RMSE (per atom):    3.2 meV | training energy MAE (per atom):    2.0 meV | training forces RMSE:   73.3 meV/A | training forces MAE:  45.94 meV/A | validation loss: 9.320e-03 | validation energy RMSE (per atom):   14.5 meV | validation energy MAE (per atom):    3.6 meV | validation forces RMSE:  102.5 meV/A | validation forces MAE:  50.88 meV/A
[2025-10-14 04:58:06][INFO] - Epoch: 1637 | learning rate: 7.813e-07 | training loss: 5.892e-02 | training energy RMSE (per atom):    3.3 meV | training energy MAE (per atom):    2.0 meV | training forces RMSE:   73.0 meV/A | training forces MAE:  45.88 meV/A | validation loss: 9.439e-03 | validation energy RMSE (per atom):   14.6 meV | validation energy MAE (per atom):    2.9 meV | validation forces RMSE:  103.3 meV/A | validation forces MAE:  51.37 meV/A
[2025-10-14 04:58:43][INFO] - Epoch: 1638 | learning rate: 7.813e-07 | training loss: 5.927e-02 | training energy RMSE (per atom):    3.2 meV | training energy MAE (per atom):    1.9 meV | training forces RMSE:   73.4 meV/A | training forces MAE:  46.03 meV/A | validation loss: 9.244e-03 | validation energy RMSE (per atom):   14.3 meV | validation energy MAE (per atom):    3.0 meV | validation forces RMSE:  102.7 meV/A | validation forces MAE:  51.06 meV/A
[2025-10-14 04:59:21][INFO] - Epoch: 1639 | learning rate: 7.813e-07 | training loss: 5.882e-02 | training energy RMSE (per atom):    3.2 meV | training energy MAE (per atom):    2.0 meV | training forces RMSE:   73.1 meV/A | training forces MAE:  45.94 meV/A | validation loss: 9.323e-03 | validation energy RMSE (per atom):   14.5 meV | validation energy MAE (per atom):    2.8 meV | validation forces RMSE:  102.5 meV/A | validation forces MAE:  50.87 meV/A
[2025-10-14 04:59:59][INFO] - Epoch: 1640 | learning rate: 7.813e-07 | training loss: 5.938e-02 | training energy RMSE (per atom):    3.2 meV | training energy MAE (per atom):    2.0 meV | training forces RMSE:   73.3 meV/A | training forces MAE:  45.99 meV/A | validation loss: 9.228e-03 | validation energy RMSE (per atom):   14.3 meV | validation energy MAE (per atom):    2.8 meV | validation forces RMSE:  102.5 meV/A | validation forces MAE:  50.77 meV/A
[2025-10-14 05:00:37][INFO] - Epoch: 1641 | learning rate: 7.813e-07 | training loss: 5.912e-02 | training energy RMSE (per atom):    3.3 meV | training energy MAE (per atom):    2.1 meV | training forces RMSE:   73.3 meV/A | training forces MAE:  45.97 meV/A | validation loss: 9.296e-03 | validation energy RMSE (per atom):   14.4 meV | validation energy MAE (per atom):    2.7 meV | validation forces RMSE:  102.4 meV/A | validation forces MAE:  50.91 meV/A
[2025-10-14 05:01:15][INFO] - Epoch: 1642 | learning rate: 7.813e-07 | training loss: 5.849e-02 | training energy RMSE (per atom):    3.2 meV | training energy MAE (per atom):    2.0 meV | training forces RMSE:   73.3 meV/A | training forces MAE:  45.99 meV/A | validation loss: 9.334e-03 | validation energy RMSE (per atom):   14.5 meV | validation energy MAE (per atom):    2.7 meV | validation forces RMSE:  102.6 meV/A | validation forces MAE:  50.86 meV/A
[2025-10-14 05:01:53][INFO] - Epoch: 1643 | learning rate: 7.813e-07 | training loss: 5.976e-02 | training energy RMSE (per atom):    3.2 meV | training energy MAE (per atom):    2.0 meV | training forces RMSE:   73.3 meV/A | training forces MAE:  45.97 meV/A | validation loss: 9.276e-03 | validation energy RMSE (per atom):   14.4 meV | validation energy MAE (per atom):    2.7 meV | validation forces RMSE:  102.3 meV/A | validation forces MAE:  50.83 meV/A
[2025-10-14 05:02:31][INFO] - Epoch: 1644 | learning rate: 7.813e-07 | training loss: 5.882e-02 | training energy RMSE (per atom):    3.2 meV | training energy MAE (per atom):    1.9 meV | training forces RMSE:   73.2 meV/A | training forces MAE:  45.99 meV/A | validation loss: 9.294e-03 | validation energy RMSE (per atom):   14.5 meV | validation energy MAE (per atom):    2.7 meV | validation forces RMSE:  102.3 meV/A | validation forces MAE:  50.79 meV/A
[2025-10-14 05:03:08][INFO] - Epoch: 1645 | learning rate: 7.813e-07 | training loss: 5.899e-02 | training energy RMSE (per atom):    3.2 meV | training energy MAE (per atom):    1.9 meV | training forces RMSE:   73.2 meV/A | training forces MAE:  45.91 meV/A | validation loss: 9.256e-03 | validation energy RMSE (per atom):   14.4 meV | validation energy MAE (per atom):    3.0 meV | validation forces RMSE:  102.4 meV/A | validation forces MAE:  50.86 meV/A
[2025-10-14 05:03:46][INFO] - Epoch: 1646 | learning rate: 7.813e-07 | training loss: 5.886e-02 | training energy RMSE (per atom):    3.2 meV | training energy MAE (per atom):    2.0 meV | training forces RMSE:   73.2 meV/A | training forces MAE:  45.95 meV/A | validation loss: 9.239e-03 | validation energy RMSE (per atom):   14.4 meV | validation energy MAE (per atom):    2.8 meV | validation forces RMSE:  102.3 meV/A | validation forces MAE:  50.82 meV/A
[2025-10-14 05:04:25][INFO] - Epoch: 1647 | learning rate: 7.813e-07 | training loss: 5.892e-02 | training energy RMSE (per atom):    3.2 meV | training energy MAE (per atom):    1.9 meV | training forces RMSE:   73.1 meV/A | training forces MAE:  45.90 meV/A | validation loss: 9.331e-03 | validation energy RMSE (per atom):   14.5 meV | validation energy MAE (per atom):    3.1 meV | validation forces RMSE:  102.3 meV/A | validation forces MAE:  50.92 meV/A
[2025-10-14 05:05:03][INFO] - Epoch: 1648 | learning rate: 7.813e-07 | training loss: 5.974e-02 | training energy RMSE (per atom):    3.3 meV | training energy MAE (per atom):    2.0 meV | training forces RMSE:   73.3 meV/A | training forces MAE:  45.93 meV/A | validation loss: 9.327e-03 | validation energy RMSE (per atom):   14.5 meV | validation energy MAE (per atom):    2.7 meV | validation forces RMSE:  102.5 meV/A | validation forces MAE:  50.98 meV/A
[2025-10-14 05:05:41][INFO] - Epoch: 1649 | learning rate: 7.813e-07 | training loss: 5.944e-02 | training energy RMSE (per atom):    3.2 meV | training energy MAE (per atom):    2.0 meV | training forces RMSE:   73.2 meV/A | training forces MAE:  45.95 meV/A | validation loss: 9.362e-03 | validation energy RMSE (per atom):   14.6 meV | validation energy MAE (per atom):    3.3 meV | validation forces RMSE:  102.3 meV/A | validation forces MAE:  50.84 meV/A
[2025-10-14 05:06:19][INFO] - Epoch: 1650 | learning rate: 7.813e-07 | training loss: 5.890e-02 | training energy RMSE (per atom):    3.2 meV | training energy MAE (per atom):    2.0 meV | training forces RMSE:   73.2 meV/A | training forces MAE:  45.93 meV/A | validation loss: 9.309e-03 | validation energy RMSE (per atom):   14.5 meV | validation energy MAE (per atom):    2.8 meV | validation forces RMSE:  102.3 meV/A | validation forces MAE:  50.81 meV/A
[2025-10-14 05:06:57][INFO] - Epoch: 1651 | learning rate: 7.813e-07 | training loss: 5.941e-02 | training energy RMSE (per atom):    3.3 meV | training energy MAE (per atom):    2.0 meV | training forces RMSE:   73.2 meV/A | training forces MAE:  45.95 meV/A | validation loss: 9.381e-03 | validation energy RMSE (per atom):   14.5 meV | validation energy MAE (per atom):    2.8 meV | validation forces RMSE:  102.8 meV/A | validation forces MAE:  50.93 meV/A
[2025-10-14 05:07:35][INFO] - Epoch: 1652 | learning rate: 7.813e-07 | training loss: 5.860e-02 | training energy RMSE (per atom):    3.2 meV | training energy MAE (per atom):    2.0 meV | training forces RMSE:   73.2 meV/A | training forces MAE:  45.99 meV/A | validation loss: 9.250e-03 | validation energy RMSE (per atom):   14.4 meV | validation energy MAE (per atom):    2.7 meV | validation forces RMSE:  102.3 meV/A | validation forces MAE:  50.76 meV/A
[2025-10-14 05:08:13][INFO] - Epoch: 1653 | learning rate: 7.813e-07 | training loss: 5.888e-02 | training energy RMSE (per atom):    3.2 meV | training energy MAE (per atom):    2.0 meV | training forces RMSE:   73.2 meV/A | training forces MAE:  45.98 meV/A | validation loss: 9.278e-03 | validation energy RMSE (per atom):   14.5 meV | validation energy MAE (per atom):    2.9 meV | validation forces RMSE:  102.4 meV/A | validation forces MAE:  50.74 meV/A
[2025-10-14 05:08:50][INFO] - Epoch: 1654 | learning rate: 7.813e-07 | training loss: 5.919e-02 | training energy RMSE (per atom):    3.1 meV | training energy MAE (per atom):    1.9 meV | training forces RMSE:   73.2 meV/A | training forces MAE:  45.93 meV/A | validation loss: 9.311e-03 | validation energy RMSE (per atom):   14.5 meV | validation energy MAE (per atom):    3.0 meV | validation forces RMSE:  102.7 meV/A | validation forces MAE:  51.00 meV/A
[2025-10-14 05:09:27][INFO] - Epoch: 1655 | learning rate: 7.813e-07 | training loss: 5.829e-02 | training energy RMSE (per atom):    3.2 meV | training energy MAE (per atom):    2.0 meV | training forces RMSE:   73.2 meV/A | training forces MAE:  45.99 meV/A | validation loss: 9.342e-03 | validation energy RMSE (per atom):   14.5 meV | validation energy MAE (per atom):    3.0 meV | validation forces RMSE:  102.5 meV/A | validation forces MAE:  50.99 meV/A
[2025-10-14 05:10:06][INFO] - Epoch: 1656 | learning rate: 7.813e-07 | training loss: 5.895e-02 | training energy RMSE (per atom):    3.2 meV | training energy MAE (per atom):    2.0 meV | training forces RMSE:   73.3 meV/A | training forces MAE:  46.01 meV/A | validation loss: 9.363e-03 | validation energy RMSE (per atom):   14.6 meV | validation energy MAE (per atom):    3.4 meV | validation forces RMSE:  102.4 meV/A | validation forces MAE:  50.81 meV/A
[2025-10-14 05:10:44][INFO] - Epoch: 1657 | learning rate: 7.813e-07 | training loss: 5.968e-02 | training energy RMSE (per atom):    3.3 meV | training energy MAE (per atom):    2.1 meV | training forces RMSE:   73.3 meV/A | training forces MAE:  45.99 meV/A | validation loss: 9.317e-03 | validation energy RMSE (per atom):   14.5 meV | validation energy MAE (per atom):    2.8 meV | validation forces RMSE:  102.6 meV/A | validation forces MAE:  50.96 meV/A
[2025-10-14 05:11:21][INFO] - Epoch: 1658 | learning rate: 7.813e-07 | training loss: 5.914e-02 | training energy RMSE (per atom):    3.2 meV | training energy MAE (per atom):    1.9 meV | training forces RMSE:   73.3 meV/A | training forces MAE:  45.96 meV/A | validation loss: 9.295e-03 | validation energy RMSE (per atom):   14.5 meV | validation energy MAE (per atom):    2.9 meV | validation forces RMSE:  102.3 meV/A | validation forces MAE:  50.83 meV/A
[2025-10-14 05:11:59][INFO] - Epoch: 1659 | learning rate: 7.813e-07 | training loss: 5.902e-02 | training energy RMSE (per atom):    3.2 meV | training energy MAE (per atom):    1.9 meV | training forces RMSE:   73.2 meV/A | training forces MAE:  45.93 meV/A | validation loss: 9.303e-03 | validation energy RMSE (per atom):   14.5 meV | validation energy MAE (per atom):    3.5 meV | validation forces RMSE:  102.5 meV/A | validation forces MAE:  50.79 meV/A
[2025-10-14 05:12:37][INFO] - Epoch: 1660 | learning rate: 7.813e-07 | training loss: 5.899e-02 | training energy RMSE (per atom):    3.2 meV | training energy MAE (per atom):    1.9 meV | training forces RMSE:   73.2 meV/A | training forces MAE:  45.94 meV/A | validation loss: 9.286e-03 | validation energy RMSE (per atom):   14.4 meV | validation energy MAE (per atom):    3.1 meV | validation forces RMSE:  102.5 meV/A | validation forces MAE:  50.94 meV/A
[2025-10-14 05:13:15][INFO] - Epoch: 1661 | learning rate: 7.813e-07 | training loss: 5.880e-02 | training energy RMSE (per atom):    3.2 meV | training energy MAE (per atom):    2.0 meV | training forces RMSE:   73.2 meV/A | training forces MAE:  46.00 meV/A | validation loss: 9.286e-03 | validation energy RMSE (per atom):   14.4 meV | validation energy MAE (per atom):    3.1 meV | validation forces RMSE:  102.5 meV/A | validation forces MAE:  50.84 meV/A
[2025-10-14 05:13:53][INFO] - Epoch: 1662 | learning rate: 7.813e-07 | training loss: 5.955e-02 | training energy RMSE (per atom):    3.2 meV | training energy MAE (per atom):    2.0 meV | training forces RMSE:   73.2 meV/A | training forces MAE:  45.95 meV/A | validation loss: 9.351e-03 | validation energy RMSE (per atom):   14.5 meV | validation energy MAE (per atom):    2.9 meV | validation forces RMSE:  102.5 meV/A | validation forces MAE:  50.88 meV/A
[2025-10-14 05:14:31][INFO] - Epoch: 1663 | learning rate: 7.813e-07 | training loss: 5.932e-02 | training energy RMSE (per atom):    3.1 meV | training energy MAE (per atom):    1.9 meV | training forces RMSE:   73.3 meV/A | training forces MAE:  45.98 meV/A | validation loss: 9.275e-03 | validation energy RMSE (per atom):   14.4 meV | validation energy MAE (per atom):    2.8 meV | validation forces RMSE:  102.7 meV/A | validation forces MAE:  50.87 meV/A
[2025-10-14 05:15:08][INFO] - Epoch: 1664 | learning rate: 7.813e-07 | training loss: 5.947e-02 | training energy RMSE (per atom):    3.2 meV | training energy MAE (per atom):    1.9 meV | training forces RMSE:   73.1 meV/A | training forces MAE:  45.90 meV/A | validation loss: 9.350e-03 | validation energy RMSE (per atom):   14.5 meV | validation energy MAE (per atom):    2.9 meV | validation forces RMSE:  102.8 meV/A | validation forces MAE:  51.16 meV/A
[2025-10-14 05:15:47][INFO] - Epoch: 1665 | learning rate: 7.813e-07 | training loss: 5.906e-02 | training energy RMSE (per atom):    3.2 meV | training energy MAE (per atom):    2.0 meV | training forces RMSE:   73.1 meV/A | training forces MAE:  45.93 meV/A | validation loss: 9.275e-03 | validation energy RMSE (per atom):   14.4 meV | validation energy MAE (per atom):    2.8 meV | validation forces RMSE:  102.5 meV/A | validation forces MAE:  50.77 meV/A
[2025-10-14 05:16:24][INFO] - Epoch: 1666 | learning rate: 7.813e-07 | training loss: 5.843e-02 | training energy RMSE (per atom):    3.2 meV | training energy MAE (per atom):    1.9 meV | training forces RMSE:   73.1 meV/A | training forces MAE:  45.90 meV/A | validation loss: 9.325e-03 | validation energy RMSE (per atom):   14.5 meV | validation energy MAE (per atom):    2.8 meV | validation forces RMSE:  102.5 meV/A | validation forces MAE:  50.80 meV/A
[2025-10-14 05:17:02][INFO] - Epoch: 1667 | learning rate: 7.813e-07 | training loss: 5.932e-02 | training energy RMSE (per atom):    3.2 meV | training energy MAE (per atom):    1.9 meV | training forces RMSE:   73.2 meV/A | training forces MAE:  45.97 meV/A | validation loss: 9.258e-03 | validation energy RMSE (per atom):   14.4 meV | validation energy MAE (per atom):    3.2 meV | validation forces RMSE:  102.4 meV/A | validation forces MAE:  50.86 meV/A
[2025-10-14 05:17:40][INFO] - Epoch: 1668 | learning rate: 7.813e-07 | training loss: 5.871e-02 | training energy RMSE (per atom):    3.2 meV | training energy MAE (per atom):    2.0 meV | training forces RMSE:   73.1 meV/A | training forces MAE:  45.89 meV/A | validation loss: 9.279e-03 | validation energy RMSE (per atom):   14.4 meV | validation energy MAE (per atom):    3.2 meV | validation forces RMSE:  102.5 meV/A | validation forces MAE:  50.83 meV/A
[2025-10-14 05:18:18][INFO] - Epoch: 1669 | learning rate: 7.813e-07 | training loss: 5.891e-02 | training energy RMSE (per atom):    3.2 meV | training energy MAE (per atom):    1.9 meV | training forces RMSE:   73.2 meV/A | training forces MAE:  45.94 meV/A | validation loss: 9.354e-03 | validation energy RMSE (per atom):   14.5 meV | validation energy MAE (per atom):    2.8 meV | validation forces RMSE:  102.6 meV/A | validation forces MAE:  50.85 meV/A
[2025-10-14 05:18:55][INFO] - Epoch: 1670 | learning rate: 7.813e-07 | training loss: 5.870e-02 | training energy RMSE (per atom):    3.2 meV | training energy MAE (per atom):    1.9 meV | training forces RMSE:   73.1 meV/A | training forces MAE:  45.94 meV/A | validation loss: 9.382e-03 | validation energy RMSE (per atom):   14.6 meV | validation energy MAE (per atom):    2.8 meV | validation forces RMSE:  102.5 meV/A | validation forces MAE:  50.71 meV/A
[2025-10-14 05:19:33][INFO] - Epoch: 1671 | learning rate: 7.813e-07 | training loss: 5.896e-02 | training energy RMSE (per atom):    3.2 meV | training energy MAE (per atom):    1.9 meV | training forces RMSE:   73.1 meV/A | training forces MAE:  45.92 meV/A | validation loss: 9.320e-03 | validation energy RMSE (per atom):   14.5 meV | validation energy MAE (per atom):    2.7 meV | validation forces RMSE:  102.6 meV/A | validation forces MAE:  50.87 meV/A
[2025-10-14 05:20:11][INFO] - Epoch: 1672 | learning rate: 7.813e-07 | training loss: 5.881e-02 | training energy RMSE (per atom):    3.2 meV | training energy MAE (per atom):    1.9 meV | training forces RMSE:   73.1 meV/A | training forces MAE:  45.91 meV/A | validation loss: 9.302e-03 | validation energy RMSE (per atom):   14.5 meV | validation energy MAE (per atom):    2.9 meV | validation forces RMSE:  102.5 meV/A | validation forces MAE:  50.84 meV/A
[2025-10-14 05:20:49][INFO] - Epoch: 1673 | learning rate: 7.813e-07 | training loss: 5.882e-02 | training energy RMSE (per atom):    3.2 meV | training energy MAE (per atom):    2.0 meV | training forces RMSE:   73.0 meV/A | training forces MAE:  45.88 meV/A | validation loss: 9.330e-03 | validation energy RMSE (per atom):   14.5 meV | validation energy MAE (per atom):    2.7 meV | validation forces RMSE:  102.4 meV/A | validation forces MAE:  50.74 meV/A
[2025-10-14 05:21:27][INFO] - Epoch: 1674 | learning rate: 7.813e-07 | training loss: 5.876e-02 | training energy RMSE (per atom):    3.2 meV | training energy MAE (per atom):    1.9 meV | training forces RMSE:   73.1 meV/A | training forces MAE:  45.90 meV/A | validation loss: 9.327e-03 | validation energy RMSE (per atom):   14.5 meV | validation energy MAE (per atom):    3.1 meV | validation forces RMSE:  102.6 meV/A | validation forces MAE:  50.93 meV/A
[2025-10-14 05:22:05][INFO] - Epoch: 1675 | learning rate: 7.813e-07 | training loss: 5.927e-02 | training energy RMSE (per atom):    3.2 meV | training energy MAE (per atom):    1.9 meV | training forces RMSE:   73.1 meV/A | training forces MAE:  45.92 meV/A | validation loss: 9.305e-03 | validation energy RMSE (per atom):   14.4 meV | validation energy MAE (per atom):    2.7 meV | validation forces RMSE:  102.6 meV/A | validation forces MAE:  50.85 meV/A
[2025-10-14 05:22:43][INFO] - Epoch: 1676 | learning rate: 7.813e-07 | training loss: 5.938e-02 | training energy RMSE (per atom):    3.2 meV | training energy MAE (per atom):    2.0 meV | training forces RMSE:   73.2 meV/A | training forces MAE:  45.95 meV/A | validation loss: 9.401e-03 | validation energy RMSE (per atom):   14.6 meV | validation energy MAE (per atom):    3.2 meV | validation forces RMSE:  102.6 meV/A | validation forces MAE:  50.74 meV/A
[2025-10-14 05:23:21][INFO] - Epoch: 1677 | learning rate: 7.813e-07 | training loss: 5.923e-02 | training energy RMSE (per atom):    3.3 meV | training energy MAE (per atom):    2.0 meV | training forces RMSE:   73.1 meV/A | training forces MAE:  45.93 meV/A | validation loss: 9.310e-03 | validation energy RMSE (per atom):   14.4 meV | validation energy MAE (per atom):    2.8 meV | validation forces RMSE:  102.6 meV/A | validation forces MAE:  50.79 meV/A
[2025-10-14 05:23:58][INFO] - Epoch: 1678 | learning rate: 7.813e-07 | training loss: 5.879e-02 | training energy RMSE (per atom):    3.2 meV | training energy MAE (per atom):    1.9 meV | training forces RMSE:   73.1 meV/A | training forces MAE:  45.92 meV/A | validation loss: 9.304e-03 | validation energy RMSE (per atom):   14.4 meV | validation energy MAE (per atom):    3.6 meV | validation forces RMSE:  102.9 meV/A | validation forces MAE:  50.80 meV/A
[2025-10-14 05:24:37][INFO] - Epoch: 1679 | learning rate: 7.813e-07 | training loss: 5.858e-02 | training energy RMSE (per atom):    3.2 meV | training energy MAE (per atom):    1.9 meV | training forces RMSE:   73.1 meV/A | training forces MAE:  45.95 meV/A | validation loss: 9.273e-03 | validation energy RMSE (per atom):   14.4 meV | validation energy MAE (per atom):    3.3 meV | validation forces RMSE:  102.6 meV/A | validation forces MAE:  50.66 meV/A
[2025-10-14 05:25:15][INFO] - Epoch: 1680 | learning rate: 7.813e-07 | training loss: 5.937e-02 | training energy RMSE (per atom):    3.1 meV | training energy MAE (per atom):    1.9 meV | training forces RMSE:   73.2 meV/A | training forces MAE:  45.98 meV/A | validation loss: 9.258e-03 | validation energy RMSE (per atom):   14.4 meV | validation energy MAE (per atom):    3.1 meV | validation forces RMSE:  102.6 meV/A | validation forces MAE:  50.81 meV/A
[2025-10-14 05:25:53][INFO] - Epoch: 1681 | learning rate: 7.813e-07 | training loss: 5.960e-02 | training energy RMSE (per atom):    3.2 meV | training energy MAE (per atom):    2.0 meV | training forces RMSE:   73.1 meV/A | training forces MAE:  45.93 meV/A | validation loss: 9.359e-03 | validation energy RMSE (per atom):   14.5 meV | validation energy MAE (per atom):    2.9 meV | validation forces RMSE:  102.6 meV/A | validation forces MAE:  50.86 meV/A
[2025-10-14 05:26:31][INFO] - Epoch: 1682 | learning rate: 7.813e-07 | training loss: 5.895e-02 | training energy RMSE (per atom):    3.2 meV | training energy MAE (per atom):    1.9 meV | training forces RMSE:   73.1 meV/A | training forces MAE:  45.95 meV/A | validation loss: 9.299e-03 | validation energy RMSE (per atom):   14.5 meV | validation energy MAE (per atom):    2.9 meV | validation forces RMSE:  102.5 meV/A | validation forces MAE:  50.73 meV/A
[2025-10-14 05:27:09][INFO] - Epoch: 1683 | learning rate: 7.813e-07 | training loss: 5.917e-02 | training energy RMSE (per atom):    3.2 meV | training energy MAE (per atom):    2.0 meV | training forces RMSE:   73.2 meV/A | training forces MAE:  45.90 meV/A | validation loss: 9.404e-03 | validation energy RMSE (per atom):   14.7 meV | validation energy MAE (per atom):    3.1 meV | validation forces RMSE:  102.4 meV/A | validation forces MAE:  50.75 meV/A
[2025-10-14 05:27:48][INFO] - Epoch: 1684 | learning rate: 7.813e-07 | training loss: 5.895e-02 | training energy RMSE (per atom):    3.3 meV | training energy MAE (per atom):    2.1 meV | training forces RMSE:   73.1 meV/A | training forces MAE:  45.87 meV/A | validation loss: 9.289e-03 | validation energy RMSE (per atom):   14.5 meV | validation energy MAE (per atom):    2.8 meV | validation forces RMSE:  102.3 meV/A | validation forces MAE:  50.70 meV/A
[2025-10-14 05:28:25][INFO] - Epoch: 1685 | learning rate: 7.813e-07 | training loss: 5.915e-02 | training energy RMSE (per atom):    3.2 meV | training energy MAE (per atom):    1.9 meV | training forces RMSE:   73.1 meV/A | training forces MAE:  45.99 meV/A | validation loss: 9.278e-03 | validation energy RMSE (per atom):   14.4 meV | validation energy MAE (per atom):    2.7 meV | validation forces RMSE:  102.4 meV/A | validation forces MAE:  50.68 meV/A
[2025-10-14 05:29:03][INFO] - Epoch: 1686 | learning rate: 7.813e-07 | training loss: 5.899e-02 | training energy RMSE (per atom):    3.2 meV | training energy MAE (per atom):    1.9 meV | training forces RMSE:   73.2 meV/A | training forces MAE:  45.97 meV/A | validation loss: 9.287e-03 | validation energy RMSE (per atom):   14.4 meV | validation energy MAE (per atom):    3.2 meV | validation forces RMSE:  102.6 meV/A | validation forces MAE:  50.84 meV/A
[2025-10-14 05:29:41][INFO] - Epoch: 1687 | learning rate: 7.813e-07 | training loss: 5.922e-02 | training energy RMSE (per atom):    3.2 meV | training energy MAE (per atom):    2.0 meV | training forces RMSE:   73.1 meV/A | training forces MAE:  45.88 meV/A | validation loss: 9.330e-03 | validation energy RMSE (per atom):   14.5 meV | validation energy MAE (per atom):    2.7 meV | validation forces RMSE:  102.5 meV/A | validation forces MAE:  50.74 meV/A
[2025-10-14 05:30:20][INFO] - Epoch: 1688 | learning rate: 7.813e-07 | training loss: 5.876e-02 | training energy RMSE (per atom):    3.2 meV | training energy MAE (per atom):    1.9 meV | training forces RMSE:   73.0 meV/A | training forces MAE:  45.79 meV/A | validation loss: 9.317e-03 | validation energy RMSE (per atom):   14.5 meV | validation energy MAE (per atom):    2.8 meV | validation forces RMSE:  102.5 meV/A | validation forces MAE:  50.88 meV/A
[2025-10-14 05:30:58][INFO] - Epoch: 1689 | learning rate: 7.813e-07 | training loss: 5.912e-02 | training energy RMSE (per atom):    3.2 meV | training energy MAE (per atom):    2.0 meV | training forces RMSE:   73.1 meV/A | training forces MAE:  45.97 meV/A | validation loss: 9.273e-03 | validation energy RMSE (per atom):   14.4 meV | validation energy MAE (per atom):    2.7 meV | validation forces RMSE:  102.5 meV/A | validation forces MAE:  50.77 meV/A
[2025-10-14 05:31:35][INFO] - Epoch: 1690 | learning rate: 7.813e-07 | training loss: 5.915e-02 | training energy RMSE (per atom):    3.3 meV | training energy MAE (per atom):    2.0 meV | training forces RMSE:   73.1 meV/A | training forces MAE:  45.90 meV/A | validation loss: 9.302e-03 | validation energy RMSE (per atom):   14.5 meV | validation energy MAE (per atom):    3.1 meV | validation forces RMSE:  102.5 meV/A | validation forces MAE:  50.68 meV/A
[2025-10-14 05:32:13][INFO] - Epoch: 1691 | learning rate: 7.813e-07 | training loss: 5.912e-02 | training energy RMSE (per atom):    3.1 meV | training energy MAE (per atom):    1.9 meV | training forces RMSE:   73.1 meV/A | training forces MAE:  45.91 meV/A | validation loss: 9.298e-03 | validation energy RMSE (per atom):   14.5 meV | validation energy MAE (per atom):    2.8 meV | validation forces RMSE:  102.4 meV/A | validation forces MAE:  50.81 meV/A
[2025-10-14 05:32:51][INFO] - Epoch: 1692 | learning rate: 7.813e-07 | training loss: 5.818e-02 | training energy RMSE (per atom):    3.2 meV | training energy MAE (per atom):    1.9 meV | training forces RMSE:   73.1 meV/A | training forces MAE:  45.92 meV/A | validation loss: 9.361e-03 | validation energy RMSE (per atom):   14.5 meV | validation energy MAE (per atom):    2.9 meV | validation forces RMSE:  102.7 meV/A | validation forces MAE:  50.75 meV/A
[2025-10-14 05:33:29][INFO] - Epoch: 1693 | learning rate: 7.813e-07 | training loss: 5.922e-02 | training energy RMSE (per atom):    3.2 meV | training energy MAE (per atom):    1.9 meV | training forces RMSE:   72.9 meV/A | training forces MAE:  45.86 meV/A | validation loss: 9.308e-03 | validation energy RMSE (per atom):   14.5 meV | validation energy MAE (per atom):    2.8 meV | validation forces RMSE:  102.5 meV/A | validation forces MAE:  50.69 meV/A
[2025-10-14 05:34:06][INFO] - Epoch: 1694 | learning rate: 7.813e-07 | training loss: 5.899e-02 | training energy RMSE (per atom):    3.1 meV | training energy MAE (per atom):    1.9 meV | training forces RMSE:   73.1 meV/A | training forces MAE:  45.90 meV/A | validation loss: 9.291e-03 | validation energy RMSE (per atom):   14.4 meV | validation energy MAE (per atom):    2.9 meV | validation forces RMSE:  102.6 meV/A | validation forces MAE:  50.70 meV/A
[2025-10-14 05:34:44][INFO] - Epoch: 1695 | learning rate: 7.813e-07 | training loss: 5.936e-02 | training energy RMSE (per atom):    3.2 meV | training energy MAE (per atom):    1.9 meV | training forces RMSE:   73.1 meV/A | training forces MAE:  45.93 meV/A | validation loss: 9.255e-03 | validation energy RMSE (per atom):   14.4 meV | validation energy MAE (per atom):    2.8 meV | validation forces RMSE:  102.7 meV/A | validation forces MAE:  50.81 meV/A
[2025-10-14 05:35:22][INFO] - Epoch: 1696 | learning rate: 7.813e-07 | training loss: 5.921e-02 | training energy RMSE (per atom):    3.2 meV | training energy MAE (per atom):    2.0 meV | training forces RMSE:   73.1 meV/A | training forces MAE:  45.90 meV/A | validation loss: 9.333e-03 | validation energy RMSE (per atom):   14.5 meV | validation energy MAE (per atom):    2.8 meV | validation forces RMSE:  102.8 meV/A | validation forces MAE:  50.83 meV/A
[2025-10-14 05:36:01][INFO] - Epoch: 1697 | learning rate: 7.813e-07 | training loss: 5.900e-02 | training energy RMSE (per atom):    3.2 meV | training energy MAE (per atom):    2.0 meV | training forces RMSE:   73.0 meV/A | training forces MAE:  45.89 meV/A | validation loss: 9.275e-03 | validation energy RMSE (per atom):   14.4 meV | validation energy MAE (per atom):    2.9 meV | validation forces RMSE:  102.4 meV/A | validation forces MAE:  50.67 meV/A
[2025-10-14 05:36:38][INFO] - Epoch: 1698 | learning rate: 7.813e-07 | training loss: 5.913e-02 | training energy RMSE (per atom):    3.2 meV | training energy MAE (per atom):    2.0 meV | training forces RMSE:   73.0 meV/A | training forces MAE:  45.92 meV/A | validation loss: 9.377e-03 | validation energy RMSE (per atom):   14.7 meV | validation energy MAE (per atom):    4.3 meV | validation forces RMSE:  102.5 meV/A | validation forces MAE:  50.70 meV/A
[2025-10-14 05:37:16][INFO] - Epoch: 1699 | learning rate: 7.813e-07 | training loss: 5.883e-02 | training energy RMSE (per atom):    3.2 meV | training energy MAE (per atom):    1.9 meV | training forces RMSE:   73.1 meV/A | training forces MAE:  45.94 meV/A | validation loss: 9.329e-03 | validation energy RMSE (per atom):   14.5 meV | validation energy MAE (per atom):    2.8 meV | validation forces RMSE:  102.6 meV/A | validation forces MAE:  50.85 meV/A
[2025-10-14 05:37:53][INFO] - Epoch: 1700 | learning rate: 7.813e-07 | training loss: 5.934e-02 | training energy RMSE (per atom):    3.2 meV | training energy MAE (per atom):    1.9 meV | training forces RMSE:   73.0 meV/A | training forces MAE:  45.89 meV/A | validation loss: 9.306e-03 | validation energy RMSE (per atom):   14.5 meV | validation energy MAE (per atom):    3.3 meV | validation forces RMSE:  102.6 meV/A | validation forces MAE:  50.80 meV/A
[2025-10-14 05:38:32][INFO] - Epoch: 1701 | learning rate: 7.813e-07 | training loss: 5.849e-02 | training energy RMSE (per atom):    3.2 meV | training energy MAE (per atom):    1.9 meV | training forces RMSE:   73.1 meV/A | training forces MAE:  45.96 meV/A | validation loss: 9.257e-03 | validation energy RMSE (per atom):   14.5 meV | validation energy MAE (per atom):    4.0 meV | validation forces RMSE:  102.5 meV/A | validation forces MAE:  50.94 meV/A
[2025-10-14 05:39:10][INFO] - Epoch: 1702 | learning rate: 7.813e-07 | training loss: 5.879e-02 | training energy RMSE (per atom):    3.2 meV | training energy MAE (per atom):    2.0 meV | training forces RMSE:   73.1 meV/A | training forces MAE:  45.91 meV/A | validation loss: 9.312e-03 | validation energy RMSE (per atom):   14.5 meV | validation energy MAE (per atom):    2.8 meV | validation forces RMSE:  102.7 meV/A | validation forces MAE:  50.76 meV/A
[2025-10-14 05:39:47][INFO] - Epoch: 1703 | learning rate: 7.813e-07 | training loss: 5.920e-02 | training energy RMSE (per atom):    3.2 meV | training energy MAE (per atom):    2.0 meV | training forces RMSE:   73.1 meV/A | training forces MAE:  45.94 meV/A | validation loss: 9.272e-03 | validation energy RMSE (per atom):   14.4 meV | validation energy MAE (per atom):    2.8 meV | validation forces RMSE:  102.4 meV/A | validation forces MAE:  50.76 meV/A
[2025-10-14 05:40:25][INFO] - Epoch: 1704 | learning rate: 7.813e-07 | training loss: 5.834e-02 | training energy RMSE (per atom):    3.2 meV | training energy MAE (per atom):    2.0 meV | training forces RMSE:   73.0 meV/A | training forces MAE:  45.87 meV/A | validation loss: 9.236e-03 | validation energy RMSE (per atom):   14.4 meV | validation energy MAE (per atom):    3.2 meV | validation forces RMSE:  102.2 meV/A | validation forces MAE:  50.66 meV/A
[2025-10-14 05:41:03][INFO] - Epoch: 1705 | learning rate: 7.813e-07 | training loss: 5.945e-02 | training energy RMSE (per atom):    3.2 meV | training energy MAE (per atom):    1.9 meV | training forces RMSE:   73.1 meV/A | training forces MAE:  45.88 meV/A | validation loss: 9.242e-03 | validation energy RMSE (per atom):   14.4 meV | validation energy MAE (per atom):    3.1 meV | validation forces RMSE:  102.4 meV/A | validation forces MAE:  50.62 meV/A
[2025-10-14 05:41:41][INFO] - Epoch: 1706 | learning rate: 7.813e-07 | training loss: 5.891e-02 | training energy RMSE (per atom):    3.2 meV | training energy MAE (per atom):    1.9 meV | training forces RMSE:   72.9 meV/A | training forces MAE:  45.85 meV/A | validation loss: 9.394e-03 | validation energy RMSE (per atom):   14.6 meV | validation energy MAE (per atom):    3.6 meV | validation forces RMSE:  102.8 meV/A | validation forces MAE:  51.17 meV/A
[2025-10-14 05:42:19][INFO] - Epoch: 1707 | learning rate: 7.813e-07 | training loss: 5.864e-02 | training energy RMSE (per atom):    3.2 meV | training energy MAE (per atom):    2.0 meV | training forces RMSE:   73.0 meV/A | training forces MAE:  45.87 meV/A | validation loss: 9.309e-03 | validation energy RMSE (per atom):   14.5 meV | validation energy MAE (per atom):    2.7 meV | validation forces RMSE:  102.5 meV/A | validation forces MAE:  50.66 meV/A
[2025-10-14 05:42:57][INFO] - Epoch: 1708 | learning rate: 7.813e-07 | training loss: 5.857e-02 | training energy RMSE (per atom):    3.2 meV | training energy MAE (per atom):    2.0 meV | training forces RMSE:   72.9 meV/A | training forces MAE:  45.83 meV/A | validation loss: 9.360e-03 | validation energy RMSE (per atom):   14.6 meV | validation energy MAE (per atom):    3.0 meV | validation forces RMSE:  102.3 meV/A | validation forces MAE:  50.68 meV/A
[2025-10-14 05:43:35][INFO] - Epoch: 1709 | learning rate: 7.813e-07 | training loss: 5.934e-02 | training energy RMSE (per atom):    3.2 meV | training energy MAE (per atom):    1.9 meV | training forces RMSE:   73.0 meV/A | training forces MAE:  45.84 meV/A | validation loss: 9.285e-03 | validation energy RMSE (per atom):   14.4 meV | validation energy MAE (per atom):    2.8 meV | validation forces RMSE:  102.5 meV/A | validation forces MAE:  50.72 meV/A
[2025-10-14 05:44:13][INFO] - Epoch: 1710 | learning rate: 7.813e-07 | training loss: 5.918e-02 | training energy RMSE (per atom):    3.2 meV | training energy MAE (per atom):    2.0 meV | training forces RMSE:   73.0 meV/A | training forces MAE:  45.85 meV/A | validation loss: 9.315e-03 | validation energy RMSE (per atom):   14.5 meV | validation energy MAE (per atom):    2.9 meV | validation forces RMSE:  102.7 meV/A | validation forces MAE:  50.77 meV/A
[2025-10-14 05:44:51][INFO] - Epoch: 1711 | learning rate: 7.813e-07 | training loss: 5.875e-02 | training energy RMSE (per atom):    3.2 meV | training energy MAE (per atom):    1.9 meV | training forces RMSE:   73.1 meV/A | training forces MAE:  45.94 meV/A | validation loss: 9.319e-03 | validation energy RMSE (per atom):   14.5 meV | validation energy MAE (per atom):    2.7 meV | validation forces RMSE:  102.8 meV/A | validation forces MAE:  50.80 meV/A
[2025-10-14 05:45:28][INFO] - Epoch: 1712 | learning rate: 7.813e-07 | training loss: 5.911e-02 | training energy RMSE (per atom):    3.3 meV | training energy MAE (per atom):    2.1 meV | training forces RMSE:   73.0 meV/A | training forces MAE:  45.87 meV/A | validation loss: 9.456e-03 | validation energy RMSE (per atom):   14.8 meV | validation energy MAE (per atom):    4.0 meV | validation forces RMSE:  102.6 meV/A | validation forces MAE:  50.74 meV/A
[2025-10-14 05:46:07][INFO] - Epoch: 1713 | learning rate: 7.813e-07 | training loss: 5.922e-02 | training energy RMSE (per atom):    3.1 meV | training energy MAE (per atom):    1.9 meV | training forces RMSE:   73.1 meV/A | training forces MAE:  45.90 meV/A | validation loss: 9.266e-03 | validation energy RMSE (per atom):   14.4 meV | validation energy MAE (per atom):    2.7 meV | validation forces RMSE:  102.5 meV/A | validation forces MAE:  50.73 meV/A
[2025-10-14 05:46:45][INFO] - Epoch: 1714 | learning rate: 7.813e-07 | training loss: 5.885e-02 | training energy RMSE (per atom):    3.3 meV | training energy MAE (per atom):    2.1 meV | training forces RMSE:   73.0 meV/A | training forces MAE:  45.86 meV/A | validation loss: 9.216e-03 | validation energy RMSE (per atom):   14.3 meV | validation energy MAE (per atom):    3.2 meV | validation forces RMSE:  102.6 meV/A | validation forces MAE:  50.66 meV/A
[2025-10-14 05:47:23][INFO] - Epoch: 1715 | learning rate: 7.813e-07 | training loss: 5.801e-02 | training energy RMSE (per atom):    3.2 meV | training energy MAE (per atom):    2.0 meV | training forces RMSE:   72.9 meV/A | training forces MAE:  45.83 meV/A | validation loss: 9.315e-03 | validation energy RMSE (per atom):   14.4 meV | validation energy MAE (per atom):    2.7 meV | validation forces RMSE:  102.8 meV/A | validation forces MAE:  50.76 meV/A
[2025-10-14 05:48:01][INFO] - Epoch: 1716 | learning rate: 7.813e-07 | training loss: 5.878e-02 | training energy RMSE (per atom):    3.2 meV | training energy MAE (per atom):    2.0 meV | training forces RMSE:   73.0 meV/A | training forces MAE:  45.89 meV/A | validation loss: 9.278e-03 | validation energy RMSE (per atom):   14.4 meV | validation energy MAE (per atom):    3.5 meV | validation forces RMSE:  102.5 meV/A | validation forces MAE:  50.72 meV/A
[2025-10-14 05:48:39][INFO] - Epoch: 1717 | learning rate: 7.813e-07 | training loss: 5.877e-02 | training energy RMSE (per atom):    3.2 meV | training energy MAE (per atom):    1.9 meV | training forces RMSE:   73.0 meV/A | training forces MAE:  45.86 meV/A | validation loss: 9.252e-03 | validation energy RMSE (per atom):   14.4 meV | validation energy MAE (per atom):    4.2 meV | validation forces RMSE:  102.8 meV/A | validation forces MAE:  50.82 meV/A
[2025-10-14 05:49:17][INFO] - Epoch: 1718 | learning rate: 7.813e-07 | training loss: 5.904e-02 | training energy RMSE (per atom):    3.2 meV | training energy MAE (per atom):    2.0 meV | training forces RMSE:   73.1 meV/A | training forces MAE:  45.90 meV/A | validation loss: 9.280e-03 | validation energy RMSE (per atom):   14.5 meV | validation energy MAE (per atom):    2.7 meV | validation forces RMSE:  102.3 meV/A | validation forces MAE:  50.71 meV/A
[2025-10-14 05:49:55][INFO] - Epoch: 1719 | learning rate: 7.813e-07 | training loss: 5.857e-02 | training energy RMSE (per atom):    3.2 meV | training energy MAE (per atom):    1.9 meV | training forces RMSE:   73.0 meV/A | training forces MAE:  45.86 meV/A | validation loss: 9.303e-03 | validation energy RMSE (per atom):   14.5 meV | validation energy MAE (per atom):    4.0 meV | validation forces RMSE:  102.6 meV/A | validation forces MAE:  50.67 meV/A
[2025-10-14 05:50:33][INFO] - Epoch: 1720 | learning rate: 7.813e-07 | training loss: 5.825e-02 | training energy RMSE (per atom):    3.2 meV | training energy MAE (per atom):    1.9 meV | training forces RMSE:   73.0 meV/A | training forces MAE:  45.91 meV/A | validation loss: 9.470e-03 | validation energy RMSE (per atom):   14.7 meV | validation energy MAE (per atom):    3.0 meV | validation forces RMSE:  102.8 meV/A | validation forces MAE:  51.04 meV/A
[2025-10-14 05:51:11][INFO] - Epoch: 1721 | learning rate: 7.813e-07 | training loss: 5.892e-02 | training energy RMSE (per atom):    3.2 meV | training energy MAE (per atom):    2.0 meV | training forces RMSE:   72.9 meV/A | training forces MAE:  45.79 meV/A | validation loss: 9.444e-03 | validation energy RMSE (per atom):   14.7 meV | validation energy MAE (per atom):    3.1 meV | validation forces RMSE:  102.8 meV/A | validation forces MAE:  51.06 meV/A
[2025-10-14 05:51:49][INFO] - Epoch: 1722 | learning rate: 7.813e-07 | training loss: 5.889e-02 | training energy RMSE (per atom):    3.2 meV | training energy MAE (per atom):    2.0 meV | training forces RMSE:   73.0 meV/A | training forces MAE:  45.88 meV/A | validation loss: 9.290e-03 | validation energy RMSE (per atom):   14.4 meV | validation energy MAE (per atom):    2.9 meV | validation forces RMSE:  102.5 meV/A | validation forces MAE:  50.83 meV/A
[2025-10-14 05:52:27][INFO] - Epoch: 1723 | learning rate: 7.813e-07 | training loss: 5.869e-02 | training energy RMSE (per atom):    3.1 meV | training energy MAE (per atom):    1.9 meV | training forces RMSE:   73.1 meV/A | training forces MAE:  45.93 meV/A | validation loss: 9.307e-03 | validation energy RMSE (per atom):   14.4 meV | validation energy MAE (per atom):    2.8 meV | validation forces RMSE:  102.7 meV/A | validation forces MAE:  50.78 meV/A
[2025-10-14 05:53:05][INFO] - Epoch: 1724 | learning rate: 7.813e-07 | training loss: 5.845e-02 | training energy RMSE (per atom):    3.2 meV | training energy MAE (per atom):    1.9 meV | training forces RMSE:   73.1 meV/A | training forces MAE:  45.89 meV/A | validation loss: 9.262e-03 | validation energy RMSE (per atom):   14.4 meV | validation energy MAE (per atom):    2.9 meV | validation forces RMSE:  102.5 meV/A | validation forces MAE:  50.70 meV/A
[2025-10-14 05:53:43][INFO] - Epoch: 1725 | learning rate: 7.813e-07 | training loss: 5.823e-02 | training energy RMSE (per atom):    3.1 meV | training energy MAE (per atom):    1.9 meV | training forces RMSE:   73.0 meV/A | training forces MAE:  45.85 meV/A | validation loss: 9.313e-03 | validation energy RMSE (per atom):   14.5 meV | validation energy MAE (per atom):    2.8 meV | validation forces RMSE:  102.6 meV/A | validation forces MAE:  50.87 meV/A
[2025-10-14 05:54:22][INFO] - Epoch: 1726 | learning rate: 7.813e-07 | training loss: 5.871e-02 | training energy RMSE (per atom):    3.1 meV | training energy MAE (per atom):    1.9 meV | training forces RMSE:   73.1 meV/A | training forces MAE:  45.86 meV/A | validation loss: 9.346e-03 | validation energy RMSE (per atom):   14.5 meV | validation energy MAE (per atom):    2.7 meV | validation forces RMSE:  102.8 meV/A | validation forces MAE:  50.92 meV/A
[2025-10-14 05:55:00][INFO] - Epoch: 1727 | learning rate: 7.813e-07 | training loss: 5.898e-02 | training energy RMSE (per atom):    3.3 meV | training energy MAE (per atom):    2.1 meV | training forces RMSE:   73.1 meV/A | training forces MAE:  45.85 meV/A | validation loss: 9.459e-03 | validation energy RMSE (per atom):   14.8 meV | validation energy MAE (per atom):    4.1 meV | validation forces RMSE:  102.5 meV/A | validation forces MAE:  50.69 meV/A
[2025-10-14 05:55:38][INFO] - Epoch: 1728 | learning rate: 7.813e-07 | training loss: 5.874e-02 | training energy RMSE (per atom):    3.2 meV | training energy MAE (per atom):    1.9 meV | training forces RMSE:   73.0 meV/A | training forces MAE:  45.86 meV/A | validation loss: 9.347e-03 | validation energy RMSE (per atom):   14.5 meV | validation energy MAE (per atom):    2.9 meV | validation forces RMSE:  102.6 meV/A | validation forces MAE:  50.79 meV/A
[2025-10-14 05:56:16][INFO] - Epoch: 1729 | learning rate: 7.813e-07 | training loss: 5.901e-02 | training energy RMSE (per atom):    3.2 meV | training energy MAE (per atom):    2.0 meV | training forces RMSE:   73.0 meV/A | training forces MAE:  45.86 meV/A | validation loss: 9.341e-03 | validation energy RMSE (per atom):   14.5 meV | validation energy MAE (per atom):    2.7 meV | validation forces RMSE:  102.8 meV/A | validation forces MAE:  50.90 meV/A
[2025-10-14 05:56:54][INFO] - Epoch: 1730 | learning rate: 7.813e-07 | training loss: 5.934e-02 | training energy RMSE (per atom):    3.2 meV | training energy MAE (per atom):    1.9 meV | training forces RMSE:   73.0 meV/A | training forces MAE:  45.90 meV/A | validation loss: 9.407e-03 | validation energy RMSE (per atom):   14.6 meV | validation energy MAE (per atom):    2.9 meV | validation forces RMSE:  102.7 meV/A | validation forces MAE:  50.76 meV/A
[2025-10-14 05:57:31][INFO] - Epoch: 1731 | learning rate: 7.813e-07 | training loss: 5.821e-02 | training energy RMSE (per atom):    3.2 meV | training energy MAE (per atom):    2.0 meV | training forces RMSE:   72.9 meV/A | training forces MAE:  45.82 meV/A | validation loss: 9.343e-03 | validation energy RMSE (per atom):   14.5 meV | validation energy MAE (per atom):    3.0 meV | validation forces RMSE:  102.6 meV/A | validation forces MAE:  50.81 meV/A
[2025-10-14 05:58:10][INFO] - Epoch: 1732 | learning rate: 7.813e-07 | training loss: 5.907e-02 | training energy RMSE (per atom):    3.1 meV | training energy MAE (per atom):    1.8 meV | training forces RMSE:   73.0 meV/A | training forces MAE:  45.85 meV/A | validation loss: 9.305e-03 | validation energy RMSE (per atom):   14.5 meV | validation energy MAE (per atom):    2.8 meV | validation forces RMSE:  102.3 meV/A | validation forces MAE:  50.73 meV/A
[2025-10-14 05:58:48][INFO] - Epoch: 1733 | learning rate: 7.813e-07 | training loss: 5.849e-02 | training energy RMSE (per atom):    3.2 meV | training energy MAE (per atom):    1.9 meV | training forces RMSE:   73.0 meV/A | training forces MAE:  45.88 meV/A | validation loss: 9.250e-03 | validation energy RMSE (per atom):   14.4 meV | validation energy MAE (per atom):    3.0 meV | validation forces RMSE:  102.5 meV/A | validation forces MAE:  50.77 meV/A
[2025-10-14 05:59:26][INFO] - Epoch: 1734 | learning rate: 7.813e-07 | training loss: 5.820e-02 | training energy RMSE (per atom):    3.2 meV | training energy MAE (per atom):    2.0 meV | training forces RMSE:   72.9 meV/A | training forces MAE:  45.86 meV/A | validation loss: 9.269e-03 | validation energy RMSE (per atom):   14.4 meV | validation energy MAE (per atom):    3.1 meV | validation forces RMSE:  102.5 meV/A | validation forces MAE:  50.76 meV/A
[2025-10-14 06:00:04][INFO] - Epoch: 1735 | learning rate: 7.813e-07 | training loss: 5.890e-02 | training energy RMSE (per atom):    3.1 meV | training energy MAE (per atom):    1.9 meV | training forces RMSE:   72.9 meV/A | training forces MAE:  45.85 meV/A | validation loss: 9.284e-03 | validation energy RMSE (per atom):   14.5 meV | validation energy MAE (per atom):    3.9 meV | validation forces RMSE:  102.5 meV/A | validation forces MAE:  50.68 meV/A
[2025-10-14 06:00:42][INFO] - Epoch: 1736 | learning rate: 7.813e-07 | training loss: 5.891e-02 | training energy RMSE (per atom):    3.3 meV | training energy MAE (per atom):    2.0 meV | training forces RMSE:   73.0 meV/A | training forces MAE:  45.83 meV/A | validation loss: 9.265e-03 | validation energy RMSE (per atom):   14.4 meV | validation energy MAE (per atom):    3.3 meV | validation forces RMSE:  102.5 meV/A | validation forces MAE:  50.79 meV/A
[2025-10-14 06:01:19][INFO] - Epoch: 1737 | learning rate: 7.813e-07 | training loss: 5.861e-02 | training energy RMSE (per atom):    3.2 meV | training energy MAE (per atom):    2.0 meV | training forces RMSE:   72.8 meV/A | training forces MAE:  45.79 meV/A | validation loss: 9.395e-03 | validation energy RMSE (per atom):   14.6 meV | validation energy MAE (per atom):    2.9 meV | validation forces RMSE:  102.7 meV/A | validation forces MAE:  50.82 meV/A
[2025-10-14 06:01:57][INFO] - Epoch: 1738 | learning rate: 7.813e-07 | training loss: 5.876e-02 | training energy RMSE (per atom):    3.1 meV | training energy MAE (per atom):    1.9 meV | training forces RMSE:   72.9 meV/A | training forces MAE:  45.81 meV/A | validation loss: 9.272e-03 | validation energy RMSE (per atom):   14.4 meV | validation energy MAE (per atom):    3.2 meV | validation forces RMSE:  102.4 meV/A | validation forces MAE:  50.74 meV/A
[2025-10-14 06:02:35][INFO] - Epoch: 1739 | learning rate: 7.813e-07 | training loss: 5.835e-02 | training energy RMSE (per atom):    3.2 meV | training energy MAE (per atom):    2.0 meV | training forces RMSE:   73.0 meV/A | training forces MAE:  45.88 meV/A | validation loss: 9.261e-03 | validation energy RMSE (per atom):   14.4 meV | validation energy MAE (per atom):    2.7 meV | validation forces RMSE:  102.5 meV/A | validation forces MAE:  50.67 meV/A
[2025-10-14 06:03:13][INFO] - Epoch: 1740 | learning rate: 7.813e-07 | training loss: 5.762e-02 | training energy RMSE (per atom):    3.2 meV | training energy MAE (per atom):    1.9 meV | training forces RMSE:   72.9 meV/A | training forces MAE:  45.75 meV/A | validation loss: 9.321e-03 | validation energy RMSE (per atom):   14.5 meV | validation energy MAE (per atom):    3.4 meV | validation forces RMSE:  102.8 meV/A | validation forces MAE:  50.86 meV/A
[2025-10-14 06:03:51][INFO] - Epoch: 1741 | learning rate: 7.813e-07 | training loss: 5.908e-02 | training energy RMSE (per atom):    3.2 meV | training energy MAE (per atom):    1.9 meV | training forces RMSE:   73.0 meV/A | training forces MAE:  45.85 meV/A | validation loss: 9.289e-03 | validation energy RMSE (per atom):   14.4 meV | validation energy MAE (per atom):    2.8 meV | validation forces RMSE:  102.6 meV/A | validation forces MAE:  50.90 meV/A
[2025-10-14 06:04:28][INFO] - Epoch: 1742 | learning rate: 7.813e-07 | training loss: 5.878e-02 | training energy RMSE (per atom):    3.2 meV | training energy MAE (per atom):    1.9 meV | training forces RMSE:   73.0 meV/A | training forces MAE:  45.84 meV/A | validation loss: 9.303e-03 | validation energy RMSE (per atom):   14.5 meV | validation energy MAE (per atom):    2.9 meV | validation forces RMSE:  102.4 meV/A | validation forces MAE:  50.74 meV/A
[2025-10-14 06:05:06][INFO] - Epoch: 1743 | learning rate: 7.813e-07 | training loss: 5.850e-02 | training energy RMSE (per atom):    3.2 meV | training energy MAE (per atom):    2.0 meV | training forces RMSE:   72.9 meV/A | training forces MAE:  45.79 meV/A | validation loss: 9.331e-03 | validation energy RMSE (per atom):   14.5 meV | validation energy MAE (per atom):    2.8 meV | validation forces RMSE:  102.4 meV/A | validation forces MAE:  50.82 meV/A
[2025-10-14 06:05:44][INFO] - Epoch: 1744 | learning rate: 7.813e-07 | training loss: 5.924e-02 | training energy RMSE (per atom):    3.2 meV | training energy MAE (per atom):    2.0 meV | training forces RMSE:   72.9 meV/A | training forces MAE:  45.81 meV/A | validation loss: 9.302e-03 | validation energy RMSE (per atom):   14.5 meV | validation energy MAE (per atom):    2.7 meV | validation forces RMSE:  102.4 meV/A | validation forces MAE:  50.74 meV/A
[2025-10-14 06:06:22][INFO] - Epoch: 1745 | learning rate: 7.813e-07 | training loss: 5.848e-02 | training energy RMSE (per atom):    3.2 meV | training energy MAE (per atom):    2.0 meV | training forces RMSE:   72.9 meV/A | training forces MAE:  45.86 meV/A | validation loss: 9.427e-03 | validation energy RMSE (per atom):   14.7 meV | validation energy MAE (per atom):    3.9 meV | validation forces RMSE:  102.5 meV/A | validation forces MAE:  50.71 meV/A
[2025-10-14 06:07:01][INFO] - Epoch: 1746 | learning rate: 7.813e-07 | training loss: 5.836e-02 | training energy RMSE (per atom):    3.2 meV | training energy MAE (per atom):    2.0 meV | training forces RMSE:   72.9 meV/A | training forces MAE:  45.86 meV/A | validation loss: 9.315e-03 | validation energy RMSE (per atom):   14.5 meV | validation energy MAE (per atom):    2.8 meV | validation forces RMSE:  102.3 meV/A | validation forces MAE:  50.61 meV/A
[2025-10-14 06:07:38][INFO] - Epoch: 1747 | learning rate: 7.813e-07 | training loss: 5.954e-02 | training energy RMSE (per atom):    3.2 meV | training energy MAE (per atom):    1.9 meV | training forces RMSE:   73.0 meV/A | training forces MAE:  45.86 meV/A | validation loss: 9.380e-03 | validation energy RMSE (per atom):   14.6 meV | validation energy MAE (per atom):    3.2 meV | validation forces RMSE:  102.6 meV/A | validation forces MAE:  50.95 meV/A
[2025-10-14 06:08:16][INFO] - Epoch: 1748 | learning rate: 7.813e-07 | training loss: 5.855e-02 | training energy RMSE (per atom):    3.2 meV | training energy MAE (per atom):    2.0 meV | training forces RMSE:   73.0 meV/A | training forces MAE:  45.88 meV/A | validation loss: 9.316e-03 | validation energy RMSE (per atom):   14.5 meV | validation energy MAE (per atom):    2.8 meV | validation forces RMSE:  102.7 meV/A | validation forces MAE:  50.73 meV/A
[2025-10-14 06:08:54][INFO] - Epoch: 1749 | learning rate: 7.813e-07 | training loss: 5.836e-02 | training energy RMSE (per atom):    3.1 meV | training energy MAE (per atom):    1.9 meV | training forces RMSE:   72.9 meV/A | training forces MAE:  45.82 meV/A | validation loss: 9.323e-03 | validation energy RMSE (per atom):   14.5 meV | validation energy MAE (per atom):    2.7 meV | validation forces RMSE:  102.4 meV/A | validation forces MAE:  50.75 meV/A
[2025-10-14 06:09:32][INFO] - Epoch: 1750 | learning rate: 7.813e-07 | training loss: 5.871e-02 | training energy RMSE (per atom):    3.1 meV | training energy MAE (per atom):    1.9 meV | training forces RMSE:   72.9 meV/A | training forces MAE:  45.82 meV/A | validation loss: 9.376e-03 | validation energy RMSE (per atom):   14.6 meV | validation energy MAE (per atom):    3.2 meV | validation forces RMSE:  102.4 meV/A | validation forces MAE:  50.70 meV/A
[2025-10-14 06:10:10][INFO] - Epoch: 1751 | learning rate: 7.813e-07 | training loss: 5.898e-02 | training energy RMSE (per atom):    3.2 meV | training energy MAE (per atom):    1.9 meV | training forces RMSE:   73.0 meV/A | training forces MAE:  45.87 meV/A | validation loss: 9.339e-03 | validation energy RMSE (per atom):   14.5 meV | validation energy MAE (per atom):    2.8 meV | validation forces RMSE:  102.4 meV/A | validation forces MAE:  50.73 meV/A
[2025-10-14 06:10:48][INFO] - Epoch: 1752 | learning rate: 7.813e-07 | training loss: 5.833e-02 | training energy RMSE (per atom):    3.2 meV | training energy MAE (per atom):    2.0 meV | training forces RMSE:   72.9 meV/A | training forces MAE:  45.80 meV/A | validation loss: 9.258e-03 | validation energy RMSE (per atom):   14.4 meV | validation energy MAE (per atom):    3.3 meV | validation forces RMSE:  102.4 meV/A | validation forces MAE:  50.71 meV/A
[2025-10-14 06:11:26][INFO] - Epoch: 1753 | learning rate: 7.813e-07 | training loss: 5.801e-02 | training energy RMSE (per atom):    3.2 meV | training energy MAE (per atom):    2.0 meV | training forces RMSE:   72.9 meV/A | training forces MAE:  45.82 meV/A | validation loss: 9.319e-03 | validation energy RMSE (per atom):   14.5 meV | validation energy MAE (per atom):    2.9 meV | validation forces RMSE:  102.6 meV/A | validation forces MAE:  50.80 meV/A
[2025-10-14 06:12:03][INFO] - Epoch: 1754 | learning rate: 7.813e-07 | training loss: 5.862e-02 | training energy RMSE (per atom):    3.2 meV | training energy MAE (per atom):    1.9 meV | training forces RMSE:   73.0 meV/A | training forces MAE:  45.88 meV/A | validation loss: 9.272e-03 | validation energy RMSE (per atom):   14.4 meV | validation energy MAE (per atom):    3.0 meV | validation forces RMSE:  102.6 meV/A | validation forces MAE:  50.66 meV/A
[2025-10-14 06:12:03][INFO] - Changing learning rate from 7.8125e-07 to 3.90625e-07
[2025-10-14 06:12:42][INFO] - Epoch: 1755 | learning rate: 3.906e-07 | training loss: 5.815e-02 | training energy RMSE (per atom):    3.1 meV | training energy MAE (per atom):    1.9 meV | training forces RMSE:   72.8 meV/A | training forces MAE:  45.71 meV/A | validation loss: 9.267e-03 | validation energy RMSE (per atom):   14.5 meV | validation energy MAE (per atom):    2.7 meV | validation forces RMSE:  102.3 meV/A | validation forces MAE:  50.61 meV/A
[2025-10-14 06:13:20][INFO] - Epoch: 1756 | learning rate: 3.906e-07 | training loss: 5.860e-02 | training energy RMSE (per atom):    3.1 meV | training energy MAE (per atom):    1.8 meV | training forces RMSE:   72.7 meV/A | training forces MAE:  45.69 meV/A | validation loss: 9.307e-03 | validation energy RMSE (per atom):   14.5 meV | validation energy MAE (per atom):    2.8 meV | validation forces RMSE:  102.5 meV/A | validation forces MAE:  50.71 meV/A
[2025-10-14 06:13:57][INFO] - Epoch: 1757 | learning rate: 3.906e-07 | training loss: 5.874e-02 | training energy RMSE (per atom):    3.1 meV | training energy MAE (per atom):    1.8 meV | training forces RMSE:   72.7 meV/A | training forces MAE:  45.70 meV/A | validation loss: 9.294e-03 | validation energy RMSE (per atom):   14.5 meV | validation energy MAE (per atom):    2.7 meV | validation forces RMSE:  102.5 meV/A | validation forces MAE:  50.65 meV/A
[2025-10-14 06:14:35][INFO] - Epoch: 1758 | learning rate: 3.906e-07 | training loss: 5.843e-02 | training energy RMSE (per atom):    3.1 meV | training energy MAE (per atom):    1.8 meV | training forces RMSE:   72.7 meV/A | training forces MAE:  45.69 meV/A | validation loss: 9.287e-03 | validation energy RMSE (per atom):   14.5 meV | validation energy MAE (per atom):    2.8 meV | validation forces RMSE:  102.4 meV/A | validation forces MAE:  50.65 meV/A
[2025-10-14 06:15:13][INFO] - Epoch: 1759 | learning rate: 3.906e-07 | training loss: 5.853e-02 | training energy RMSE (per atom):    3.1 meV | training energy MAE (per atom):    1.9 meV | training forces RMSE:   72.8 meV/A | training forces MAE:  45.78 meV/A | validation loss: 9.270e-03 | validation energy RMSE (per atom):   14.4 meV | validation energy MAE (per atom):    2.9 meV | validation forces RMSE:  102.4 meV/A | validation forces MAE:  50.68 meV/A
[2025-10-14 06:15:52][INFO] - Epoch: 1760 | learning rate: 3.906e-07 | training loss: 5.846e-02 | training energy RMSE (per atom):    3.1 meV | training energy MAE (per atom):    1.8 meV | training forces RMSE:   72.7 meV/A | training forces MAE:  45.70 meV/A | validation loss: 9.353e-03 | validation energy RMSE (per atom):   14.6 meV | validation energy MAE (per atom):    2.9 meV | validation forces RMSE:  102.6 meV/A | validation forces MAE:  50.72 meV/A
[2025-10-14 06:16:29][INFO] - Epoch: 1761 | learning rate: 3.906e-07 | training loss: 5.730e-02 | training energy RMSE (per atom):    3.1 meV | training energy MAE (per atom):    1.8 meV | training forces RMSE:   72.7 meV/A | training forces MAE:  45.68 meV/A | validation loss: 9.302e-03 | validation energy RMSE (per atom):   14.5 meV | validation energy MAE (per atom):    2.7 meV | validation forces RMSE:  102.5 meV/A | validation forces MAE:  50.71 meV/A
[2025-10-14 06:17:06][INFO] - Epoch: 1762 | learning rate: 3.906e-07 | training loss: 5.852e-02 | training energy RMSE (per atom):    3.1 meV | training energy MAE (per atom):    1.9 meV | training forces RMSE:   72.7 meV/A | training forces MAE:  45.67 meV/A | validation loss: 9.268e-03 | validation energy RMSE (per atom):   14.4 meV | validation energy MAE (per atom):    3.2 meV | validation forces RMSE:  102.5 meV/A | validation forces MAE:  50.72 meV/A
[2025-10-14 06:17:44][INFO] - Epoch: 1763 | learning rate: 3.906e-07 | training loss: 5.776e-02 | training energy RMSE (per atom):    3.1 meV | training energy MAE (per atom):    1.8 meV | training forces RMSE:   72.7 meV/A | training forces MAE:  45.70 meV/A | validation loss: 9.268e-03 | validation energy RMSE (per atom):   14.4 meV | validation energy MAE (per atom):    3.0 meV | validation forces RMSE:  102.4 meV/A | validation forces MAE:  50.65 meV/A
[2025-10-14 06:18:22][INFO] - Epoch: 1764 | learning rate: 3.906e-07 | training loss: 5.769e-02 | training energy RMSE (per atom):    3.1 meV | training energy MAE (per atom):    1.8 meV | training forces RMSE:   72.8 meV/A | training forces MAE:  45.73 meV/A | validation loss: 9.293e-03 | validation energy RMSE (per atom):   14.5 meV | validation energy MAE (per atom):    2.7 meV | validation forces RMSE:  102.4 meV/A | validation forces MAE:  50.63 meV/A
[2025-10-14 06:19:00][INFO] - Epoch: 1765 | learning rate: 3.906e-07 | training loss: 5.859e-02 | training energy RMSE (per atom):    3.1 meV | training energy MAE (per atom):    1.9 meV | training forces RMSE:   72.7 meV/A | training forces MAE:  45.68 meV/A | validation loss: 9.273e-03 | validation energy RMSE (per atom):   14.4 meV | validation energy MAE (per atom):    2.9 meV | validation forces RMSE:  102.4 meV/A | validation forces MAE:  50.64 meV/A
[2025-10-14 06:19:38][INFO] - Epoch: 1766 | learning rate: 3.906e-07 | training loss: 5.845e-02 | training energy RMSE (per atom):    3.1 meV | training energy MAE (per atom):    1.8 meV | training forces RMSE:   72.8 meV/A | training forces MAE:  45.74 meV/A | validation loss: 9.282e-03 | validation energy RMSE (per atom):   14.4 meV | validation energy MAE (per atom):    2.9 meV | validation forces RMSE:  102.6 meV/A | validation forces MAE:  50.69 meV/A
[2025-10-14 06:20:15][INFO] - Epoch: 1767 | learning rate: 3.906e-07 | training loss: 5.793e-02 | training energy RMSE (per atom):    3.1 meV | training energy MAE (per atom):    1.8 meV | training forces RMSE:   72.8 meV/A | training forces MAE:  45.69 meV/A | validation loss: 9.253e-03 | validation energy RMSE (per atom):   14.4 meV | validation energy MAE (per atom):    2.8 meV | validation forces RMSE:  102.3 meV/A | validation forces MAE:  50.65 meV/A
[2025-10-14 06:20:54][INFO] - Epoch: 1768 | learning rate: 3.906e-07 | training loss: 5.836e-02 | training energy RMSE (per atom):    3.1 meV | training energy MAE (per atom):    1.8 meV | training forces RMSE:   72.7 meV/A | training forces MAE:  45.68 meV/A | validation loss: 9.291e-03 | validation energy RMSE (per atom):   14.5 meV | validation energy MAE (per atom):    2.8 meV | validation forces RMSE:  102.4 meV/A | validation forces MAE:  50.64 meV/A
[2025-10-14 06:21:32][INFO] - Epoch: 1769 | learning rate: 3.906e-07 | training loss: 5.849e-02 | training energy RMSE (per atom):    3.1 meV | training energy MAE (per atom):    1.9 meV | training forces RMSE:   72.7 meV/A | training forces MAE:  45.69 meV/A | validation loss: 9.265e-03 | validation energy RMSE (per atom):   14.4 meV | validation energy MAE (per atom):    2.7 meV | validation forces RMSE:  102.5 meV/A | validation forces MAE:  50.70 meV/A
[2025-10-14 06:22:10][INFO] - Epoch: 1770 | learning rate: 3.906e-07 | training loss: 5.861e-02 | training energy RMSE (per atom):    3.1 meV | training energy MAE (per atom):    1.8 meV | training forces RMSE:   72.7 meV/A | training forces MAE:  45.69 meV/A | validation loss: 9.249e-03 | validation energy RMSE (per atom):   14.4 meV | validation energy MAE (per atom):    2.8 meV | validation forces RMSE:  102.4 meV/A | validation forces MAE:  50.76 meV/A
[2025-10-14 06:22:48][INFO] - Epoch: 1771 | learning rate: 3.906e-07 | training loss: 5.867e-02 | training energy RMSE (per atom):    3.1 meV | training energy MAE (per atom):    1.8 meV | training forces RMSE:   72.7 meV/A | training forces MAE:  45.74 meV/A | validation loss: 9.285e-03 | validation energy RMSE (per atom):   14.5 meV | validation energy MAE (per atom):    2.7 meV | validation forces RMSE:  102.5 meV/A | validation forces MAE:  50.65 meV/A
[2025-10-14 06:23:26][INFO] - Epoch: 1772 | learning rate: 3.906e-07 | training loss: 5.848e-02 | training energy RMSE (per atom):    3.0 meV | training energy MAE (per atom):    1.8 meV | training forces RMSE:   72.7 meV/A | training forces MAE:  45.68 meV/A | validation loss: 9.261e-03 | validation energy RMSE (per atom):   14.4 meV | validation energy MAE (per atom):    2.9 meV | validation forces RMSE:  102.4 meV/A | validation forces MAE:  50.61 meV/A
[2025-10-14 06:24:04][INFO] - Epoch: 1773 | learning rate: 3.906e-07 | training loss: 5.836e-02 | training energy RMSE (per atom):    3.1 meV | training energy MAE (per atom):    1.8 meV | training forces RMSE:   72.8 meV/A | training forces MAE:  45.71 meV/A | validation loss: 9.283e-03 | validation energy RMSE (per atom):   14.4 meV | validation energy MAE (per atom):    2.8 meV | validation forces RMSE:  102.5 meV/A | validation forces MAE:  50.63 meV/A
[2025-10-14 06:24:42][INFO] - Epoch: 1774 | learning rate: 3.906e-07 | training loss: 5.818e-02 | training energy RMSE (per atom):    3.2 meV | training energy MAE (per atom):    1.9 meV | training forces RMSE:   72.7 meV/A | training forces MAE:  45.68 meV/A | validation loss: 9.317e-03 | validation energy RMSE (per atom):   14.5 meV | validation energy MAE (per atom):    2.9 meV | validation forces RMSE:  102.4 meV/A | validation forces MAE:  50.65 meV/A
[2025-10-14 06:25:20][INFO] - Epoch: 1775 | learning rate: 3.906e-07 | training loss: 5.848e-02 | training energy RMSE (per atom):    3.1 meV | training energy MAE (per atom):    1.9 meV | training forces RMSE:   72.7 meV/A | training forces MAE:  45.70 meV/A | validation loss: 9.325e-03 | validation energy RMSE (per atom):   14.5 meV | validation energy MAE (per atom):    2.9 meV | validation forces RMSE:  102.6 meV/A | validation forces MAE:  50.69 meV/A
[2025-10-14 06:25:58][INFO] - Epoch: 1776 | learning rate: 3.906e-07 | training loss: 5.795e-02 | training energy RMSE (per atom):    3.1 meV | training energy MAE (per atom):    1.8 meV | training forces RMSE:   72.7 meV/A | training forces MAE:  45.67 meV/A | validation loss: 9.271e-03 | validation energy RMSE (per atom):   14.4 meV | validation energy MAE (per atom):    2.7 meV | validation forces RMSE:  102.4 meV/A | validation forces MAE:  50.68 meV/A
[2025-10-14 06:26:35][INFO] - Epoch: 1777 | learning rate: 3.906e-07 | training loss: 5.790e-02 | training energy RMSE (per atom):    3.1 meV | training energy MAE (per atom):    1.8 meV | training forces RMSE:   72.7 meV/A | training forces MAE:  45.69 meV/A | validation loss: 9.314e-03 | validation energy RMSE (per atom):   14.5 meV | validation energy MAE (per atom):    2.8 meV | validation forces RMSE:  102.5 meV/A | validation forces MAE:  50.75 meV/A
[2025-10-14 06:27:14][INFO] - Epoch: 1778 | learning rate: 3.906e-07 | training loss: 5.902e-02 | training energy RMSE (per atom):    3.1 meV | training energy MAE (per atom):    1.8 meV | training forces RMSE:   72.7 meV/A | training forces MAE:  45.67 meV/A | validation loss: 9.224e-03 | validation energy RMSE (per atom):   14.4 meV | validation energy MAE (per atom):    2.7 meV | validation forces RMSE:  102.4 meV/A | validation forces MAE:  50.66 meV/A
[2025-10-14 06:27:52][INFO] - Epoch: 1779 | learning rate: 3.906e-07 | training loss: 5.813e-02 | training energy RMSE (per atom):    3.2 meV | training energy MAE (per atom):    1.9 meV | training forces RMSE:   72.7 meV/A | training forces MAE:  45.70 meV/A | validation loss: 9.308e-03 | validation energy RMSE (per atom):   14.5 meV | validation energy MAE (per atom):    2.7 meV | validation forces RMSE:  102.5 meV/A | validation forces MAE:  50.82 meV/A
[2025-10-14 06:28:30][INFO] - Epoch: 1780 | learning rate: 3.906e-07 | training loss: 5.799e-02 | training energy RMSE (per atom):    3.1 meV | training energy MAE (per atom):    1.8 meV | training forces RMSE:   72.7 meV/A | training forces MAE:  45.70 meV/A | validation loss: 9.341e-03 | validation energy RMSE (per atom):   14.5 meV | validation energy MAE (per atom):    2.9 meV | validation forces RMSE:  102.6 meV/A | validation forces MAE:  50.64 meV/A
[2025-10-14 06:29:07][INFO] - Epoch: 1781 | learning rate: 3.906e-07 | training loss: 5.843e-02 | training energy RMSE (per atom):    3.0 meV | training energy MAE (per atom):    1.8 meV | training forces RMSE:   72.7 meV/A | training forces MAE:  45.72 meV/A | validation loss: 9.303e-03 | validation energy RMSE (per atom):   14.5 meV | validation energy MAE (per atom):    2.7 meV | validation forces RMSE:  102.6 meV/A | validation forces MAE:  50.68 meV/A
[2025-10-14 06:29:45][INFO] - Epoch: 1782 | learning rate: 3.906e-07 | training loss: 5.813e-02 | training energy RMSE (per atom):    3.1 meV | training energy MAE (per atom):    1.8 meV | training forces RMSE:   72.7 meV/A | training forces MAE:  45.68 meV/A | validation loss: 9.268e-03 | validation energy RMSE (per atom):   14.5 meV | validation energy MAE (per atom):    3.8 meV | validation forces RMSE:  102.4 meV/A | validation forces MAE:  50.66 meV/A
[2025-10-14 06:30:23][INFO] - Epoch: 1783 | learning rate: 3.906e-07 | training loss: 5.829e-02 | training energy RMSE (per atom):    3.1 meV | training energy MAE (per atom):    1.9 meV | training forces RMSE:   72.7 meV/A | training forces MAE:  45.69 meV/A | validation loss: 9.265e-03 | validation energy RMSE (per atom):   14.4 meV | validation energy MAE (per atom):    2.7 meV | validation forces RMSE:  102.5 meV/A | validation forces MAE:  50.71 meV/A
[2025-10-14 06:31:01][INFO] - Epoch: 1784 | learning rate: 3.906e-07 | training loss: 5.776e-02 | training energy RMSE (per atom):    3.1 meV | training energy MAE (per atom):    1.8 meV | training forces RMSE:   72.6 meV/A | training forces MAE:  45.68 meV/A | validation loss: 9.338e-03 | validation energy RMSE (per atom):   14.6 meV | validation energy MAE (per atom):    3.0 meV | validation forces RMSE:  102.4 meV/A | validation forces MAE:  50.56 meV/A
[2025-10-14 06:31:40][INFO] - Epoch: 1785 | learning rate: 3.906e-07 | training loss: 5.786e-02 | training energy RMSE (per atom):    3.1 meV | training energy MAE (per atom):    1.9 meV | training forces RMSE:   72.6 meV/A | training forces MAE:  45.67 meV/A | validation loss: 9.269e-03 | validation energy RMSE (per atom):   14.4 meV | validation energy MAE (per atom):    2.9 meV | validation forces RMSE:  102.5 meV/A | validation forces MAE:  50.64 meV/A
[2025-10-14 06:32:18][INFO] - Epoch: 1786 | learning rate: 3.906e-07 | training loss: 5.802e-02 | training energy RMSE (per atom):    3.1 meV | training energy MAE (per atom):    1.8 meV | training forces RMSE:   72.7 meV/A | training forces MAE:  45.72 meV/A | validation loss: 9.293e-03 | validation energy RMSE (per atom):   14.5 meV | validation energy MAE (per atom):    2.7 meV | validation forces RMSE:  102.5 meV/A | validation forces MAE:  50.60 meV/A
[2025-10-14 06:32:56][INFO] - Epoch: 1787 | learning rate: 3.906e-07 | training loss: 5.763e-02 | training energy RMSE (per atom):    3.1 meV | training energy MAE (per atom):    1.8 meV | training forces RMSE:   72.7 meV/A | training forces MAE:  45.65 meV/A | validation loss: 9.280e-03 | validation energy RMSE (per atom):   14.5 meV | validation energy MAE (per atom):    3.3 meV | validation forces RMSE:  102.3 meV/A | validation forces MAE:  50.71 meV/A
[2025-10-14 06:33:34][INFO] - Epoch: 1788 | learning rate: 3.906e-07 | training loss: 5.809e-02 | training energy RMSE (per atom):    3.1 meV | training energy MAE (per atom):    1.8 meV | training forces RMSE:   72.6 meV/A | training forces MAE:  45.68 meV/A | validation loss: 9.267e-03 | validation energy RMSE (per atom):   14.4 meV | validation energy MAE (per atom):    2.8 meV | validation forces RMSE:  102.4 meV/A | validation forces MAE:  50.68 meV/A
[2025-10-14 06:34:13][INFO] - Epoch: 1789 | learning rate: 3.906e-07 | training loss: 5.768e-02 | training energy RMSE (per atom):    3.1 meV | training energy MAE (per atom):    1.8 meV | training forces RMSE:   72.7 meV/A | training forces MAE:  45.72 meV/A | validation loss: 9.282e-03 | validation energy RMSE (per atom):   14.4 meV | validation energy MAE (per atom):    2.7 meV | validation forces RMSE:  102.4 meV/A | validation forces MAE:  50.63 meV/A
[2025-10-14 06:34:50][INFO] - Epoch: 1790 | learning rate: 3.906e-07 | training loss: 5.755e-02 | training energy RMSE (per atom):    3.1 meV | training energy MAE (per atom):    1.9 meV | training forces RMSE:   72.7 meV/A | training forces MAE:  45.70 meV/A | validation loss: 9.275e-03 | validation energy RMSE (per atom):   14.4 meV | validation energy MAE (per atom):    2.8 meV | validation forces RMSE:  102.4 meV/A | validation forces MAE:  50.60 meV/A
[2025-10-14 06:35:28][INFO] - Epoch: 1791 | learning rate: 3.906e-07 | training loss: 5.759e-02 | training energy RMSE (per atom):    3.1 meV | training energy MAE (per atom):    1.9 meV | training forces RMSE:   72.6 meV/A | training forces MAE:  45.65 meV/A | validation loss: 9.293e-03 | validation energy RMSE (per atom):   14.5 meV | validation energy MAE (per atom):    2.8 meV | validation forces RMSE:  102.3 meV/A | validation forces MAE:  50.70 meV/A
[2025-10-14 06:36:06][INFO] - Epoch: 1792 | learning rate: 3.906e-07 | training loss: 5.869e-02 | training energy RMSE (per atom):    3.1 meV | training energy MAE (per atom):    1.9 meV | training forces RMSE:   72.8 meV/A | training forces MAE:  45.74 meV/A | validation loss: 9.274e-03 | validation energy RMSE (per atom):   14.5 meV | validation energy MAE (per atom):    3.3 meV | validation forces RMSE:  102.3 meV/A | validation forces MAE:  50.63 meV/A
[2025-10-14 06:36:44][INFO] - Epoch: 1793 | learning rate: 3.906e-07 | training loss: 5.812e-02 | training energy RMSE (per atom):    3.0 meV | training energy MAE (per atom):    1.8 meV | training forces RMSE:   72.6 meV/A | training forces MAE:  45.69 meV/A | validation loss: 9.331e-03 | validation energy RMSE (per atom):   14.5 meV | validation energy MAE (per atom):    2.9 meV | validation forces RMSE:  102.5 meV/A | validation forces MAE:  50.66 meV/A
[2025-10-14 06:37:21][INFO] - Epoch: 1794 | learning rate: 3.906e-07 | training loss: 5.828e-02 | training energy RMSE (per atom):    3.1 meV | training energy MAE (per atom):    1.9 meV | training forces RMSE:   72.7 meV/A | training forces MAE:  45.67 meV/A | validation loss: 9.267e-03 | validation energy RMSE (per atom):   14.4 meV | validation energy MAE (per atom):    3.0 meV | validation forces RMSE:  102.4 meV/A | validation forces MAE:  50.57 meV/A
[2025-10-14 06:37:59][INFO] - Epoch: 1795 | learning rate: 3.906e-07 | training loss: 5.849e-02 | training energy RMSE (per atom):    3.1 meV | training energy MAE (per atom):    1.9 meV | training forces RMSE:   72.7 meV/A | training forces MAE:  45.69 meV/A | validation loss: 9.354e-03 | validation energy RMSE (per atom):   14.6 meV | validation energy MAE (per atom):    2.9 meV | validation forces RMSE:  102.5 meV/A | validation forces MAE:  50.67 meV/A
[2025-10-14 06:38:36][INFO] - Epoch: 1796 | learning rate: 3.906e-07 | training loss: 5.824e-02 | training energy RMSE (per atom):    3.1 meV | training energy MAE (per atom):    1.9 meV | training forces RMSE:   72.8 meV/A | training forces MAE:  45.67 meV/A | validation loss: 9.258e-03 | validation energy RMSE (per atom):   14.4 meV | validation energy MAE (per atom):    3.2 meV | validation forces RMSE:  102.5 meV/A | validation forces MAE:  50.60 meV/A
[2025-10-14 06:39:15][INFO] - Epoch: 1797 | learning rate: 3.906e-07 | training loss: 5.794e-02 | training energy RMSE (per atom):    3.1 meV | training energy MAE (per atom):    1.9 meV | training forces RMSE:   72.7 meV/A | training forces MAE:  45.72 meV/A | validation loss: 9.298e-03 | validation energy RMSE (per atom):   14.4 meV | validation energy MAE (per atom):    2.7 meV | validation forces RMSE:  102.5 meV/A | validation forces MAE:  50.72 meV/A
[2025-10-14 06:39:53][INFO] - Epoch: 1798 | learning rate: 3.906e-07 | training loss: 5.828e-02 | training energy RMSE (per atom):    3.0 meV | training energy MAE (per atom):    1.8 meV | training forces RMSE:   72.6 meV/A | training forces MAE:  45.68 meV/A | validation loss: 9.301e-03 | validation energy RMSE (per atom):   14.5 meV | validation energy MAE (per atom):    2.7 meV | validation forces RMSE:  102.5 meV/A | validation forces MAE:  50.69 meV/A
[2025-10-14 06:40:30][INFO] - Epoch: 1799 | learning rate: 3.906e-07 | training loss: 5.804e-02 | training energy RMSE (per atom):    3.1 meV | training energy MAE (per atom):    1.8 meV | training forces RMSE:   72.7 meV/A | training forces MAE:  45.70 meV/A | validation loss: 9.230e-03 | validation energy RMSE (per atom):   14.3 meV | validation energy MAE (per atom):    2.7 meV | validation forces RMSE:  102.6 meV/A | validation forces MAE:  50.65 meV/A
[2025-10-14 06:41:09][INFO] - Epoch: 1800 | learning rate: 3.906e-07 | training loss: 5.809e-02 | training energy RMSE (per atom):    3.1 meV | training energy MAE (per atom):    1.8 meV | training forces RMSE:   72.6 meV/A | training forces MAE:  45.63 meV/A | validation loss: 9.316e-03 | validation energy RMSE (per atom):   14.5 meV | validation energy MAE (per atom):    2.8 meV | validation forces RMSE:  102.4 meV/A | validation forces MAE:  50.58 meV/A
[2025-10-14 06:41:47][INFO] - Epoch: 1801 | learning rate: 3.906e-07 | training loss: 5.837e-02 | training energy RMSE (per atom):    3.1 meV | training energy MAE (per atom):    1.9 meV | training forces RMSE:   72.7 meV/A | training forces MAE:  45.69 meV/A | validation loss: 9.212e-03 | validation energy RMSE (per atom):   14.3 meV | validation energy MAE (per atom):    3.1 meV | validation forces RMSE:  102.4 meV/A | validation forces MAE:  50.63 meV/A
[2025-10-14 06:42:25][INFO] - Epoch: 1802 | learning rate: 3.906e-07 | training loss: 5.725e-02 | training energy RMSE (per atom):    3.0 meV | training energy MAE (per atom):    1.8 meV | training forces RMSE:   72.6 meV/A | training forces MAE:  45.65 meV/A | validation loss: 9.290e-03 | validation energy RMSE (per atom):   14.5 meV | validation energy MAE (per atom):    2.7 meV | validation forces RMSE:  102.3 meV/A | validation forces MAE:  50.65 meV/A
[2025-10-14 06:43:02][INFO] - Epoch: 1803 | learning rate: 3.906e-07 | training loss: 5.885e-02 | training energy RMSE (per atom):    3.1 meV | training energy MAE (per atom):    1.8 meV | training forces RMSE:   72.7 meV/A | training forces MAE:  45.72 meV/A | validation loss: 9.298e-03 | validation energy RMSE (per atom):   14.5 meV | validation energy MAE (per atom):    2.8 meV | validation forces RMSE:  102.4 meV/A | validation forces MAE:  50.68 meV/A
[2025-10-14 06:43:40][INFO] - Epoch: 1804 | learning rate: 3.906e-07 | training loss: 5.750e-02 | training energy RMSE (per atom):    3.1 meV | training energy MAE (per atom):    1.8 meV | training forces RMSE:   72.7 meV/A | training forces MAE:  45.72 meV/A | validation loss: 9.292e-03 | validation energy RMSE (per atom):   14.5 meV | validation energy MAE (per atom):    2.7 meV | validation forces RMSE:  102.3 meV/A | validation forces MAE:  50.64 meV/A
[2025-10-14 06:44:18][INFO] - Epoch: 1805 | learning rate: 3.906e-07 | training loss: 5.839e-02 | training energy RMSE (per atom):    3.1 meV | training energy MAE (per atom):    1.9 meV | training forces RMSE:   72.6 meV/A | training forces MAE:  45.66 meV/A | validation loss: 9.321e-03 | validation energy RMSE (per atom):   14.5 meV | validation energy MAE (per atom):    2.9 meV | validation forces RMSE:  102.3 meV/A | validation forces MAE:  50.66 meV/A
[2025-10-14 06:44:55][INFO] - Epoch: 1806 | learning rate: 3.906e-07 | training loss: 5.774e-02 | training energy RMSE (per atom):    3.0 meV | training energy MAE (per atom):    1.8 meV | training forces RMSE:   72.7 meV/A | training forces MAE:  45.68 meV/A | validation loss: 9.261e-03 | validation energy RMSE (per atom):   14.4 meV | validation energy MAE (per atom):    2.8 meV | validation forces RMSE:  102.4 meV/A | validation forces MAE:  50.59 meV/A
[2025-10-14 06:45:33][INFO] - Epoch: 1807 | learning rate: 3.906e-07 | training loss: 5.795e-02 | training energy RMSE (per atom):    3.1 meV | training energy MAE (per atom):    1.8 meV | training forces RMSE:   72.6 meV/A | training forces MAE:  45.67 meV/A | validation loss: 9.344e-03 | validation energy RMSE (per atom):   14.6 meV | validation energy MAE (per atom):    2.8 meV | validation forces RMSE:  102.5 meV/A | validation forces MAE:  50.55 meV/A
[2025-10-14 06:46:11][INFO] - Epoch: 1808 | learning rate: 3.906e-07 | training loss: 5.826e-02 | training energy RMSE (per atom):    3.1 meV | training energy MAE (per atom):    1.9 meV | training forces RMSE:   72.6 meV/A | training forces MAE:  45.64 meV/A | validation loss: 9.285e-03 | validation energy RMSE (per atom):   14.5 meV | validation energy MAE (per atom):    2.7 meV | validation forces RMSE:  102.4 meV/A | validation forces MAE:  50.61 meV/A
[2025-10-14 06:46:48][INFO] - Epoch: 1809 | learning rate: 3.906e-07 | training loss: 5.818e-02 | training energy RMSE (per atom):    3.1 meV | training energy MAE (per atom):    1.8 meV | training forces RMSE:   72.6 meV/A | training forces MAE:  45.66 meV/A | validation loss: 9.286e-03 | validation energy RMSE (per atom):   14.4 meV | validation energy MAE (per atom):    2.8 meV | validation forces RMSE:  102.4 meV/A | validation forces MAE:  50.65 meV/A
[2025-10-14 06:47:26][INFO] - Epoch: 1810 | learning rate: 3.906e-07 | training loss: 5.845e-02 | training energy RMSE (per atom):    3.1 meV | training energy MAE (per atom):    1.8 meV | training forces RMSE:   72.7 meV/A | training forces MAE:  45.71 meV/A | validation loss: 9.261e-03 | validation energy RMSE (per atom):   14.4 meV | validation energy MAE (per atom):    2.8 meV | validation forces RMSE:  102.3 meV/A | validation forces MAE:  50.58 meV/A
[2025-10-14 06:48:04][INFO] - Epoch: 1811 | learning rate: 3.906e-07 | training loss: 5.869e-02 | training energy RMSE (per atom):    3.1 meV | training energy MAE (per atom):    1.9 meV | training forces RMSE:   72.7 meV/A | training forces MAE:  45.69 meV/A | validation loss: 9.256e-03 | validation energy RMSE (per atom):   14.4 meV | validation energy MAE (per atom):    2.7 meV | validation forces RMSE:  102.4 meV/A | validation forces MAE:  50.61 meV/A
[2025-10-14 06:48:42][INFO] - Epoch: 1812 | learning rate: 3.906e-07 | training loss: 5.784e-02 | training energy RMSE (per atom):    3.1 meV | training energy MAE (per atom):    1.8 meV | training forces RMSE:   72.6 meV/A | training forces MAE:  45.64 meV/A | validation loss: 9.186e-03 | validation energy RMSE (per atom):   14.3 meV | validation energy MAE (per atom):    3.1 meV | validation forces RMSE:  102.3 meV/A | validation forces MAE:  50.59 meV/A
[2025-10-14 06:49:20][INFO] - Epoch: 1813 | learning rate: 3.906e-07 | training loss: 5.760e-02 | training energy RMSE (per atom):    3.1 meV | training energy MAE (per atom):    1.8 meV | training forces RMSE:   72.6 meV/A | training forces MAE:  45.67 meV/A | validation loss: 9.316e-03 | validation energy RMSE (per atom):   14.5 meV | validation energy MAE (per atom):    2.9 meV | validation forces RMSE:  102.3 meV/A | validation forces MAE:  50.70 meV/A
[2025-10-14 06:49:58][INFO] - Epoch: 1814 | learning rate: 3.906e-07 | training loss: 5.805e-02 | training energy RMSE (per atom):    3.1 meV | training energy MAE (per atom):    1.8 meV | training forces RMSE:   72.7 meV/A | training forces MAE:  45.68 meV/A | validation loss: 9.253e-03 | validation energy RMSE (per atom):   14.4 meV | validation energy MAE (per atom):    2.7 meV | validation forces RMSE:  102.3 meV/A | validation forces MAE:  50.64 meV/A
[2025-10-14 06:50:35][INFO] - Epoch: 1815 | learning rate: 3.906e-07 | training loss: 5.818e-02 | training energy RMSE (per atom):    3.1 meV | training energy MAE (per atom):    1.8 meV | training forces RMSE:   72.7 meV/A | training forces MAE:  45.66 meV/A | validation loss: 9.277e-03 | validation energy RMSE (per atom):   14.5 meV | validation energy MAE (per atom):    2.7 meV | validation forces RMSE:  102.3 meV/A | validation forces MAE:  50.60 meV/A
[2025-10-14 06:51:13][INFO] - Epoch: 1816 | learning rate: 3.906e-07 | training loss: 5.833e-02 | training energy RMSE (per atom):    3.1 meV | training energy MAE (per atom):    1.8 meV | training forces RMSE:   72.7 meV/A | training forces MAE:  45.66 meV/A | validation loss: 9.300e-03 | validation energy RMSE (per atom):   14.5 meV | validation energy MAE (per atom):    2.7 meV | validation forces RMSE:  102.3 meV/A | validation forces MAE:  50.61 meV/A
[2025-10-14 06:51:50][INFO] - Epoch: 1817 | learning rate: 3.906e-07 | training loss: 5.783e-02 | training energy RMSE (per atom):    3.1 meV | training energy MAE (per atom):    1.8 meV | training forces RMSE:   72.6 meV/A | training forces MAE:  45.66 meV/A | validation loss: 9.224e-03 | validation energy RMSE (per atom):   14.4 meV | validation energy MAE (per atom):    3.7 meV | validation forces RMSE:  102.2 meV/A | validation forces MAE:  50.61 meV/A
[2025-10-14 06:52:28][INFO] - Epoch: 1818 | learning rate: 3.906e-07 | training loss: 5.790e-02 | training energy RMSE (per atom):    3.1 meV | training energy MAE (per atom):    1.8 meV | training forces RMSE:   72.6 meV/A | training forces MAE:  45.70 meV/A | validation loss: 9.350e-03 | validation energy RMSE (per atom):   14.6 meV | validation energy MAE (per atom):    2.9 meV | validation forces RMSE:  102.4 meV/A | validation forces MAE:  50.62 meV/A
[2025-10-14 06:53:06][INFO] - Epoch: 1819 | learning rate: 3.906e-07 | training loss: 5.813e-02 | training energy RMSE (per atom):    3.1 meV | training energy MAE (per atom):    1.8 meV | training forces RMSE:   72.6 meV/A | training forces MAE:  45.65 meV/A | validation loss: 9.324e-03 | validation energy RMSE (per atom):   14.6 meV | validation energy MAE (per atom):    2.8 meV | validation forces RMSE:  102.2 meV/A | validation forces MAE:  50.55 meV/A
[2025-10-14 06:53:44][INFO] - Epoch: 1820 | learning rate: 3.906e-07 | training loss: 5.844e-02 | training energy RMSE (per atom):    3.1 meV | training energy MAE (per atom):    1.8 meV | training forces RMSE:   72.7 meV/A | training forces MAE:  45.67 meV/A | validation loss: 9.236e-03 | validation energy RMSE (per atom):   14.4 meV | validation energy MAE (per atom):    2.9 meV | validation forces RMSE:  102.2 meV/A | validation forces MAE:  50.53 meV/A
[2025-10-14 06:54:22][INFO] - Epoch: 1821 | learning rate: 3.906e-07 | training loss: 5.819e-02 | training energy RMSE (per atom):    3.1 meV | training energy MAE (per atom):    1.8 meV | training forces RMSE:   72.6 meV/A | training forces MAE:  45.64 meV/A | validation loss: 9.246e-03 | validation energy RMSE (per atom):   14.4 meV | validation energy MAE (per atom):    3.2 meV | validation forces RMSE:  102.2 meV/A | validation forces MAE:  50.54 meV/A
[2025-10-14 06:55:00][INFO] - Epoch: 1822 | learning rate: 3.906e-07 | training loss: 5.834e-02 | training energy RMSE (per atom):    3.1 meV | training energy MAE (per atom):    1.8 meV | training forces RMSE:   72.7 meV/A | training forces MAE:  45.71 meV/A | validation loss: 9.256e-03 | validation energy RMSE (per atom):   14.4 meV | validation energy MAE (per atom):    2.9 meV | validation forces RMSE:  102.3 meV/A | validation forces MAE:  50.60 meV/A
[2025-10-14 06:55:38][INFO] - Epoch: 1823 | learning rate: 3.906e-07 | training loss: 5.822e-02 | training energy RMSE (per atom):    3.1 meV | training energy MAE (per atom):    1.8 meV | training forces RMSE:   72.7 meV/A | training forces MAE:  45.69 meV/A | validation loss: 9.282e-03 | validation energy RMSE (per atom):   14.5 meV | validation energy MAE (per atom):    3.1 meV | validation forces RMSE:  102.4 meV/A | validation forces MAE:  50.69 meV/A
[2025-10-14 06:56:16][INFO] - Epoch: 1824 | learning rate: 3.906e-07 | training loss: 5.861e-02 | training energy RMSE (per atom):    3.1 meV | training energy MAE (per atom):    1.8 meV | training forces RMSE:   72.8 meV/A | training forces MAE:  45.69 meV/A | validation loss: 9.286e-03 | validation energy RMSE (per atom):   14.5 meV | validation energy MAE (per atom):    2.8 meV | validation forces RMSE:  102.4 meV/A | validation forces MAE:  50.70 meV/A
[2025-10-14 06:56:54][INFO] - Epoch: 1825 | learning rate: 3.906e-07 | training loss: 5.832e-02 | training energy RMSE (per atom):    3.1 meV | training energy MAE (per atom):    1.8 meV | training forces RMSE:   72.6 meV/A | training forces MAE:  45.63 meV/A | validation loss: 9.273e-03 | validation energy RMSE (per atom):   14.4 meV | validation energy MAE (per atom):    2.8 meV | validation forces RMSE:  102.3 meV/A | validation forces MAE:  50.60 meV/A
[2025-10-14 06:57:32][INFO] - Epoch: 1826 | learning rate: 3.906e-07 | training loss: 5.758e-02 | training energy RMSE (per atom):    3.0 meV | training energy MAE (per atom):    1.8 meV | training forces RMSE:   72.6 meV/A | training forces MAE:  45.66 meV/A | validation loss: 9.263e-03 | validation energy RMSE (per atom):   14.4 meV | validation energy MAE (per atom):    2.7 meV | validation forces RMSE:  102.4 meV/A | validation forces MAE:  50.61 meV/A
[2025-10-14 06:58:10][INFO] - Epoch: 1827 | learning rate: 3.906e-07 | training loss: 5.807e-02 | training energy RMSE (per atom):    3.1 meV | training energy MAE (per atom):    1.8 meV | training forces RMSE:   72.7 meV/A | training forces MAE:  45.66 meV/A | validation loss: 9.277e-03 | validation energy RMSE (per atom):   14.5 meV | validation energy MAE (per atom):    3.0 meV | validation forces RMSE:  102.3 meV/A | validation forces MAE:  50.58 meV/A
[2025-10-14 06:58:48][INFO] - Epoch: 1828 | learning rate: 3.906e-07 | training loss: 5.829e-02 | training energy RMSE (per atom):    3.1 meV | training energy MAE (per atom):    1.8 meV | training forces RMSE:   72.6 meV/A | training forces MAE:  45.64 meV/A | validation loss: 9.324e-03 | validation energy RMSE (per atom):   14.5 meV | validation energy MAE (per atom):    2.8 meV | validation forces RMSE:  102.3 meV/A | validation forces MAE:  50.64 meV/A
[2025-10-14 06:59:26][INFO] - Epoch: 1829 | learning rate: 3.906e-07 | training loss: 5.867e-02 | training energy RMSE (per atom):    3.1 meV | training energy MAE (per atom):    1.9 meV | training forces RMSE:   72.7 meV/A | training forces MAE:  45.70 meV/A | validation loss: 9.346e-03 | validation energy RMSE (per atom):   14.6 meV | validation energy MAE (per atom):    3.0 meV | validation forces RMSE:  102.4 meV/A | validation forces MAE:  50.70 meV/A
[2025-10-14 07:00:04][INFO] - Epoch: 1830 | learning rate: 3.906e-07 | training loss: 5.808e-02 | training energy RMSE (per atom):    3.1 meV | training energy MAE (per atom):    1.8 meV | training forces RMSE:   72.7 meV/A | training forces MAE:  45.69 meV/A | validation loss: 9.269e-03 | validation energy RMSE (per atom):   14.4 meV | validation energy MAE (per atom):    2.7 meV | validation forces RMSE:  102.3 meV/A | validation forces MAE:  50.61 meV/A
[2025-10-14 07:00:42][INFO] - Epoch: 1831 | learning rate: 3.906e-07 | training loss: 5.806e-02 | training energy RMSE (per atom):    3.1 meV | training energy MAE (per atom):    1.8 meV | training forces RMSE:   72.6 meV/A | training forces MAE:  45.67 meV/A | validation loss: 9.244e-03 | validation energy RMSE (per atom):   14.4 meV | validation energy MAE (per atom):    2.9 meV | validation forces RMSE:  102.3 meV/A | validation forces MAE:  50.67 meV/A
[2025-10-14 07:01:20][INFO] - Epoch: 1832 | learning rate: 3.906e-07 | training loss: 5.776e-02 | training energy RMSE (per atom):    3.1 meV | training energy MAE (per atom):    1.8 meV | training forces RMSE:   72.7 meV/A | training forces MAE:  45.71 meV/A | validation loss: 9.325e-03 | validation energy RMSE (per atom):   14.5 meV | validation energy MAE (per atom):    2.8 meV | validation forces RMSE:  102.5 meV/A | validation forces MAE:  50.79 meV/A
[2025-10-14 07:01:58][INFO] - Epoch: 1833 | learning rate: 3.906e-07 | training loss: 5.737e-02 | training energy RMSE (per atom):    3.1 meV | training energy MAE (per atom):    1.8 meV | training forces RMSE:   72.6 meV/A | training forces MAE:  45.65 meV/A | validation loss: 9.278e-03 | validation energy RMSE (per atom):   14.5 meV | validation energy MAE (per atom):    2.7 meV | validation forces RMSE:  102.3 meV/A | validation forces MAE:  50.61 meV/A
[2025-10-14 07:02:36][INFO] - Epoch: 1834 | learning rate: 3.906e-07 | training loss: 5.826e-02 | training energy RMSE (per atom):    3.1 meV | training energy MAE (per atom):    1.8 meV | training forces RMSE:   72.6 meV/A | training forces MAE:  45.68 meV/A | validation loss: 9.270e-03 | validation energy RMSE (per atom):   14.4 meV | validation energy MAE (per atom):    2.8 meV | validation forces RMSE:  102.4 meV/A | validation forces MAE:  50.58 meV/A
[2025-10-14 07:03:13][INFO] - Epoch: 1835 | learning rate: 3.906e-07 | training loss: 5.775e-02 | training energy RMSE (per atom):    3.1 meV | training energy MAE (per atom):    1.8 meV | training forces RMSE:   72.6 meV/A | training forces MAE:  45.62 meV/A | validation loss: 9.355e-03 | validation energy RMSE (per atom):   14.6 meV | validation energy MAE (per atom):    3.2 meV | validation forces RMSE:  102.4 meV/A | validation forces MAE:  50.68 meV/A
[2025-10-14 07:03:51][INFO] - Epoch: 1836 | learning rate: 3.906e-07 | training loss: 5.804e-02 | training energy RMSE (per atom):    3.1 meV | training energy MAE (per atom):    1.9 meV | training forces RMSE:   72.7 meV/A | training forces MAE:  45.68 meV/A | validation loss: 9.247e-03 | validation energy RMSE (per atom):   14.4 meV | validation energy MAE (per atom):    3.0 meV | validation forces RMSE:  102.2 meV/A | validation forces MAE:  50.59 meV/A
[2025-10-14 07:04:29][INFO] - Epoch: 1837 | learning rate: 3.906e-07 | training loss: 5.784e-02 | training energy RMSE (per atom):    3.1 meV | training energy MAE (per atom):    1.8 meV | training forces RMSE:   72.5 meV/A | training forces MAE:  45.63 meV/A | validation loss: 9.242e-03 | validation energy RMSE (per atom):   14.4 meV | validation energy MAE (per atom):    2.9 meV | validation forces RMSE:  102.2 meV/A | validation forces MAE:  50.61 meV/A
[2025-10-14 07:05:07][INFO] - Epoch: 1838 | learning rate: 3.906e-07 | training loss: 5.755e-02 | training energy RMSE (per atom):    3.1 meV | training energy MAE (per atom):    1.8 meV | training forces RMSE:   72.6 meV/A | training forces MAE:  45.67 meV/A | validation loss: 9.259e-03 | validation energy RMSE (per atom):   14.4 meV | validation energy MAE (per atom):    2.7 meV | validation forces RMSE:  102.2 meV/A | validation forces MAE:  50.56 meV/A
[2025-10-14 07:05:45][INFO] - Epoch: 1839 | learning rate: 3.906e-07 | training loss: 5.830e-02 | training energy RMSE (per atom):    3.1 meV | training energy MAE (per atom):    1.9 meV | training forces RMSE:   72.6 meV/A | training forces MAE:  45.66 meV/A | validation loss: 9.267e-03 | validation energy RMSE (per atom):   14.5 meV | validation energy MAE (per atom):    2.8 meV | validation forces RMSE:  102.3 meV/A | validation forces MAE:  50.59 meV/A
[2025-10-14 07:06:23][INFO] - Epoch: 1840 | learning rate: 3.906e-07 | training loss: 5.796e-02 | training energy RMSE (per atom):    3.1 meV | training energy MAE (per atom):    1.8 meV | training forces RMSE:   72.7 meV/A | training forces MAE:  45.67 meV/A | validation loss: 9.240e-03 | validation energy RMSE (per atom):   14.4 meV | validation energy MAE (per atom):    2.7 meV | validation forces RMSE:  102.4 meV/A | validation forces MAE:  50.65 meV/A
[2025-10-14 07:07:01][INFO] - Epoch: 1841 | learning rate: 3.906e-07 | training loss: 5.834e-02 | training energy RMSE (per atom):    3.1 meV | training energy MAE (per atom):    1.8 meV | training forces RMSE:   72.6 meV/A | training forces MAE:  45.64 meV/A | validation loss: 9.362e-03 | validation energy RMSE (per atom):   14.6 meV | validation energy MAE (per atom):    3.3 meV | validation forces RMSE:  102.3 meV/A | validation forces MAE:  50.68 meV/A
[2025-10-14 07:07:39][INFO] - Epoch: 1842 | learning rate: 3.906e-07 | training loss: 5.779e-02 | training energy RMSE (per atom):    3.1 meV | training energy MAE (per atom):    1.8 meV | training forces RMSE:   72.6 meV/A | training forces MAE:  45.64 meV/A | validation loss: 9.306e-03 | validation energy RMSE (per atom):   14.5 meV | validation energy MAE (per atom):    2.8 meV | validation forces RMSE:  102.4 meV/A | validation forces MAE:  50.60 meV/A
[2025-10-14 07:08:17][INFO] - Epoch: 1843 | learning rate: 3.906e-07 | training loss: 5.781e-02 | training energy RMSE (per atom):    3.1 meV | training energy MAE (per atom):    1.8 meV | training forces RMSE:   72.5 meV/A | training forces MAE:  45.63 meV/A | validation loss: 9.267e-03 | validation energy RMSE (per atom):   14.5 meV | validation energy MAE (per atom):    2.9 meV | validation forces RMSE:  102.3 meV/A | validation forces MAE:  50.61 meV/A
[2025-10-14 07:08:55][INFO] - Epoch: 1844 | learning rate: 3.906e-07 | training loss: 5.823e-02 | training energy RMSE (per atom):    3.1 meV | training energy MAE (per atom):    1.8 meV | training forces RMSE:   72.6 meV/A | training forces MAE:  45.65 meV/A | validation loss: 9.278e-03 | validation energy RMSE (per atom):   14.5 meV | validation energy MAE (per atom):    2.7 meV | validation forces RMSE:  102.3 meV/A | validation forces MAE:  50.64 meV/A
[2025-10-14 07:09:33][INFO] - Epoch: 1845 | learning rate: 3.906e-07 | training loss: 5.771e-02 | training energy RMSE (per atom):    3.1 meV | training energy MAE (per atom):    1.8 meV | training forces RMSE:   72.6 meV/A | training forces MAE:  45.62 meV/A | validation loss: 9.235e-03 | validation energy RMSE (per atom):   14.4 meV | validation energy MAE (per atom):    2.8 meV | validation forces RMSE:  102.3 meV/A | validation forces MAE:  50.57 meV/A
[2025-10-14 07:10:11][INFO] - Epoch: 1846 | learning rate: 3.906e-07 | training loss: 5.786e-02 | training energy RMSE (per atom):    3.1 meV | training energy MAE (per atom):    1.8 meV | training forces RMSE:   72.7 meV/A | training forces MAE:  45.66 meV/A | validation loss: 9.261e-03 | validation energy RMSE (per atom):   14.4 meV | validation energy MAE (per atom):    2.8 meV | validation forces RMSE:  102.2 meV/A | validation forces MAE:  50.66 meV/A
[2025-10-14 07:10:49][INFO] - Epoch: 1847 | learning rate: 3.906e-07 | training loss: 5.790e-02 | training energy RMSE (per atom):    3.1 meV | training energy MAE (per atom):    1.8 meV | training forces RMSE:   72.6 meV/A | training forces MAE:  45.64 meV/A | validation loss: 9.316e-03 | validation energy RMSE (per atom):   14.5 meV | validation energy MAE (per atom):    2.7 meV | validation forces RMSE:  102.3 meV/A | validation forces MAE:  50.66 meV/A
[2025-10-14 07:11:27][INFO] - Epoch: 1848 | learning rate: 3.906e-07 | training loss: 5.861e-02 | training energy RMSE (per atom):    3.1 meV | training energy MAE (per atom):    1.9 meV | training forces RMSE:   72.6 meV/A | training forces MAE:  45.68 meV/A | validation loss: 9.259e-03 | validation energy RMSE (per atom):   14.4 meV | validation energy MAE (per atom):    2.7 meV | validation forces RMSE:  102.3 meV/A | validation forces MAE:  50.58 meV/A
[2025-10-14 07:12:04][INFO] - Epoch: 1849 | learning rate: 3.906e-07 | training loss: 5.813e-02 | training energy RMSE (per atom):    3.1 meV | training energy MAE (per atom):    1.8 meV | training forces RMSE:   72.6 meV/A | training forces MAE:  45.66 meV/A | validation loss: 9.199e-03 | validation energy RMSE (per atom):   14.4 meV | validation energy MAE (per atom):    3.1 meV | validation forces RMSE:  102.2 meV/A | validation forces MAE:  50.56 meV/A
[2025-10-14 07:12:42][INFO] - Epoch: 1850 | learning rate: 3.906e-07 | training loss: 5.803e-02 | training energy RMSE (per atom):    3.1 meV | training energy MAE (per atom):    1.9 meV | training forces RMSE:   72.6 meV/A | training forces MAE:  45.66 meV/A | validation loss: 9.237e-03 | validation energy RMSE (per atom):   14.4 meV | validation energy MAE (per atom):    2.8 meV | validation forces RMSE:  102.0 meV/A | validation forces MAE:  50.53 meV/A
[2025-10-14 07:13:21][INFO] - Epoch: 1851 | learning rate: 3.906e-07 | training loss: 5.833e-02 | training energy RMSE (per atom):    3.1 meV | training energy MAE (per atom):    1.9 meV | training forces RMSE:   72.5 meV/A | training forces MAE:  45.66 meV/A | validation loss: 9.298e-03 | validation energy RMSE (per atom):   14.5 meV | validation energy MAE (per atom):    2.9 meV | validation forces RMSE:  102.2 meV/A | validation forces MAE:  50.56 meV/A
[2025-10-14 07:13:58][INFO] - Epoch: 1852 | learning rate: 3.906e-07 | training loss: 5.815e-02 | training energy RMSE (per atom):    3.1 meV | training energy MAE (per atom):    1.8 meV | training forces RMSE:   72.6 meV/A | training forces MAE:  45.62 meV/A | validation loss: 9.285e-03 | validation energy RMSE (per atom):   14.5 meV | validation energy MAE (per atom):    2.7 meV | validation forces RMSE:  102.2 meV/A | validation forces MAE:  50.61 meV/A
[2025-10-14 07:14:37][INFO] - Epoch: 1853 | learning rate: 3.906e-07 | training loss: 5.749e-02 | training energy RMSE (per atom):    3.1 meV | training energy MAE (per atom):    1.8 meV | training forces RMSE:   72.5 meV/A | training forces MAE:  45.61 meV/A | validation loss: 9.290e-03 | validation energy RMSE (per atom):   14.5 meV | validation energy MAE (per atom):    2.7 meV | validation forces RMSE:  102.2 meV/A | validation forces MAE:  50.62 meV/A
[2025-10-14 07:15:14][INFO] - Epoch: 1854 | learning rate: 3.906e-07 | training loss: 5.800e-02 | training energy RMSE (per atom):    3.0 meV | training energy MAE (per atom):    1.8 meV | training forces RMSE:   72.6 meV/A | training forces MAE:  45.67 meV/A | validation loss: 9.319e-03 | validation energy RMSE (per atom):   14.5 meV | validation energy MAE (per atom):    2.8 meV | validation forces RMSE:  102.3 meV/A | validation forces MAE:  50.65 meV/A
[2025-10-14 07:15:52][INFO] - Epoch: 1855 | learning rate: 3.906e-07 | training loss: 5.814e-02 | training energy RMSE (per atom):    3.1 meV | training energy MAE (per atom):    1.8 meV | training forces RMSE:   72.6 meV/A | training forces MAE:  45.64 meV/A | validation loss: 9.282e-03 | validation energy RMSE (per atom):   14.5 meV | validation energy MAE (per atom):    3.1 meV | validation forces RMSE:  102.2 meV/A | validation forces MAE:  50.63 meV/A
[2025-10-14 07:16:29][INFO] - Epoch: 1856 | learning rate: 3.906e-07 | training loss: 5.806e-02 | training energy RMSE (per atom):    3.1 meV | training energy MAE (per atom):    1.8 meV | training forces RMSE:   72.6 meV/A | training forces MAE:  45.64 meV/A | validation loss: 9.275e-03 | validation energy RMSE (per atom):   14.5 meV | validation energy MAE (per atom):    2.7 meV | validation forces RMSE:  102.2 meV/A | validation forces MAE:  50.52 meV/A
[2025-10-14 07:17:07][INFO] - Epoch: 1857 | learning rate: 3.906e-07 | training loss: 5.727e-02 | training energy RMSE (per atom):    3.1 meV | training energy MAE (per atom):    1.9 meV | training forces RMSE:   72.5 meV/A | training forces MAE:  45.59 meV/A | validation loss: 9.414e-03 | validation energy RMSE (per atom):   14.7 meV | validation energy MAE (per atom):    3.6 meV | validation forces RMSE:  102.3 meV/A | validation forces MAE:  50.56 meV/A
[2025-10-14 07:17:44][INFO] - Epoch: 1858 | learning rate: 3.906e-07 | training loss: 5.846e-02 | training energy RMSE (per atom):    3.1 meV | training energy MAE (per atom):    1.9 meV | training forces RMSE:   72.6 meV/A | training forces MAE:  45.63 meV/A | validation loss: 9.297e-03 | validation energy RMSE (per atom):   14.5 meV | validation energy MAE (per atom):    2.7 meV | validation forces RMSE:  102.3 meV/A | validation forces MAE:  50.56 meV/A
[2025-10-14 07:18:22][INFO] - Epoch: 1859 | learning rate: 3.906e-07 | training loss: 5.745e-02 | training energy RMSE (per atom):    3.1 meV | training energy MAE (per atom):    1.9 meV | training forces RMSE:   72.6 meV/A | training forces MAE:  45.66 meV/A | validation loss: 9.280e-03 | validation energy RMSE (per atom):   14.5 meV | validation energy MAE (per atom):    2.7 meV | validation forces RMSE:  102.3 meV/A | validation forces MAE:  50.66 meV/A
[2025-10-14 07:18:59][INFO] - Epoch: 1860 | learning rate: 3.906e-07 | training loss: 5.778e-02 | training energy RMSE (per atom):    3.1 meV | training energy MAE (per atom):    1.8 meV | training forces RMSE:   72.5 meV/A | training forces MAE:  45.64 meV/A | validation loss: 9.293e-03 | validation energy RMSE (per atom):   14.5 meV | validation energy MAE (per atom):    2.7 meV | validation forces RMSE:  102.5 meV/A | validation forces MAE:  50.58 meV/A
[2025-10-14 07:19:37][INFO] - Epoch: 1861 | learning rate: 3.906e-07 | training loss: 5.735e-02 | training energy RMSE (per atom):    3.1 meV | training energy MAE (per atom):    1.9 meV | training forces RMSE:   72.6 meV/A | training forces MAE:  45.66 meV/A | validation loss: 9.266e-03 | validation energy RMSE (per atom):   14.5 meV | validation energy MAE (per atom):    3.3 meV | validation forces RMSE:  102.3 meV/A | validation forces MAE:  50.61 meV/A
[2025-10-14 07:20:15][INFO] - Epoch: 1862 | learning rate: 3.906e-07 | training loss: 5.852e-02 | training energy RMSE (per atom):    3.1 meV | training energy MAE (per atom):    1.8 meV | training forces RMSE:   72.6 meV/A | training forces MAE:  45.63 meV/A | validation loss: 9.244e-03 | validation energy RMSE (per atom):   14.4 meV | validation energy MAE (per atom):    2.7 meV | validation forces RMSE:  102.3 meV/A | validation forces MAE:  50.65 meV/A
[2025-10-14 07:20:53][INFO] - Epoch: 1863 | learning rate: 3.906e-07 | training loss: 5.827e-02 | training energy RMSE (per atom):    3.1 meV | training energy MAE (per atom):    1.8 meV | training forces RMSE:   72.6 meV/A | training forces MAE:  45.64 meV/A | validation loss: 9.263e-03 | validation energy RMSE (per atom):   14.4 meV | validation energy MAE (per atom):    2.8 meV | validation forces RMSE:  102.3 meV/A | validation forces MAE:  50.61 meV/A
[2025-10-14 07:21:31][INFO] - Epoch: 1864 | learning rate: 3.906e-07 | training loss: 5.828e-02 | training energy RMSE (per atom):    3.1 meV | training energy MAE (per atom):    1.9 meV | training forces RMSE:   72.5 meV/A | training forces MAE:  45.62 meV/A | validation loss: 9.215e-03 | validation energy RMSE (per atom):   14.4 meV | validation energy MAE (per atom):    2.7 meV | validation forces RMSE:  102.2 meV/A | validation forces MAE:  50.58 meV/A
[2025-10-14 07:22:10][INFO] - Epoch: 1865 | learning rate: 3.906e-07 | training loss: 5.755e-02 | training energy RMSE (per atom):    3.1 meV | training energy MAE (per atom):    1.8 meV | training forces RMSE:   72.5 meV/A | training forces MAE:  45.63 meV/A | validation loss: 9.294e-03 | validation energy RMSE (per atom):   14.5 meV | validation energy MAE (per atom):    2.8 meV | validation forces RMSE:  102.4 meV/A | validation forces MAE:  50.62 meV/A
[2025-10-14 07:22:48][INFO] - Epoch: 1866 | learning rate: 3.906e-07 | training loss: 5.805e-02 | training energy RMSE (per atom):    3.1 meV | training energy MAE (per atom):    1.8 meV | training forces RMSE:   72.6 meV/A | training forces MAE:  45.60 meV/A | validation loss: 9.256e-03 | validation energy RMSE (per atom):   14.4 meV | validation energy MAE (per atom):    2.9 meV | validation forces RMSE:  102.3 meV/A | validation forces MAE:  50.69 meV/A
[2025-10-14 07:23:26][INFO] - Epoch: 1867 | learning rate: 3.906e-07 | training loss: 5.833e-02 | training energy RMSE (per atom):    3.1 meV | training energy MAE (per atom):    1.8 meV | training forces RMSE:   72.6 meV/A | training forces MAE:  45.64 meV/A | validation loss: 9.332e-03 | validation energy RMSE (per atom):   14.5 meV | validation energy MAE (per atom):    3.0 meV | validation forces RMSE:  102.4 meV/A | validation forces MAE:  50.65 meV/A
[2025-10-14 07:24:04][INFO] - Epoch: 1868 | learning rate: 3.906e-07 | training loss: 5.841e-02 | training energy RMSE (per atom):    3.1 meV | training energy MAE (per atom):    1.9 meV | training forces RMSE:   72.6 meV/A | training forces MAE:  45.65 meV/A | validation loss: 9.319e-03 | validation energy RMSE (per atom):   14.5 meV | validation energy MAE (per atom):    2.9 meV | validation forces RMSE:  102.4 meV/A | validation forces MAE:  50.78 meV/A
[2025-10-14 07:24:42][INFO] - Epoch: 1869 | learning rate: 3.906e-07 | training loss: 5.802e-02 | training energy RMSE (per atom):    3.1 meV | training energy MAE (per atom):    1.8 meV | training forces RMSE:   72.6 meV/A | training forces MAE:  45.65 meV/A | validation loss: 9.321e-03 | validation energy RMSE (per atom):   14.5 meV | validation energy MAE (per atom):    2.8 meV | validation forces RMSE:  102.3 meV/A | validation forces MAE:  50.60 meV/A
[2025-10-14 07:25:19][INFO] - Epoch: 1870 | learning rate: 3.906e-07 | training loss: 5.776e-02 | training energy RMSE (per atom):    3.0 meV | training energy MAE (per atom):    1.8 meV | training forces RMSE:   72.5 meV/A | training forces MAE:  45.63 meV/A | validation loss: 9.301e-03 | validation energy RMSE (per atom):   14.5 meV | validation energy MAE (per atom):    2.7 meV | validation forces RMSE:  102.3 meV/A | validation forces MAE:  50.56 meV/A
[2025-10-14 07:25:57][INFO] - Epoch: 1871 | learning rate: 3.906e-07 | training loss: 5.811e-02 | training energy RMSE (per atom):    3.1 meV | training energy MAE (per atom):    1.8 meV | training forces RMSE:   72.5 meV/A | training forces MAE:  45.57 meV/A | validation loss: 9.296e-03 | validation energy RMSE (per atom):   14.5 meV | validation energy MAE (per atom):    2.7 meV | validation forces RMSE:  102.2 meV/A | validation forces MAE:  50.59 meV/A
[2025-10-14 07:26:35][INFO] - Epoch: 1872 | learning rate: 3.906e-07 | training loss: 5.812e-02 | training energy RMSE (per atom):    3.1 meV | training energy MAE (per atom):    1.8 meV | training forces RMSE:   72.7 meV/A | training forces MAE:  45.70 meV/A | validation loss: 9.245e-03 | validation energy RMSE (per atom):   14.4 meV | validation energy MAE (per atom):    2.8 meV | validation forces RMSE:  102.2 meV/A | validation forces MAE:  50.59 meV/A
[2025-10-14 07:27:12][INFO] - Epoch: 1873 | learning rate: 3.906e-07 | training loss: 5.819e-02 | training energy RMSE (per atom):    3.1 meV | training energy MAE (per atom):    1.9 meV | training forces RMSE:   72.6 meV/A | training forces MAE:  45.65 meV/A | validation loss: 9.246e-03 | validation energy RMSE (per atom):   14.4 meV | validation energy MAE (per atom):    3.3 meV | validation forces RMSE:  102.2 meV/A | validation forces MAE:  50.61 meV/A
[2025-10-14 07:27:50][INFO] - Epoch: 1874 | learning rate: 3.906e-07 | training loss: 5.790e-02 | training energy RMSE (per atom):    3.1 meV | training energy MAE (per atom):    1.9 meV | training forces RMSE:   72.6 meV/A | training forces MAE:  45.65 meV/A | validation loss: 9.279e-03 | validation energy RMSE (per atom):   14.5 meV | validation energy MAE (per atom):    2.7 meV | validation forces RMSE:  102.3 meV/A | validation forces MAE:  50.55 meV/A
[2025-10-14 07:28:28][INFO] - Epoch: 1875 | learning rate: 3.906e-07 | training loss: 5.774e-02 | training energy RMSE (per atom):    3.1 meV | training energy MAE (per atom):    1.9 meV | training forces RMSE:   72.6 meV/A | training forces MAE:  45.65 meV/A | validation loss: 9.304e-03 | validation energy RMSE (per atom):   14.5 meV | validation energy MAE (per atom):    2.8 meV | validation forces RMSE:  102.3 meV/A | validation forces MAE:  50.68 meV/A
[2025-10-14 07:29:07][INFO] - Epoch: 1876 | learning rate: 3.906e-07 | training loss: 5.755e-02 | training energy RMSE (per atom):    3.1 meV | training energy MAE (per atom):    1.8 meV | training forces RMSE:   72.5 meV/A | training forces MAE:  45.61 meV/A | validation loss: 9.279e-03 | validation energy RMSE (per atom):   14.5 meV | validation energy MAE (per atom):    2.8 meV | validation forces RMSE:  102.2 meV/A | validation forces MAE:  50.59 meV/A
[2025-10-14 07:29:45][INFO] - Epoch: 1877 | learning rate: 3.906e-07 | training loss: 5.783e-02 | training energy RMSE (per atom):    3.1 meV | training energy MAE (per atom):    1.8 meV | training forces RMSE:   72.5 meV/A | training forces MAE:  45.62 meV/A | validation loss: 9.301e-03 | validation energy RMSE (per atom):   14.5 meV | validation energy MAE (per atom):    2.7 meV | validation forces RMSE:  102.5 meV/A | validation forces MAE:  50.70 meV/A
[2025-10-14 07:30:23][INFO] - Epoch: 1878 | learning rate: 3.906e-07 | training loss: 5.759e-02 | training energy RMSE (per atom):    3.0 meV | training energy MAE (per atom):    1.8 meV | training forces RMSE:   72.5 meV/A | training forces MAE:  45.62 meV/A | validation loss: 9.279e-03 | validation energy RMSE (per atom):   14.5 meV | validation energy MAE (per atom):    2.7 meV | validation forces RMSE:  102.3 meV/A | validation forces MAE:  50.60 meV/A
[2025-10-14 07:31:01][INFO] - Epoch: 1879 | learning rate: 3.906e-07 | training loss: 5.815e-02 | training energy RMSE (per atom):    3.1 meV | training energy MAE (per atom):    1.8 meV | training forces RMSE:   72.5 meV/A | training forces MAE:  45.64 meV/A | validation loss: 9.254e-03 | validation energy RMSE (per atom):   14.4 meV | validation energy MAE (per atom):    2.9 meV | validation forces RMSE:  102.4 meV/A | validation forces MAE:  50.55 meV/A
[2025-10-14 07:31:40][INFO] - Epoch: 1880 | learning rate: 3.906e-07 | training loss: 5.738e-02 | training energy RMSE (per atom):    3.1 meV | training energy MAE (per atom):    1.8 meV | training forces RMSE:   72.5 meV/A | training forces MAE:  45.62 meV/A | validation loss: 9.217e-03 | validation energy RMSE (per atom):   14.3 meV | validation energy MAE (per atom):    2.8 meV | validation forces RMSE:  102.3 meV/A | validation forces MAE:  50.60 meV/A
[2025-10-14 07:32:18][INFO] - Epoch: 1881 | learning rate: 3.906e-07 | training loss: 5.756e-02 | training energy RMSE (per atom):    3.1 meV | training energy MAE (per atom):    1.8 meV | training forces RMSE:   72.5 meV/A | training forces MAE:  45.64 meV/A | validation loss: 9.255e-03 | validation energy RMSE (per atom):   14.4 meV | validation energy MAE (per atom):    3.0 meV | validation forces RMSE:  102.3 meV/A | validation forces MAE:  50.59 meV/A
[2025-10-14 07:32:55][INFO] - Epoch: 1882 | learning rate: 3.906e-07 | training loss: 5.792e-02 | training energy RMSE (per atom):    3.1 meV | training energy MAE (per atom):    1.8 meV | training forces RMSE:   72.5 meV/A | training forces MAE:  45.64 meV/A | validation loss: 9.260e-03 | validation energy RMSE (per atom):   14.4 meV | validation energy MAE (per atom):    3.1 meV | validation forces RMSE:  102.4 meV/A | validation forces MAE:  50.60 meV/A
[2025-10-14 07:33:33][INFO] - Epoch: 1883 | learning rate: 3.906e-07 | training loss: 5.838e-02 | training energy RMSE (per atom):    3.1 meV | training energy MAE (per atom):    1.8 meV | training forces RMSE:   72.5 meV/A | training forces MAE:  45.61 meV/A | validation loss: 9.265e-03 | validation energy RMSE (per atom):   14.4 meV | validation energy MAE (per atom):    2.8 meV | validation forces RMSE:  102.3 meV/A | validation forces MAE:  50.57 meV/A
[2025-10-14 07:34:10][INFO] - Epoch: 1884 | learning rate: 3.906e-07 | training loss: 5.809e-02 | training energy RMSE (per atom):    3.1 meV | training energy MAE (per atom):    1.8 meV | training forces RMSE:   72.6 meV/A | training forces MAE:  45.62 meV/A | validation loss: 9.314e-03 | validation energy RMSE (per atom):   14.5 meV | validation energy MAE (per atom):    2.7 meV | validation forces RMSE:  102.4 meV/A | validation forces MAE:  50.74 meV/A
[2025-10-14 07:34:48][INFO] - Epoch: 1885 | learning rate: 3.906e-07 | training loss: 5.885e-02 | training energy RMSE (per atom):    3.1 meV | training energy MAE (per atom):    1.8 meV | training forces RMSE:   72.6 meV/A | training forces MAE:  45.61 meV/A | validation loss: 9.265e-03 | validation energy RMSE (per atom):   14.4 meV | validation energy MAE (per atom):    2.7 meV | validation forces RMSE:  102.3 meV/A | validation forces MAE:  50.58 meV/A
[2025-10-14 07:35:26][INFO] - Epoch: 1886 | learning rate: 3.906e-07 | training loss: 5.781e-02 | training energy RMSE (per atom):    3.1 meV | training energy MAE (per atom):    1.8 meV | training forces RMSE:   72.6 meV/A | training forces MAE:  45.61 meV/A | validation loss: 9.285e-03 | validation energy RMSE (per atom):   14.4 meV | validation energy MAE (per atom):    3.1 meV | validation forces RMSE:  102.5 meV/A | validation forces MAE:  50.76 meV/A
[2025-10-14 07:36:04][INFO] - Epoch: 1887 | learning rate: 3.906e-07 | training loss: 5.846e-02 | training energy RMSE (per atom):    3.1 meV | training energy MAE (per atom):    1.8 meV | training forces RMSE:   72.5 meV/A | training forces MAE:  45.63 meV/A | validation loss: 9.222e-03 | validation energy RMSE (per atom):   14.4 meV | validation energy MAE (per atom):    3.0 meV | validation forces RMSE:  102.2 meV/A | validation forces MAE:  50.54 meV/A
[2025-10-14 07:36:42][INFO] - Epoch: 1888 | learning rate: 3.906e-07 | training loss: 5.738e-02 | training energy RMSE (per atom):    3.1 meV | training energy MAE (per atom):    1.8 meV | training forces RMSE:   72.5 meV/A | training forces MAE:  45.61 meV/A | validation loss: 9.280e-03 | validation energy RMSE (per atom):   14.4 meV | validation energy MAE (per atom):    2.7 meV | validation forces RMSE:  102.4 meV/A | validation forces MAE:  50.62 meV/A
[2025-10-14 07:37:20][INFO] - Epoch: 1889 | learning rate: 3.906e-07 | training loss: 5.758e-02 | training energy RMSE (per atom):    3.1 meV | training energy MAE (per atom):    1.8 meV | training forces RMSE:   72.5 meV/A | training forces MAE:  45.67 meV/A | validation loss: 9.268e-03 | validation energy RMSE (per atom):   14.5 meV | validation energy MAE (per atom):    2.8 meV | validation forces RMSE:  102.3 meV/A | validation forces MAE:  50.57 meV/A
[2025-10-14 07:37:58][INFO] - Epoch: 1890 | learning rate: 3.906e-07 | training loss: 5.761e-02 | training energy RMSE (per atom):    3.1 meV | training energy MAE (per atom):    1.8 meV | training forces RMSE:   72.5 meV/A | training forces MAE:  45.59 meV/A | validation loss: 9.244e-03 | validation energy RMSE (per atom):   14.4 meV | validation energy MAE (per atom):    2.7 meV | validation forces RMSE:  102.3 meV/A | validation forces MAE:  50.56 meV/A
[2025-10-14 07:38:36][INFO] - Epoch: 1891 | learning rate: 3.906e-07 | training loss: 5.743e-02 | training energy RMSE (per atom):    3.0 meV | training energy MAE (per atom):    1.8 meV | training forces RMSE:   72.5 meV/A | training forces MAE:  45.59 meV/A | validation loss: 9.214e-03 | validation energy RMSE (per atom):   14.4 meV | validation energy MAE (per atom):    2.7 meV | validation forces RMSE:  102.2 meV/A | validation forces MAE:  50.58 meV/A
[2025-10-14 07:39:13][INFO] - Epoch: 1892 | learning rate: 3.906e-07 | training loss: 5.807e-02 | training energy RMSE (per atom):    3.0 meV | training energy MAE (per atom):    1.8 meV | training forces RMSE:   72.5 meV/A | training forces MAE:  45.63 meV/A | validation loss: 9.238e-03 | validation energy RMSE (per atom):   14.4 meV | validation energy MAE (per atom):    2.8 meV | validation forces RMSE:  102.2 meV/A | validation forces MAE:  50.54 meV/A
[2025-10-14 07:39:51][INFO] - Epoch: 1893 | learning rate: 3.906e-07 | training loss: 5.835e-02 | training energy RMSE (per atom):    3.0 meV | training energy MAE (per atom):    1.8 meV | training forces RMSE:   72.6 meV/A | training forces MAE:  45.65 meV/A | validation loss: 9.284e-03 | validation energy RMSE (per atom):   14.5 meV | validation energy MAE (per atom):    2.8 meV | validation forces RMSE:  102.3 meV/A | validation forces MAE:  50.55 meV/A
[2025-10-14 07:40:29][INFO] - Epoch: 1894 | learning rate: 3.906e-07 | training loss: 5.798e-02 | training energy RMSE (per atom):    3.1 meV | training energy MAE (per atom):    1.8 meV | training forces RMSE:   72.5 meV/A | training forces MAE:  45.53 meV/A | validation loss: 9.303e-03 | validation energy RMSE (per atom):   14.5 meV | validation energy MAE (per atom):    2.8 meV | validation forces RMSE:  102.2 meV/A | validation forces MAE:  50.59 meV/A
[2025-10-14 07:41:07][INFO] - Epoch: 1895 | learning rate: 3.906e-07 | training loss: 5.771e-02 | training energy RMSE (per atom):    3.1 meV | training energy MAE (per atom):    1.8 meV | training forces RMSE:   72.5 meV/A | training forces MAE:  45.59 meV/A | validation loss: 9.279e-03 | validation energy RMSE (per atom):   14.5 meV | validation energy MAE (per atom):    2.7 meV | validation forces RMSE:  102.2 meV/A | validation forces MAE:  50.54 meV/A
[2025-10-14 07:41:45][INFO] - Epoch: 1896 | learning rate: 3.906e-07 | training loss: 5.829e-02 | training energy RMSE (per atom):    3.1 meV | training energy MAE (per atom):    1.8 meV | training forces RMSE:   72.5 meV/A | training forces MAE:  45.62 meV/A | validation loss: 9.289e-03 | validation energy RMSE (per atom):   14.5 meV | validation energy MAE (per atom):    2.7 meV | validation forces RMSE:  102.3 meV/A | validation forces MAE:  50.57 meV/A
[2025-10-14 07:42:22][INFO] - Epoch: 1897 | learning rate: 3.906e-07 | training loss: 5.746e-02 | training energy RMSE (per atom):    3.1 meV | training energy MAE (per atom):    1.9 meV | training forces RMSE:   72.6 meV/A | training forces MAE:  45.64 meV/A | validation loss: 9.279e-03 | validation energy RMSE (per atom):   14.5 meV | validation energy MAE (per atom):    2.8 meV | validation forces RMSE:  102.1 meV/A | validation forces MAE:  50.62 meV/A
[2025-10-14 07:43:01][INFO] - Epoch: 1898 | learning rate: 3.906e-07 | training loss: 5.784e-02 | training energy RMSE (per atom):    3.1 meV | training energy MAE (per atom):    1.8 meV | training forces RMSE:   72.5 meV/A | training forces MAE:  45.58 meV/A | validation loss: 9.247e-03 | validation energy RMSE (per atom):   14.4 meV | validation energy MAE (per atom):    2.9 meV | validation forces RMSE:  102.2 meV/A | validation forces MAE:  50.60 meV/A
[2025-10-14 07:43:39][INFO] - Epoch: 1899 | learning rate: 3.906e-07 | training loss: 5.783e-02 | training energy RMSE (per atom):    3.1 meV | training energy MAE (per atom):    1.8 meV | training forces RMSE:   72.5 meV/A | training forces MAE:  45.58 meV/A | validation loss: 9.228e-03 | validation energy RMSE (per atom):   14.4 meV | validation energy MAE (per atom):    2.8 meV | validation forces RMSE:  102.2 meV/A | validation forces MAE:  50.63 meV/A
[2025-10-14 07:44:17][INFO] - Epoch: 1900 | learning rate: 3.906e-07 | training loss: 5.848e-02 | training energy RMSE (per atom):    3.1 meV | training energy MAE (per atom):    1.8 meV | training forces RMSE:   72.5 meV/A | training forces MAE:  45.62 meV/A | validation loss: 9.233e-03 | validation energy RMSE (per atom):   14.4 meV | validation energy MAE (per atom):    2.8 meV | validation forces RMSE:  102.2 meV/A | validation forces MAE:  50.58 meV/A
[2025-10-14 07:44:55][INFO] - Epoch: 1901 | learning rate: 3.906e-07 | training loss: 5.775e-02 | training energy RMSE (per atom):    3.1 meV | training energy MAE (per atom):    1.8 meV | training forces RMSE:   72.5 meV/A | training forces MAE:  45.60 meV/A | validation loss: 9.241e-03 | validation energy RMSE (per atom):   14.4 meV | validation energy MAE (per atom):    3.0 meV | validation forces RMSE:  102.2 meV/A | validation forces MAE:  50.53 meV/A
[2025-10-14 07:45:33][INFO] - Epoch: 1902 | learning rate: 3.906e-07 | training loss: 5.737e-02 | training energy RMSE (per atom):    3.0 meV | training energy MAE (per atom):    1.8 meV | training forces RMSE:   72.5 meV/A | training forces MAE:  45.58 meV/A | validation loss: 9.269e-03 | validation energy RMSE (per atom):   14.5 meV | validation energy MAE (per atom):    3.0 meV | validation forces RMSE:  102.3 meV/A | validation forces MAE:  50.64 meV/A
[2025-10-14 07:46:11][INFO] - Epoch: 1903 | learning rate: 3.906e-07 | training loss: 5.795e-02 | training energy RMSE (per atom):    3.1 meV | training energy MAE (per atom):    1.8 meV | training forces RMSE:   72.5 meV/A | training forces MAE:  45.62 meV/A | validation loss: 9.303e-03 | validation energy RMSE (per atom):   14.5 meV | validation energy MAE (per atom):    2.8 meV | validation forces RMSE:  102.3 meV/A | validation forces MAE:  50.56 meV/A
[2025-10-14 07:46:49][INFO] - Epoch: 1904 | learning rate: 3.906e-07 | training loss: 5.744e-02 | training energy RMSE (per atom):    3.0 meV | training energy MAE (per atom):    1.8 meV | training forces RMSE:   72.4 meV/A | training forces MAE:  45.59 meV/A | validation loss: 9.261e-03 | validation energy RMSE (per atom):   14.4 meV | validation energy MAE (per atom):    2.9 meV | validation forces RMSE:  102.4 meV/A | validation forces MAE:  50.61 meV/A
[2025-10-14 07:47:27][INFO] - Epoch: 1905 | learning rate: 3.906e-07 | training loss: 5.764e-02 | training energy RMSE (per atom):    3.1 meV | training energy MAE (per atom):    1.8 meV | training forces RMSE:   72.5 meV/A | training forces MAE:  45.61 meV/A | validation loss: 9.391e-03 | validation energy RMSE (per atom):   14.7 meV | validation energy MAE (per atom):    3.3 meV | validation forces RMSE:  102.3 meV/A | validation forces MAE:  50.64 meV/A
[2025-10-14 07:48:04][INFO] - Epoch: 1906 | learning rate: 3.906e-07 | training loss: 5.817e-02 | training energy RMSE (per atom):    3.1 meV | training energy MAE (per atom):    1.9 meV | training forces RMSE:   72.5 meV/A | training forces MAE:  45.60 meV/A | validation loss: 9.304e-03 | validation energy RMSE (per atom):   14.5 meV | validation energy MAE (per atom):    2.7 meV | validation forces RMSE:  102.5 meV/A | validation forces MAE:  50.70 meV/A
[2025-10-14 07:48:41][INFO] - Epoch: 1907 | learning rate: 3.906e-07 | training loss: 5.782e-02 | training energy RMSE (per atom):    3.1 meV | training energy MAE (per atom):    1.8 meV | training forces RMSE:   72.5 meV/A | training forces MAE:  45.64 meV/A | validation loss: 9.282e-03 | validation energy RMSE (per atom):   14.5 meV | validation energy MAE (per atom):    2.7 meV | validation forces RMSE:  102.3 meV/A | validation forces MAE:  50.57 meV/A
[2025-10-14 07:49:19][INFO] - Epoch: 1908 | learning rate: 3.906e-07 | training loss: 5.778e-02 | training energy RMSE (per atom):    3.1 meV | training energy MAE (per atom):    1.8 meV | training forces RMSE:   72.5 meV/A | training forces MAE:  45.65 meV/A | validation loss: 9.277e-03 | validation energy RMSE (per atom):   14.5 meV | validation energy MAE (per atom):    2.7 meV | validation forces RMSE:  102.4 meV/A | validation forces MAE:  50.59 meV/A
[2025-10-14 07:49:57][INFO] - Epoch: 1909 | learning rate: 3.906e-07 | training loss: 5.817e-02 | training energy RMSE (per atom):    3.0 meV | training energy MAE (per atom):    1.8 meV | training forces RMSE:   72.5 meV/A | training forces MAE:  45.63 meV/A | validation loss: 9.283e-03 | validation energy RMSE (per atom):   14.4 meV | validation energy MAE (per atom):    2.7 meV | validation forces RMSE:  102.5 meV/A | validation forces MAE:  50.61 meV/A
[2025-10-14 07:50:35][INFO] - Epoch: 1910 | learning rate: 3.906e-07 | training loss: 5.838e-02 | training energy RMSE (per atom):    3.1 meV | training energy MAE (per atom):    1.8 meV | training forces RMSE:   72.5 meV/A | training forces MAE:  45.62 meV/A | validation loss: 9.257e-03 | validation energy RMSE (per atom):   14.4 meV | validation energy MAE (per atom):    3.0 meV | validation forces RMSE:  102.3 meV/A | validation forces MAE:  50.61 meV/A
[2025-10-14 07:51:12][INFO] - Epoch: 1911 | learning rate: 3.906e-07 | training loss: 5.756e-02 | training energy RMSE (per atom):    3.1 meV | training energy MAE (per atom):    1.8 meV | training forces RMSE:   72.5 meV/A | training forces MAE:  45.62 meV/A | validation loss: 9.250e-03 | validation energy RMSE (per atom):   14.4 meV | validation energy MAE (per atom):    2.9 meV | validation forces RMSE:  102.3 meV/A | validation forces MAE:  50.58 meV/A
[2025-10-14 07:51:50][INFO] - Epoch: 1912 | learning rate: 3.906e-07 | training loss: 5.825e-02 | training energy RMSE (per atom):    3.1 meV | training energy MAE (per atom):    1.8 meV | training forces RMSE:   72.5 meV/A | training forces MAE:  45.60 meV/A | validation loss: 9.242e-03 | validation energy RMSE (per atom):   14.4 meV | validation energy MAE (per atom):    2.7 meV | validation forces RMSE:  102.4 meV/A | validation forces MAE:  50.60 meV/A
[2025-10-14 07:52:28][INFO] - Epoch: 1913 | learning rate: 3.906e-07 | training loss: 5.721e-02 | training energy RMSE (per atom):    3.1 meV | training energy MAE (per atom):    1.8 meV | training forces RMSE:   72.5 meV/A | training forces MAE:  45.61 meV/A | validation loss: 9.247e-03 | validation energy RMSE (per atom):   14.4 meV | validation energy MAE (per atom):    2.8 meV | validation forces RMSE:  102.3 meV/A | validation forces MAE:  50.52 meV/A
[2025-10-14 07:53:06][INFO] - Epoch: 1914 | learning rate: 3.906e-07 | training loss: 5.734e-02 | training energy RMSE (per atom):    3.1 meV | training energy MAE (per atom):    1.8 meV | training forces RMSE:   72.5 meV/A | training forces MAE:  45.59 meV/A | validation loss: 9.246e-03 | validation energy RMSE (per atom):   14.4 meV | validation energy MAE (per atom):    2.7 meV | validation forces RMSE:  102.3 meV/A | validation forces MAE:  50.66 meV/A
[2025-10-14 07:53:43][INFO] - Epoch: 1915 | learning rate: 3.906e-07 | training loss: 5.784e-02 | training energy RMSE (per atom):    3.2 meV | training energy MAE (per atom):    1.9 meV | training forces RMSE:   72.6 meV/A | training forces MAE:  45.64 meV/A | validation loss: 9.196e-03 | validation energy RMSE (per atom):   14.3 meV | validation energy MAE (per atom):    2.7 meV | validation forces RMSE:  102.1 meV/A | validation forces MAE:  50.53 meV/A
[2025-10-14 07:54:21][INFO] - Epoch: 1916 | learning rate: 3.906e-07 | training loss: 5.776e-02 | training energy RMSE (per atom):    3.1 meV | training energy MAE (per atom):    1.8 meV | training forces RMSE:   72.5 meV/A | training forces MAE:  45.60 meV/A | validation loss: 9.263e-03 | validation energy RMSE (per atom):   14.4 meV | validation energy MAE (per atom):    3.1 meV | validation forces RMSE:  102.3 meV/A | validation forces MAE:  50.62 meV/A
[2025-10-14 07:55:00][INFO] - Epoch: 1917 | learning rate: 3.906e-07 | training loss: 5.807e-02 | training energy RMSE (per atom):    3.1 meV | training energy MAE (per atom):    1.8 meV | training forces RMSE:   72.5 meV/A | training forces MAE:  45.61 meV/A | validation loss: 9.322e-03 | validation energy RMSE (per atom):   14.6 meV | validation energy MAE (per atom):    2.9 meV | validation forces RMSE:  102.3 meV/A | validation forces MAE:  50.56 meV/A
[2025-10-14 07:55:38][INFO] - Epoch: 1918 | learning rate: 3.906e-07 | training loss: 5.800e-02 | training energy RMSE (per atom):    3.1 meV | training energy MAE (per atom):    1.8 meV | training forces RMSE:   72.6 meV/A | training forces MAE:  45.62 meV/A | validation loss: 9.258e-03 | validation energy RMSE (per atom):   14.5 meV | validation energy MAE (per atom):    2.9 meV | validation forces RMSE:  102.2 meV/A | validation forces MAE:  50.48 meV/A
[2025-10-14 07:56:16][INFO] - Epoch: 1919 | learning rate: 3.906e-07 | training loss: 5.775e-02 | training energy RMSE (per atom):    3.1 meV | training energy MAE (per atom):    1.9 meV | training forces RMSE:   72.5 meV/A | training forces MAE:  45.56 meV/A | validation loss: 9.307e-03 | validation energy RMSE (per atom):   14.5 meV | validation energy MAE (per atom):    2.7 meV | validation forces RMSE:  102.3 meV/A | validation forces MAE:  50.64 meV/A
[2025-10-14 07:56:54][INFO] - Epoch: 1920 | learning rate: 3.906e-07 | training loss: 5.729e-02 | training energy RMSE (per atom):    3.1 meV | training energy MAE (per atom):    1.8 meV | training forces RMSE:   72.5 meV/A | training forces MAE:  45.62 meV/A | validation loss: 9.276e-03 | validation energy RMSE (per atom):   14.5 meV | validation energy MAE (per atom):    2.7 meV | validation forces RMSE:  102.2 meV/A | validation forces MAE:  50.54 meV/A
[2025-10-14 07:57:32][INFO] - Epoch: 1921 | learning rate: 3.906e-07 | training loss: 5.736e-02 | training energy RMSE (per atom):    3.1 meV | training energy MAE (per atom):    1.8 meV | training forces RMSE:   72.4 meV/A | training forces MAE:  45.54 meV/A | validation loss: 9.288e-03 | validation energy RMSE (per atom):   14.5 meV | validation energy MAE (per atom):    2.7 meV | validation forces RMSE:  102.2 meV/A | validation forces MAE:  50.57 meV/A
[2025-10-14 07:58:10][INFO] - Epoch: 1922 | learning rate: 3.906e-07 | training loss: 5.757e-02 | training energy RMSE (per atom):    3.1 meV | training energy MAE (per atom):    1.9 meV | training forces RMSE:   72.5 meV/A | training forces MAE:  45.60 meV/A | validation loss: 9.253e-03 | validation energy RMSE (per atom):   14.4 meV | validation energy MAE (per atom):    2.8 meV | validation forces RMSE:  102.4 meV/A | validation forces MAE:  50.59 meV/A
[2025-10-14 07:58:49][INFO] - Epoch: 1923 | learning rate: 3.906e-07 | training loss: 5.765e-02 | training energy RMSE (per atom):    3.1 meV | training energy MAE (per atom):    1.8 meV | training forces RMSE:   72.5 meV/A | training forces MAE:  45.58 meV/A | validation loss: 9.263e-03 | validation energy RMSE (per atom):   14.4 meV | validation energy MAE (per atom):    2.8 meV | validation forces RMSE:  102.4 meV/A | validation forces MAE:  50.53 meV/A
[2025-10-14 07:59:26][INFO] - Epoch: 1924 | learning rate: 3.906e-07 | training loss: 5.769e-02 | training energy RMSE (per atom):    3.1 meV | training energy MAE (per atom):    1.8 meV | training forces RMSE:   72.4 meV/A | training forces MAE:  45.54 meV/A | validation loss: 9.236e-03 | validation energy RMSE (per atom):   14.4 meV | validation energy MAE (per atom):    3.1 meV | validation forces RMSE:  102.3 meV/A | validation forces MAE:  50.55 meV/A
[2025-10-14 08:00:04][INFO] - Epoch: 1925 | learning rate: 3.906e-07 | training loss: 5.792e-02 | training energy RMSE (per atom):    3.1 meV | training energy MAE (per atom):    1.8 meV | training forces RMSE:   72.5 meV/A | training forces MAE:  45.62 meV/A | validation loss: 9.266e-03 | validation energy RMSE (per atom):   14.5 meV | validation energy MAE (per atom):    2.7 meV | validation forces RMSE:  102.2 meV/A | validation forces MAE:  50.50 meV/A
[2025-10-14 08:00:42][INFO] - Epoch: 1926 | learning rate: 3.906e-07 | training loss: 5.772e-02 | training energy RMSE (per atom):    3.1 meV | training energy MAE (per atom):    1.9 meV | training forces RMSE:   72.4 meV/A | training forces MAE:  45.60 meV/A | validation loss: 9.252e-03 | validation energy RMSE (per atom):   14.4 meV | validation energy MAE (per atom):    3.0 meV | validation forces RMSE:  102.2 meV/A | validation forces MAE:  50.58 meV/A
[2025-10-14 08:01:21][INFO] - Epoch: 1927 | learning rate: 3.906e-07 | training loss: 5.777e-02 | training energy RMSE (per atom):    3.1 meV | training energy MAE (per atom):    1.9 meV | training forces RMSE:   72.5 meV/A | training forces MAE:  45.55 meV/A | validation loss: 9.251e-03 | validation energy RMSE (per atom):   14.4 meV | validation energy MAE (per atom):    2.9 meV | validation forces RMSE:  102.2 meV/A | validation forces MAE:  50.56 meV/A
[2025-10-14 08:01:59][INFO] - Epoch: 1928 | learning rate: 3.906e-07 | training loss: 5.786e-02 | training energy RMSE (per atom):    3.1 meV | training energy MAE (per atom):    1.8 meV | training forces RMSE:   72.5 meV/A | training forces MAE:  45.68 meV/A | validation loss: 9.313e-03 | validation energy RMSE (per atom):   14.5 meV | validation energy MAE (per atom):    2.7 meV | validation forces RMSE:  102.3 meV/A | validation forces MAE:  50.60 meV/A
[2025-10-14 08:02:37][INFO] - Epoch: 1929 | learning rate: 3.906e-07 | training loss: 5.770e-02 | training energy RMSE (per atom):    3.1 meV | training energy MAE (per atom):    1.8 meV | training forces RMSE:   72.4 meV/A | training forces MAE:  45.54 meV/A | validation loss: 9.297e-03 | validation energy RMSE (per atom):   14.5 meV | validation energy MAE (per atom):    2.9 meV | validation forces RMSE:  102.3 meV/A | validation forces MAE:  50.60 meV/A
[2025-10-14 08:03:15][INFO] - Epoch: 1930 | learning rate: 3.906e-07 | training loss: 5.743e-02 | training energy RMSE (per atom):    3.1 meV | training energy MAE (per atom):    1.8 meV | training forces RMSE:   72.5 meV/A | training forces MAE:  45.59 meV/A | validation loss: 9.246e-03 | validation energy RMSE (per atom):   14.4 meV | validation energy MAE (per atom):    2.7 meV | validation forces RMSE:  102.1 meV/A | validation forces MAE:  50.59 meV/A
[2025-10-14 08:03:53][INFO] - Epoch: 1931 | learning rate: 3.906e-07 | training loss: 5.821e-02 | training energy RMSE (per atom):    3.0 meV | training energy MAE (per atom):    1.8 meV | training forces RMSE:   72.5 meV/A | training forces MAE:  45.58 meV/A | validation loss: 9.266e-03 | validation energy RMSE (per atom):   14.4 meV | validation energy MAE (per atom):    3.1 meV | validation forces RMSE:  102.3 meV/A | validation forces MAE:  50.64 meV/A
[2025-10-14 08:04:30][INFO] - Epoch: 1932 | learning rate: 3.906e-07 | training loss: 5.751e-02 | training energy RMSE (per atom):    3.1 meV | training energy MAE (per atom):    1.9 meV | training forces RMSE:   72.5 meV/A | training forces MAE:  45.58 meV/A | validation loss: 9.246e-03 | validation energy RMSE (per atom):   14.4 meV | validation energy MAE (per atom):    2.8 meV | validation forces RMSE:  102.1 meV/A | validation forces MAE:  50.52 meV/A
[2025-10-14 08:05:08][INFO] - Epoch: 1933 | learning rate: 3.906e-07 | training loss: 5.764e-02 | training energy RMSE (per atom):    3.1 meV | training energy MAE (per atom):    1.9 meV | training forces RMSE:   72.5 meV/A | training forces MAE:  45.59 meV/A | validation loss: 9.245e-03 | validation energy RMSE (per atom):   14.4 meV | validation energy MAE (per atom):    2.9 meV | validation forces RMSE:  102.2 meV/A | validation forces MAE:  50.54 meV/A
[2025-10-14 08:05:46][INFO] - Epoch: 1934 | learning rate: 3.906e-07 | training loss: 5.809e-02 | training energy RMSE (per atom):    3.1 meV | training energy MAE (per atom):    1.8 meV | training forces RMSE:   72.4 meV/A | training forces MAE:  45.57 meV/A | validation loss: 9.306e-03 | validation energy RMSE (per atom):   14.5 meV | validation energy MAE (per atom):    2.9 meV | validation forces RMSE:  102.1 meV/A | validation forces MAE:  50.57 meV/A
[2025-10-14 08:06:24][INFO] - Epoch: 1935 | learning rate: 3.906e-07 | training loss: 5.745e-02 | training energy RMSE (per atom):    3.1 meV | training energy MAE (per atom):    1.8 meV | training forces RMSE:   72.4 meV/A | training forces MAE:  45.53 meV/A | validation loss: 9.261e-03 | validation energy RMSE (per atom):   14.5 meV | validation energy MAE (per atom):    2.7 meV | validation forces RMSE:  102.1 meV/A | validation forces MAE:  50.52 meV/A
[2025-10-14 08:07:02][INFO] - Epoch: 1936 | learning rate: 3.906e-07 | training loss: 5.757e-02 | training energy RMSE (per atom):    3.0 meV | training energy MAE (per atom):    1.8 meV | training forces RMSE:   72.5 meV/A | training forces MAE:  45.62 meV/A | validation loss: 9.219e-03 | validation energy RMSE (per atom):   14.4 meV | validation energy MAE (per atom):    2.7 meV | validation forces RMSE:  102.1 meV/A | validation forces MAE:  50.55 meV/A
[2025-10-14 08:07:40][INFO] - Epoch: 1937 | learning rate: 3.906e-07 | training loss: 5.792e-02 | training energy RMSE (per atom):    3.1 meV | training energy MAE (per atom):    1.8 meV | training forces RMSE:   72.4 meV/A | training forces MAE:  45.57 meV/A | validation loss: 9.283e-03 | validation energy RMSE (per atom):   14.5 meV | validation energy MAE (per atom):    2.9 meV | validation forces RMSE:  102.3 meV/A | validation forces MAE:  50.61 meV/A
[2025-10-14 08:08:18][INFO] - Epoch: 1938 | learning rate: 3.906e-07 | training loss: 5.782e-02 | training energy RMSE (per atom):    3.1 meV | training energy MAE (per atom):    1.8 meV | training forces RMSE:   72.4 meV/A | training forces MAE:  45.54 meV/A | validation loss: 9.260e-03 | validation energy RMSE (per atom):   14.4 meV | validation energy MAE (per atom):    2.7 meV | validation forces RMSE:  102.2 meV/A | validation forces MAE:  50.63 meV/A
[2025-10-14 08:08:55][INFO] - Epoch: 1939 | learning rate: 3.906e-07 | training loss: 5.792e-02 | training energy RMSE (per atom):    3.1 meV | training energy MAE (per atom):    1.9 meV | training forces RMSE:   72.4 meV/A | training forces MAE:  45.57 meV/A | validation loss: 9.317e-03 | validation energy RMSE (per atom):   14.5 meV | validation energy MAE (per atom):    3.0 meV | validation forces RMSE:  102.3 meV/A | validation forces MAE:  50.69 meV/A
[2025-10-14 08:09:33][INFO] - Epoch: 1940 | learning rate: 3.906e-07 | training loss: 5.770e-02 | training energy RMSE (per atom):    3.1 meV | training energy MAE (per atom):    1.8 meV | training forces RMSE:   72.4 meV/A | training forces MAE:  45.55 meV/A | validation loss: 9.330e-03 | validation energy RMSE (per atom):   14.6 meV | validation energy MAE (per atom):    2.9 meV | validation forces RMSE:  102.2 meV/A | validation forces MAE:  50.55 meV/A
[2025-10-14 08:10:11][INFO] - Epoch: 1941 | learning rate: 3.906e-07 | training loss: 5.734e-02 | training energy RMSE (per atom):    3.1 meV | training energy MAE (per atom):    1.8 meV | training forces RMSE:   72.4 meV/A | training forces MAE:  45.58 meV/A | validation loss: 9.262e-03 | validation energy RMSE (per atom):   14.4 meV | validation energy MAE (per atom):    2.7 meV | validation forces RMSE:  102.2 meV/A | validation forces MAE:  50.54 meV/A
[2025-10-14 08:10:49][INFO] - Epoch: 1942 | learning rate: 3.906e-07 | training loss: 5.761e-02 | training energy RMSE (per atom):    3.1 meV | training energy MAE (per atom):    1.9 meV | training forces RMSE:   72.5 meV/A | training forces MAE:  45.56 meV/A | validation loss: 9.258e-03 | validation energy RMSE (per atom):   14.5 meV | validation energy MAE (per atom):    2.8 meV | validation forces RMSE:  102.1 meV/A | validation forces MAE:  50.57 meV/A
