Epoch,learning rate,training loss,training energy RMSE (per atom),training energy MAE (per atom),training forces RMSE,training forces MAE,validation loss,validation energy RMSE (per atom),validation energy MAE (per atom),validation forces RMSE,validation forces MAE
,,,meV,meV,meV/A,meV/A,,meV,meV,meV/A,meV/A
   0,0.000e+00,4.044e+02,1342.6,1303.1,1104.6,732.71,2.425e+01,1347.2,1309.7,1042.5,698.91
   1,1.000e-05,4.134e+01, 376.6, 210.4, 985.8,612.68,7.179e-01, 131.7,  90.7, 897.9,552.31
   2,2.000e-05,1.449e+01, 145.2,  95.9, 955.2,577.40,6.819e-01, 126.1,  91.5, 882.2,531.36
   3,3.000e-05,1.389e+01, 137.4,  90.8, 947.3,566.95,6.402e-01, 112.6,  75.6, 880.8,531.57
   4,4.000e-05,1.371e+01, 134.1,  89.7, 946.8,568.54,6.669e-01, 122.8, 101.3, 875.5,524.93
   5,5.000e-05,1.359e+01, 133.5,  91.9, 947.8,570.87,6.340e-01, 107.7,  73.8, 885.8,540.65
   6,5.000e-05,1.345e+01, 131.9,  92.5, 946.4,568.65,7.161e-01, 138.0, 121.2, 872.1,521.08
   7,5.000e-05,1.390e+01, 139.9, 100.3, 945.8,568.74,6.134e-01, 104.5,  81.6, 874.2,524.63
   8,5.000e-05,1.318e+01, 126.7,  87.6, 943.7,566.08,6.063e-01, 101.6,  70.5, 876.5,530.08
   9,5.000e-05,1.316e+01, 126.8,  87.3, 941.8,564.13,5.978e-01,  98.3,  68.6, 875.3,528.52
  10,5.000e-05,1.302e+01, 125.2,  86.1, 940.5,562.86,6.747e-01, 127.3, 110.0, 867.1,517.15
  11,5.000e-05,1.323e+01, 129.7,  91.4, 939.7,562.62,5.950e-01, 101.0,  78.8, 866.1,516.34
  12,5.000e-05,1.288e+01, 125.1,  86.8, 937.5,560.04,6.190e-01, 108.2,  76.2, 871.9,526.25
  13,5.000e-05,1.339e+01, 133.0,  95.5, 936.3,558.88,6.454e-01, 118.3,  99.5, 865.1,516.27
  14,5.000e-05,1.330e+01, 132.6,  96.8, 936.2,559.72,6.565e-01, 121.9, 103.9, 864.7,518.07
  15,5.000e-05,1.298e+01, 126.8,  91.5, 936.2,560.82,6.163e-01, 108.6,  87.7, 864.0,516.54
  16,5.000e-05,1.268e+01, 121.5,  86.8, 934.1,559.63,5.770e-01,  93.6,  67.3, 866.3,521.14
  17,5.000e-05,1.262e+01, 121.4,  87.4, 932.9,558.17,5.746e-01,  92.7,  70.8, 863.9,519.55
  18,5.000e-05,1.228e+01, 115.7,  82.7, 930.0,556.95,5.800e-01,  94.1,  67.0, 867.3,526.78
  19,5.000e-05,1.239e+01, 117.1,  85.9, 926.2,555.39,5.653e-01,  93.6,  72.6, 854.4,512.93
  20,5.000e-05,1.239e+01, 122.5,  91.6, 916.4,548.64,5.333e-01,  83.7,  64.6, 846.6,511.19
  21,5.000e-05,1.089e+01, 102.1,  75.6, 893.4,533.40,5.197e-01,  95.2,  70.5, 815.0,488.85
  22,5.000e-05,9.884e+00,  91.8,  67.6, 862.1,513.92,4.329e-01,  66.1,  48.0, 791.4,473.42
  23,5.000e-05,9.154e+00,  85.8,  63.3, 834.6,495.44,4.472e-01,  97.7,  87.8, 744.3,440.18
  24,5.000e-05,8.120e+00,  85.5,  64.4, 776.6,455.42,3.084e-01,  62.3,  50.8, 684.9,392.22
  25,5.000e-05,6.802e+00,  74.3,  54.9, 717.5,413.05,3.131e-01,  81.2,  73.3, 647.3,369.41
  26,5.000e-05,5.957e+00,  67.7,  51.5, 677.5,390.19,2.269e-01,  43.8,  32.4, 613.1,348.87
  27,5.000e-05,4.938e+00,  55.9,  42.2, 628.6,366.02,2.006e-01,  43.3,  34.4, 574.1,329.96
  28,5.000e-05,4.725e+00,  70.6,  54.1, 580.3,340.36,2.332e-01,  76.0,  67.4, 542.3,313.35
  29,5.000e-05,3.852e+00,  58.2,  44.3, 536.6,316.98,1.763e-01,  39.8,  33.0, 528.8,318.39
  30,5.000e-05,3.777e+00,  59.8,  43.7, 528.2,317.94,1.470e-01,  33.0,  24.8, 492.7,292.02
  31,5.000e-05,3.145e+00,  46.7,  36.0, 495.3,298.49,1.379e-01,  36.9,  27.5, 465.5,274.69
  32,5.000e-05,3.171e+00,  53.4,  40.6, 484.9,293.26,1.327e-01,  33.6,  26.6, 458.2,272.97
  33,5.000e-05,2.967e+00,  51.8,  40.2, 467.0,286.13,1.649e-01,  44.4,  36.3, 498.5,315.65
  34,5.000e-05,2.788e+00,  48.6,  38.1, 457.0,280.52,1.210e-01,  31.6,  25.4, 432.7,266.33
  35,5.000e-05,2.721e+00,  53.2,  40.0, 440.8,274.42,1.116e-01,  29.3,  23.2, 416.5,261.21
  36,5.000e-05,2.424e+00,  49.0,  37.7, 418.3,263.45,1.296e-01,  52.3,  43.6, 398.9,254.60
  37,5.000e-05,2.361e+00,  46.9,  34.8, 418.9,265.64,1.103e-01,  35.0,  25.8, 400.8,251.11
  38,5.000e-05,2.651e+00,  51.7,  40.0, 434.5,278.54,1.290e-01,  41.5,  33.0, 430.6,275.84
  39,5.000e-05,2.386e+00,  44.8,  34.7, 425.2,271.32,1.041e-01,  31.0,  23.5, 387.4,257.14
  40,5.000e-05,2.167e+00,  43.8,  33.8, 401.6,259.87,1.050e-01,  34.1,  28.1, 384.7,254.35
  41,5.000e-05,2.100e+00,  44.3,  34.5, 393.7,255.13,9.502e-02,  29.5,  22.2, 370.4,239.81
  42,5.000e-05,1.962e+00,  41.9,  32.6, 381.6,248.20,9.959e-02,  39.4,  30.7, 357.3,240.36
  43,5.000e-05,1.889e+00,  43.6,  34.1, 368.3,240.42,8.993e-02,  30.7,  22.7, 352.5,235.09
  44,5.000e-05,2.187e+00,  49.3,  38.0, 389.9,254.06,8.670e-02,  30.2,  21.5, 347.6,227.61
  45,5.000e-05,1.948e+00,  41.1,  31.8, 382.5,248.47,7.913e-02,  26.8,  21.2, 334.4,222.76
  46,5.000e-05,1.899e+00,  40.2,  30.7, 377.6,245.37,9.139e-02,  42.0,  33.7, 332.3,220.98
  47,5.000e-05,1.701e+00,  38.5,  29.6, 357.3,233.68,8.362e-02,  26.1,  19.4, 349.4,232.56
  48,5.000e-05,1.668e+00,  36.6,  28.3, 356.7,232.70,1.391e-01,  65.8,  60.2, 366.8,250.41
  49,5.000e-05,1.738e+00,  44.3,  34.9, 348.1,224.72,7.434e-02,  28.2,  20.7, 321.1,216.48
  50,5.000e-05,1.525e+00,  38.3,  28.8, 334.1,217.46,8.565e-02,  45.6,  38.4, 311.8,206.48
  51,5.000e-05,1.558e+00,  38.5,  29.3, 339.6,220.07,6.667e-02,  31.4,  22.9, 297.0,195.45
  52,5.000e-05,1.444e+00,  33.7,  25.5, 332.3,213.76,1.269e-01,  43.8,  32.2, 405.8,283.69
  53,5.000e-05,1.398e+00,  33.8,  25.5, 327.0,211.29,5.980e-02,  29.8,  24.9, 283.2,186.49
  54,5.000e-05,1.377e+00,  36.1,  27.6, 319.0,202.94,7.633e-02,  44.2,  37.6, 292.3,191.79
  55,5.000e-05,1.520e+00,  41.0,  30.7, 326.8,210.86,6.043e-02,  30.0,  25.2, 285.2,185.86
  56,5.000e-05,1.226e+00,  31.0,  23.2, 306.3,195.17,6.909e-02,  32.1,  25.2, 303.3,201.53
  57,5.000e-05,1.517e+00,  44.8,  34.7, 317.5,203.36,1.291e-01,  30.3,  23.3, 437.6,293.99
  58,5.000e-05,1.998e+00,  45.5,  35.2, 378.7,230.05,9.451e-02,  44.3,  40.0, 340.6,229.22
  59,5.000e-05,1.360e+00,  35.0,  25.4, 319.6,200.90,6.671e-02,  35.6,  25.4, 287.0,191.20
  60,5.000e-05,1.259e+00,  36.1,  28.1, 301.2,192.33,5.217e-02,  24.6,  19.5, 272.7,178.81
  61,5.000e-05,1.166e+00,  34.6,  26.6, 291.1,185.84,5.383e-02,  28.5,  20.4, 268.4,174.45
  62,5.000e-05,1.171e+00,  34.7,  25.9, 291.1,182.91,4.615e-02,  23.6,  18.8, 255.0,164.41
  63,5.000e-05,1.063e+00,  28.2,  20.5, 288.3,181.13,6.766e-02,  26.8,  19.9, 320.2,192.97
  64,5.000e-05,1.145e+00,  33.4,  24.5, 289.7,181.43,7.138e-02,  43.3,  37.8, 279.8,183.10
  65,5.000e-05,1.296e+00,  37.7,  27.3, 303.7,193.62,4.938e-02,  21.2,  13.7, 267.9,174.48
  66,5.000e-05,1.076e+00,  32.3,  24.9, 281.5,177.56,4.838e-02,  28.0,  22.7, 255.7,161.56
  67,5.000e-05,1.085e+00,  31.0,  22.9, 285.2,180.79,7.082e-02,  45.0,  40.4, 272.7,178.65
  68,5.000e-05,1.076e+00,  33.0,  25.3, 280.4,175.93,5.195e-02,  27.6,  20.0, 263.4,170.54
  69,5.000e-05,1.082e+00,  28.9,  21.1, 288.9,178.64,4.266e-02,  19.8,  12.9, 253.2,160.09
  70,5.000e-05,1.078e+00,  33.8,  25.6, 277.9,173.98,5.945e-02,  36.2,  32.4, 268.5,173.90
  71,5.000e-05,1.094e+00,  32.3,  23.6, 283.4,176.75,4.082e-02,  19.4,  13.2, 248.7,157.21
  72,5.000e-05,1.025e+00,  30.3,  22.3, 278.4,172.09,5.837e-02,  23.3,  15.8, 299.4,189.03
  73,5.000e-05,1.076e+00,  28.3,  20.4, 289.4,177.38,4.492e-02,  24.8,  17.5, 249.7,157.92
  74,5.000e-05,8.725e-01,  27.8,  20.6, 255.1,157.63,4.076e-02,  22.4,  16.9, 240.8,152.18
  75,5.000e-05,1.018e+00,  31.4,  23.6, 273.8,166.98,4.320e-02,  24.6,  15.3, 244.5,153.73
  76,5.000e-05,9.230e-01,  27.9,  21.0, 264.4,162.49,3.990e-02,  19.1,  12.4, 249.1,154.02
  77,5.000e-05,9.043e-01,  28.7,  21.5, 260.6,160.36,5.636e-02,  30.7,  25.0, 288.6,164.09
  78,5.000e-05,1.035e+00,  29.9,  22.5, 279.5,168.86,4.299e-02,  25.5,  20.1, 241.8,154.02
  79,5.000e-05,8.234e-01,  27.3,  19.3, 248.9,151.90,5.659e-02,  36.1,  26.4, 257.2,167.85
  80,5.000e-05,8.606e-01,  27.0,  20.1, 254.9,157.14,4.012e-02,  20.0,  12.8, 243.5,155.12
  81,5.000e-05,1.007e+00,  33.7,  24.4, 266.2,161.97,3.380e-02,  18.9,  13.3, 223.3,139.73
  82,5.000e-05,8.968e-01,  27.4,  20.1, 262.2,160.83,4.325e-02,  20.2,  12.5, 263.4,151.82
  83,5.000e-05,8.276e-01,  25.5,  18.7, 253.0,154.28,4.714e-02,  37.6,  33.4, 221.8,135.55
  84,5.000e-05,9.833e-01,  28.2,  20.4, 275.7,162.84,3.431e-02,  22.0,  16.8, 218.9,133.62
  85,5.000e-05,7.826e-01,  25.9,  19.2, 244.2,148.74,4.574e-02,  29.0,  23.8, 242.3,154.79
  86,5.000e-05,7.697e-01,  25.2,  19.2, 242.9,148.41,3.269e-02,  17.9,  10.3, 219.0,135.53
  87,5.000e-05,8.631e-01,  25.4,  18.8, 257.4,153.55,8.500e-02,  21.6,  14.6, 394.2,212.97
  88,5.000e-05,9.503e-01,  28.8,  20.5, 267.3,159.89,3.533e-02,  25.1,  21.5, 218.2,130.56
  89,5.000e-05,7.801e-01,  24.8,  18.3, 245.7,147.33,5.721e-02,  40.2,  34.6, 253.0,147.85
  90,5.000e-05,7.814e-01,  23.5,  16.9, 248.7,149.58,3.966e-02,  22.2,  14.6, 245.0,148.50
  91,5.000e-05,6.853e-01,  21.8,  15.5, 232.6,140.47,6.378e-02,  24.0,  18.0, 303.7,206.96
  92,5.000e-05,8.168e-01,  30.0,  22.1, 240.8,147.97,4.000e-02,  25.5,  19.8, 235.3,141.60
  93,5.000e-05,7.243e-01,  25.2,  18.6, 233.4,141.89,3.773e-02,  26.9,  22.6, 221.7,134.56
  94,5.000e-05,8.403e-01,  26.7,  19.7, 250.5,149.18,1.126e-01,  53.7,  44.0, 379.2,221.85
  95,5.000e-05,1.218e+00,  34.0,  23.0, 302.1,174.17,3.721e-02,  18.5,  10.9, 244.8,141.61
  96,5.000e-05,9.381e-01,  28.9,  20.9, 264.0,157.01,3.269e-02,  18.9,  12.6, 219.6,135.92
  97,5.000e-05,7.150e-01,  23.3,  17.5, 235.6,141.76,3.808e-02,  25.2,  18.2, 228.0,140.50
  98,5.000e-05,7.425e-01,  23.7,  17.4, 239.9,142.80,3.243e-02,  16.8,  11.2, 223.4,136.32
  99,5.000e-05,7.151e-01,  22.6,  16.5, 236.7,144.34,2.923e-02,  18.1,   9.6, 205.1,125.03
 100,5.000e-05,7.994e-01,  24.5,  18.5, 248.2,146.64,3.282e-02,  23.5,  18.7, 209.8,126.91
 101,5.000e-05,6.523e-01,  24.2,  17.3, 222.0,133.78,3.047e-02,  20.9,  16.1, 205.3,122.78
 102,5.000e-05,7.044e-01,  25.6,  18.6, 229.1,138.60,3.172e-02,  20.1,  11.8, 213.7,127.19
 103,5.000e-05,6.654e-01,  22.5,  16.9, 227.7,137.39,3.992e-02,  33.4,  28.5, 205.2,128.82
 104,5.000e-05,6.890e-01,  24.1,  17.6, 230.3,138.63,5.162e-02,  42.8,  39.1, 217.2,139.62
 105,5.000e-05,7.280e-01,  25.3,  18.6, 234.6,139.68,3.154e-02,  21.4,  15.9, 206.5,127.27
 106,5.000e-05,6.179e-01,  21.5,  15.8, 218.9,132.96,4.678e-02,  40.3,  36.1, 205.8,125.65
 107,5.000e-05,6.647e-01,  24.2,  17.6, 223.7,135.06,5.711e-02,  20.0,  12.3, 293.1,193.50
 108,5.000e-05,6.560e-01,  21.7,  16.0, 227.4,137.74,3.109e-02,  20.9,  13.3, 207.4,122.52
 109,5.000e-05,6.290e-01,  22.9,  17.1, 219.0,133.24,3.339e-02,  22.5,  17.3, 212.3,134.79
 110,5.000e-05,6.783e-01,  20.8,  14.3, 232.5,137.87,3.210e-02,  23.7,  11.3, 199.0,121.94
 111,5.000e-05,6.138e-01,  20.7,  15.3, 221.0,132.98,2.755e-02,  18.6,  12.6, 199.4,121.82
 112,5.000e-05,6.660e-01,  23.2,  17.3, 226.3,134.94,2.579e-02,  17.9,  12.3, 191.2,116.37
 113,5.000e-05,5.773e-01,  20.8,  15.5, 212.2,128.32,3.652e-02,  23.5,  19.0, 222.5,134.17
 114,5.000e-05,7.210e-01,  26.6,  18.2, 229.7,140.31,2.605e-02,  17.4,   8.7, 193.2,117.19
 115,5.000e-05,5.404e-01,  19.9,  15.0, 205.7,124.87,3.780e-02,  31.2,  28.2, 205.0,131.28
 116,5.000e-05,6.099e-01,  24.0,  18.0, 212.3,129.35,2.847e-02,  18.2,   9.4, 199.2,124.77
 117,5.000e-05,6.183e-01,  20.6,  15.1, 221.6,133.33,3.002e-02,  20.3,  14.9, 203.0,127.40
 118,5.000e-05,5.766e-01,  22.0,  16.1, 210.2,128.02,2.529e-02,  17.4,  10.1, 188.6,114.04
 119,5.000e-05,5.240e-01,  20.5,  15.3, 200.1,121.38,2.746e-02,  19.2,  10.1, 191.7,119.98
 120,5.000e-05,5.866e-01,  20.6,  14.8, 214.3,129.38,3.532e-02,  22.9,  11.7, 222.6,131.27
 121,5.000e-05,6.087e-01,  20.5,  14.8, 220.0,131.40,2.632e-02,  20.1,  13.7, 188.6,113.20
 122,5.000e-05,5.351e-01,  20.4,  15.2, 203.7,123.12,4.647e-02,  37.8,  34.9, 213.4,141.15
 123,5.000e-05,5.804e-01,  20.9,  15.5, 212.8,129.60,2.577e-02,  17.2,   9.0, 193.8,116.55
 124,5.000e-05,5.751e-01,  21.9,  16.0, 209.4,125.46,3.174e-02,  23.3,  14.5, 203.2,127.79
 125,5.000e-05,4.996e-01,  19.8,  14.5, 196.6,119.08,2.892e-02,  21.0,  12.2, 198.3,118.01
 126,5.000e-05,4.946e-01,  18.2,  13.6, 198.1,119.30,3.399e-02,  20.2,  14.6, 217.1,143.39
 127,5.000e-05,6.292e-01,  23.6,  17.7, 218.0,130.09,4.075e-02,  33.4,  26.4, 207.5,131.62
 128,5.000e-05,8.517e-01,  32.8,  21.3, 240.4,138.67,2.708e-02,  18.8,  13.4, 196.8,124.72
 129,5.000e-05,4.881e-01,  18.2,  13.0, 197.8,118.64,5.991e-02,  36.2,  33.3, 275.3,167.94
 130,5.000e-05,6.052e-01,  19.8,  14.4, 219.9,126.61,2.336e-02,  18.5,  12.2, 177.8,107.00
 131,5.000e-05,4.893e-01,  18.8,  14.1, 195.8,117.24,2.459e-02,  17.1,  10.0, 190.7,113.76
 132,5.000e-05,4.711e-01,  17.1,  12.3, 195.3,116.66,3.437e-02,  31.2,  27.3, 189.9,117.40
 133,5.000e-05,5.392e-01,  21.4,  16.1, 202.6,122.79,4.182e-02,  32.7,  29.2, 215.7,141.69
 134,5.000e-05,5.197e-01,  19.5,  13.8, 201.2,120.23,3.365e-02,  22.5,  12.5, 215.4,132.96
 135,5.000e-05,4.966e-01,  19.4,  14.2, 196.4,118.08,2.377e-02,  19.7,  11.7, 177.7,106.76
 136,5.000e-05,4.580e-01,  18.0,  12.9, 190.0,114.17,3.529e-02,  32.0,  28.2, 198.6,117.21
 137,5.000e-05,5.454e-01,  22.7,  17.0, 201.2,121.48,2.461e-02,  19.5,  13.8, 181.0,110.65
 138,5.000e-05,4.981e-01,  18.5,  13.5, 199.1,118.36,2.258e-02,  16.5,   8.7, 180.0,105.79
 139,5.000e-05,4.368e-01,  15.9,  11.2, 188.4,112.70,2.456e-02,  17.1,   8.9, 189.8,113.01
 140,5.000e-05,5.142e-01,  22.4,  16.3, 195.5,117.60,2.175e-02,  17.3,  11.1, 172.6,104.94
 141,5.000e-05,4.413e-01,  17.2,  12.9, 187.6,112.93,2.287e-02,  20.1,  12.8, 169.9,102.57
 142,5.000e-05,4.737e-01,  19.1,  13.6, 192.7,114.62,3.112e-02,  19.1,  10.3, 219.4,123.58
 143,5.000e-05,5.708e-01,  21.0,  15.1, 209.8,121.35,3.317e-02,  18.8,  11.7, 227.5,136.05
 144,5.000e-05,4.471e-01,  17.2,  12.5, 189.5,113.52,2.100e-02,  16.6,   7.6, 169.7,102.75
 145,5.000e-05,4.136e-01,  16.6,  12.0, 181.9,108.45,2.657e-02,  17.7,  10.3, 196.9,120.09
 146,5.000e-05,4.437e-01,  17.8,  13.2, 188.1,115.03,2.383e-02,  22.0,  14.9, 170.2,101.78
 147,5.000e-05,4.815e-01,  17.3,  12.3, 197.5,117.03,2.379e-02,  18.3,  10.4, 180.0,107.30
 148,5.000e-05,4.596e-01,  19.2,  14.5, 187.9,114.92,2.390e-02,  20.2,  13.5, 176.2,106.06
 149,5.000e-05,4.046e-01,  18.4,  13.7, 176.9,106.36,2.716e-02,  23.8,  19.9, 181.8,116.40
 150,5.000e-05,4.849e-01,  21.8,  16.1, 189.4,113.94,3.793e-02,  21.8,  14.1, 229.7,145.56
 151,5.000e-05,4.431e-01,  20.8,  15.7, 180.2,108.46,2.074e-02,  16.3,   7.9, 168.9,103.52
 152,5.000e-05,4.400e-01,  18.6,  13.5, 184.8,111.22,2.119e-02,  17.3,  11.0, 169.8,103.44
 153,5.000e-05,4.078e-01,  16.3,  11.6, 181.3,107.66,2.435e-02,  21.9,  15.4, 172.0,104.66
 154,5.000e-05,4.143e-01,  16.9,  12.0, 180.8,108.45,2.896e-02,  25.1,  21.0, 194.0,111.31
 155,5.000e-05,4.581e-01,  17.4,  12.5, 190.8,116.07,2.656e-02,  17.9,  10.0, 192.7,124.51
 156,5.000e-05,4.644e-01,  19.4,  14.3, 190.5,112.63,2.494e-02,  17.3,  10.5, 196.6,108.53
 157,5.000e-05,3.802e-01,  16.8,  12.6, 173.3,103.27,2.016e-02,  16.6,   9.6, 167.1, 98.40
 158,5.000e-05,4.990e-01,  18.2,  13.3, 199.2,114.57,2.502e-02,  17.8,  10.1, 191.4,116.28
 159,5.000e-05,3.784e-01,  17.0,  12.1, 172.1,102.71,2.153e-02,  19.1,   9.1, 165.4, 98.43
 160,5.000e-05,4.245e-01,  18.3,  13.3, 181.2,108.25,2.387e-02,  22.1,  15.1, 168.7,102.93
 161,5.000e-05,4.123e-01,  19.1,  14.6, 176.9,104.68,1.902e-02,  16.4,   8.9, 160.0, 97.48
 162,5.000e-05,3.717e-01,  15.5,  11.2, 173.2,102.57,2.395e-02,  25.0,  21.4, 164.2, 95.37
 163,5.000e-05,4.792e-01,  22.3,  16.7, 187.9,111.68,3.406e-02,  24.1,  18.0, 211.6,127.80
 164,5.000e-05,5.168e-01,  18.8,  13.4, 201.9,122.11,1.858e-02,  15.9,   7.4, 159.7, 93.92
 165,5.000e-05,4.450e-01,  15.0,  10.7, 190.5,107.57,2.074e-02,  19.9,  14.8, 162.7, 94.33
 166,5.000e-05,3.703e-01,  16.1,  11.7, 171.1,100.29,2.159e-02,  22.1,  15.0, 158.3, 93.55
 167,5.000e-05,3.438e-01,  15.3,  11.2, 165.5, 98.62,2.064e-02,  19.3,  14.7, 166.2, 96.28
 168,5.000e-05,3.822e-01,  17.4,  12.2, 171.1,102.92,2.209e-02,  21.4,  14.3, 162.6, 98.72
 169,5.000e-05,4.246e-01,  17.0,  12.2, 184.9,108.50,2.165e-02,  15.6,   7.1, 174.3,111.91
 170,5.000e-05,3.645e-01,  16.4,  12.3, 169.0,100.37,2.601e-02,  23.6,  19.0, 180.3,105.99
 171,5.000e-05,3.316e-01,  15.3,  11.1, 162.8, 95.88,1.902e-02,  16.0,   6.6, 164.3, 95.06
 172,5.000e-05,4.327e-01,  20.6,  15.2, 177.3,105.74,2.424e-02,  17.9,  10.4, 190.9,109.08
 173,5.000e-05,3.821e-01,  15.9,  11.6, 175.0,103.12,2.482e-02,  19.5,  11.7, 181.3,116.79
 174,5.000e-05,3.511e-01,  15.6,  11.3, 166.9, 99.41,1.868e-02,  15.9,   7.0, 163.0, 92.47
 175,5.000e-05,3.688e-01,  17.4,  12.7, 169.3, 99.83,1.949e-02,  19.0,  12.2, 155.9, 92.14
 176,5.000e-05,3.295e-01,  14.8,  10.9, 161.8, 96.48,1.875e-02,  16.8,   7.3, 156.7, 93.02
 177,5.000e-05,3.736e-01,  18.5,  14.2, 168.0, 99.06,2.359e-02,  18.3,  10.1, 179.0,108.63
 178,5.000e-05,4.044e-01,  16.2,  11.8, 181.0,106.69,2.393e-02,  22.1,  16.1, 172.0,103.57
 179,5.000e-05,4.027e-01,  18.8,  14.0, 173.5,103.37,2.332e-02,  25.2,  19.7, 158.6, 90.99
 180,5.000e-05,3.527e-01,  17.1,  12.7, 164.5, 97.36,1.853e-02,  18.6,  12.4, 152.7, 89.33
 181,5.000e-05,3.613e-01,  15.1,  11.0, 170.9,100.57,1.905e-02,  18.4,  10.8, 157.9, 93.85
 182,5.000e-05,3.149e-01,  14.9,  11.0, 158.1, 93.80,1.700e-02,  15.2,   6.6, 153.9, 89.17
 183,5.000e-05,3.128e-01,  14.1,  10.2, 158.6, 94.12,1.776e-02,  16.3,   6.9, 155.6, 89.09
 184,5.000e-05,3.425e-01,  17.3,  12.4, 161.1, 96.14,1.758e-02,  15.7,   6.2, 155.2, 91.17
 185,5.000e-05,3.385e-01,  16.1,  12.2, 162.8, 97.19,2.315e-02,  21.5,  14.4, 166.5, 97.78
 186,5.000e-05,3.107e-01,  13.8,  10.5, 159.1, 95.12,2.111e-02,  23.8,  17.3, 149.1, 87.41
 187,5.000e-05,4.398e-01,  19.6,  14.9, 183.5,107.46,1.983e-02,  18.9,  11.4, 159.3, 91.62
 188,5.000e-05,3.872e-01,  19.4,  15.4, 168.5,100.65,2.517e-02,  27.2,  24.5, 167.8, 95.41
 189,5.000e-05,3.095e-01,  15.0,  11.1, 156.4, 92.36,1.779e-02,  15.8,   7.6, 156.0, 91.86
 190,5.000e-05,2.785e-01,  12.1,   8.7, 152.6, 89.47,1.751e-02,  19.0,  13.6, 149.4, 86.21
 191,5.000e-05,3.740e-01,  18.2,  13.2, 168.8, 98.31,2.085e-02,  21.9,  14.6, 155.6, 91.24
 192,5.000e-05,2.838e-01,  12.8,   9.3, 153.7, 90.89,2.141e-02,  24.2,  18.3, 150.5, 86.98
 193,5.000e-05,2.992e-01,  13.4,  10.1, 156.0, 92.75,1.688e-02,  15.6,   5.8, 152.1, 86.54
 194,5.000e-05,3.293e-01,  16.4,  12.0, 159.5, 95.35,1.855e-02,  17.1,   8.4, 156.7, 92.22
 195,5.000e-05,3.594e-01,  17.5,  12.8, 165.5, 98.29,2.643e-02,  26.8,  15.9, 165.8,103.72
 196,5.000e-05,3.362e-01,  18.0,  12.8, 158.0, 93.00,1.647e-02,  16.7,   9.9, 145.9, 85.17
 197,5.000e-05,3.142e-01,  14.7,  10.6, 159.1, 94.69,1.821e-02,  16.5,   7.3, 155.2, 93.82
 198,5.000e-05,3.062e-01,  15.8,  11.6, 154.3, 91.83,1.957e-02,  21.8,  14.7, 148.6, 85.28
 199,5.000e-05,3.678e-01,  16.5,  12.9, 171.4,103.12,1.704e-02,  16.3,   8.6, 152.1, 87.22
 200,5.000e-05,3.047e-01,  15.0,  11.3, 154.8, 92.20,1.629e-02,  15.8,   6.8, 146.3, 86.08
 201,5.000e-05,2.848e-01,  13.0,   9.6, 152.4, 89.06,2.172e-02,  20.0,  13.0, 171.9, 93.97
 202,5.000e-05,3.196e-01,  14.4,  10.4, 162.1, 96.99,1.886e-02,  18.9,  12.5, 155.5, 90.84
 203,5.000e-05,3.101e-01,  15.4,  11.2, 155.8, 93.02,1.697e-02,  16.9,   7.8, 147.2, 84.04
 204,5.000e-05,2.873e-01,  14.6,  10.7, 150.6, 89.12,1.958e-02,  18.8,  13.5, 162.0, 91.64
 205,5.000e-05,3.036e-01,  14.7,  10.8, 155.3, 92.99,1.778e-02,  18.2,   8.7, 149.8, 86.03
 206,5.000e-05,3.297e-01,  15.6,  11.3, 161.0, 95.30,2.164e-02,  20.4,  14.1, 166.3,100.20
 207,5.000e-05,3.361e-01,  17.8,  12.8, 159.2, 94.46,2.034e-02,  22.7,  16.1, 149.9, 85.93
 208,5.000e-05,2.879e-01,  13.8,  10.2, 152.7, 90.43,1.592e-02,  15.4,   5.8, 147.4, 84.31
 209,5.000e-05,2.826e-01,  13.7,  10.2, 151.8, 89.57,1.963e-02,  19.2,  13.4, 158.9, 97.82
 210,5.000e-05,2.866e-01,  14.2,   9.9, 151.2, 89.34,2.502e-02,  26.5,  19.0, 160.0, 94.73
 211,5.000e-05,3.056e-01,  14.6,  10.3, 156.5, 92.44,1.609e-02,  16.0,   6.6, 145.7, 84.20
 212,5.000e-05,3.037e-01,  14.4,  10.5, 156.0, 91.56,1.813e-02,  20.8,  13.3, 141.4, 82.19
 213,5.000e-05,2.990e-01,  14.6,  10.6, 153.5, 91.36,1.531e-02,  14.7,   6.3, 146.3, 83.03
 214,5.000e-05,2.590e-01,  11.6,   8.1, 147.2, 86.95,1.995e-02,  23.5,  19.4, 146.6, 88.13
 215,5.000e-05,2.916e-01,  15.0,  11.0, 151.7, 88.50,3.054e-02,  15.6,   6.1, 230.8,114.62
 216,5.000e-05,6.112e-01,  28.4,  16.9, 204.1,119.01,1.783e-02,  17.5,   9.2, 153.3, 86.98
 217,5.000e-05,2.666e-01,  11.6,   8.1, 149.1, 87.09,1.480e-02,  14.9,   5.2, 140.4, 79.74
 218,5.000e-05,2.346e-01,  11.0,   7.9, 140.4, 81.93,1.499e-02,  15.2,   8.0, 141.7, 82.23
 219,5.000e-05,2.567e-01,  11.9,   8.5, 145.5, 85.89,1.543e-02,  15.3,   8.1, 144.5, 83.37
 220,5.000e-05,2.838e-01,  14.6,  10.2, 148.9, 88.40,2.284e-02,  25.2,  19.9, 155.8, 91.57
 221,5.000e-05,2.887e-01,  14.5,  10.9, 150.9, 88.96,1.893e-02,  21.4,  15.9, 145.3, 86.64
 222,5.000e-05,2.575e-01,  12.2,   8.8, 145.2, 85.41,1.690e-02,  17.1,  10.4, 152.2, 83.95
 223,5.000e-05,2.778e-01,  13.2,  10.0, 150.7, 88.82,1.644e-02,  17.2,   8.0, 144.0, 84.50
 224,5.000e-05,2.827e-01,  14.7,  11.0, 149.6, 88.38,1.733e-02,  20.7,  14.1, 138.1, 79.20
 225,5.000e-05,2.735e-01,  14.2,  10.2, 147.2, 87.35,1.480e-02,  16.0,   8.1, 139.2, 79.31
 226,5.000e-05,2.790e-01,  16.5,  12.3, 144.5, 85.75,2.001e-02,  22.7,  16.6, 146.1, 88.10
 227,5.000e-05,2.816e-01,  14.1,  10.2, 149.4, 89.40,1.606e-02,  16.2,   6.2, 144.9, 82.14
 228,5.000e-05,2.687e-01,  15.7,  11.4, 143.1, 84.62,1.559e-02,  15.1,   5.6, 146.6, 84.43
 229,5.000e-05,2.691e-01,  13.8,  10.4, 146.7, 86.97,2.050e-02,  20.2,  11.1, 161.3, 93.79
 230,5.000e-05,3.117e-01,  16.6,  11.8, 153.5, 90.74,1.638e-02,  17.6,   9.3, 143.1, 82.66
 231,5.000e-05,2.505e-01,  11.5,   8.2, 144.0, 84.03,1.594e-02,  18.9,  12.9, 135.9, 77.56
 232,5.000e-05,2.977e-01,  16.4,  11.7, 151.4, 88.06,1.550e-02,  15.3,   6.5, 145.5, 82.62
 233,5.000e-05,2.723e-01,  13.0,   9.2, 149.6, 88.30,2.636e-02,  19.2,  10.4, 203.0,102.24
 234,5.000e-05,3.441e-01,  17.9,  12.5, 161.8, 93.23,1.559e-02,  15.5,   7.8, 146.2, 82.37
 235,5.000e-05,2.602e-01,  12.3,   9.1, 146.2, 85.92,1.476e-02,  15.1,   5.5, 140.5, 80.56
 236,5.000e-05,2.501e-01,  13.2,   9.8, 141.2, 83.33,1.584e-02,  16.9,   7.5, 142.5, 80.01
 237,5.000e-05,2.928e-01,  14.7,  10.8, 151.1, 88.36,1.558e-02,  15.5,   6.2, 144.5, 84.07
 238,5.000e-05,2.418e-01,  11.1,   7.6, 142.4, 84.04,1.613e-02,  20.0,  15.5, 134.7, 78.43
 239,5.000e-05,2.600e-01,  13.7,  10.2, 143.3, 84.14,2.099e-02,  26.1,  21.2, 141.2, 80.38
 240,5.000e-05,2.597e-01,  14.4,  10.7, 141.3, 83.38,1.942e-02,  24.6,  18.8, 136.3, 78.49
 241,5.000e-05,2.830e-01,  13.9,  10.2, 150.5, 88.86,1.930e-02,  24.8,  21.6, 139.0, 80.58
 242,5.000e-05,2.575e-01,  13.6,   9.3, 143.0, 84.54,2.632e-02,  29.4,  27.0, 161.2,100.43
 243,5.000e-05,2.743e-01,  14.1,  10.2, 148.6, 88.68,1.664e-02,  16.7,   7.9, 149.1, 85.10
 244,5.000e-05,2.527e-01,  12.6,   9.2, 142.9, 84.91,1.808e-02,  16.3,   7.9, 156.6, 93.21
 245,5.000e-05,2.545e-01,  14.3,  10.5, 140.7, 82.24,1.661e-02,  17.1,   7.0, 145.8, 87.13
 246,5.000e-05,2.369e-01,  12.9,   9.5, 137.9, 80.86,1.571e-02,  16.8,  11.2, 143.1, 83.67
 247,5.000e-05,2.769e-01,  14.9,  10.7, 146.6, 85.41,2.709e-02,  27.7,  20.0, 165.4,103.05
 248,5.000e-05,2.706e-01,  13.8,  10.3, 146.1, 86.35,1.466e-02,  15.3,   6.3, 140.2, 78.22
 249,5.000e-05,2.701e-01,  12.4,   8.8, 148.7, 87.10,1.463e-02,  15.5,   5.1, 137.9, 77.94
 250,5.000e-05,2.755e-01,  16.3,  12.1, 143.1, 84.77,1.919e-02,  19.9,  13.2, 150.4, 89.42
 251,5.000e-05,3.416e-01,  15.6,  11.3, 164.6, 97.02,2.091e-02,  19.7,  13.7, 166.1, 97.30
 252,5.000e-05,2.750e-01,  13.3,   9.4, 148.1, 88.01,1.632e-02,  15.6,   5.9, 150.9, 84.63
 253,5.000e-05,2.261e-01,  10.3,   7.4, 137.8, 79.22,1.515e-02,  16.0,   8.8, 140.7, 78.91
 254,5.000e-05,2.288e-01,  11.4,   8.0, 138.1, 81.20,1.719e-02,  20.4,  14.2, 138.8, 79.73
 255,2.500e-05,1.945e-01,   8.8,   5.8, 130.0, 75.45,1.363e-02,  15.6,   6.9, 130.7, 75.32
 256,2.500e-05,1.883e-01,   8.2,   5.5, 128.5, 74.79,1.385e-02,  15.8,   6.1, 130.6, 74.46
 257,2.500e-05,1.890e-01,   8.1,   5.5, 127.8, 73.92,1.333e-02,  14.6,   5.5, 133.1, 73.88
 258,2.500e-05,1.932e-01,   9.7,   6.8, 127.6, 73.71,1.327e-02,  15.5,   7.3, 128.7, 72.35
 259,2.500e-05,1.973e-01,   9.4,   6.6, 129.3, 75.23,1.367e-02,  14.8,   4.7, 134.7, 75.65
 260,2.500e-05,1.954e-01,   9.1,   6.4, 128.6, 74.64,1.465e-02,  15.5,   6.1, 139.5, 78.84
 261,2.500e-05,1.920e-01,   8.5,   5.7, 128.9, 74.46,1.357e-02,  16.2,   7.6, 127.5, 72.67
 262,2.500e-05,1.975e-01,   9.9,   6.7, 128.8, 74.72,1.421e-02,  16.8,   9.1, 131.0, 73.49
 263,2.500e-05,2.022e-01,   9.2,   6.5, 131.7, 76.93,1.428e-02,  17.6,  10.3, 128.2, 74.22
 264,2.500e-05,1.919e-01,   9.7,   7.0, 127.7, 74.26,1.711e-02,  21.7,  13.3, 130.6, 74.58
 265,2.500e-05,2.003e-01,   9.6,   6.8, 130.5, 75.56,1.338e-02,  15.1,   5.5, 130.5, 74.28
 266,2.500e-05,1.997e-01,  10.6,   7.9, 128.5, 74.49,1.478e-02,  15.9,   6.5, 136.4, 79.42
 267,2.500e-05,1.881e-01,   9.4,   6.6, 126.5, 73.86,1.411e-02,  16.5,   7.3, 131.2, 74.15
 268,2.500e-05,1.944e-01,   9.1,   6.2, 128.7, 74.77,1.410e-02,  16.0,   8.5, 133.5, 75.84
 269,2.500e-05,1.947e-01,   9.8,   7.0, 128.3, 74.43,1.437e-02,  18.3,  12.5, 128.9, 71.99
 270,2.500e-05,1.934e-01,  10.3,   7.6, 126.2, 73.68,1.382e-02,  15.1,   5.9, 134.0, 78.32
 271,2.500e-05,1.982e-01,   9.8,   6.9, 128.3, 74.87,1.307e-02,  14.6,   5.7, 132.0, 72.95
 272,2.500e-05,1.947e-01,   9.5,   6.5, 128.7, 74.71,1.421e-02,  16.4,   9.2, 132.9, 75.88
 273,2.500e-05,1.942e-01,   9.5,   6.7, 128.2, 74.13,1.360e-02,  15.5,   5.9, 130.9, 74.58
 274,2.500e-05,1.981e-01,  10.5,   7.1, 127.7, 73.91,1.480e-02,  17.7,   5.9, 130.5, 74.40
 275,2.500e-05,2.033e-01,  10.7,   7.6, 129.0, 74.74,1.368e-02,  16.8,  10.4, 128.8, 72.36
 276,2.500e-05,1.984e-01,  10.9,   8.0, 128.0, 74.21,1.340e-02,  15.8,   7.0, 129.0, 71.03
 277,2.500e-05,2.014e-01,  10.5,   7.6, 128.9, 75.31,1.245e-02,  14.6,   5.2, 126.0, 70.74
 278,2.500e-05,1.830e-01,   8.9,   6.2, 125.1, 73.07,1.294e-02,  15.0,   5.3, 128.3, 71.80
 279,2.500e-05,1.825e-01,   9.8,   6.7, 124.2, 72.03,1.399e-02,  15.1,   4.6, 133.7, 77.46
 280,2.500e-05,1.911e-01,   9.8,   6.7, 126.6, 73.32,1.547e-02,  18.8,  13.7, 135.3, 78.42
 281,2.500e-05,1.839e-01,   9.2,   6.5, 124.9, 72.45,1.302e-02,  15.2,   4.6, 127.6, 70.92
 282,2.500e-05,1.925e-01,  10.0,   7.3, 126.6, 73.24,2.155e-02,  27.3,  23.7, 143.0, 80.26
 283,2.500e-05,2.053e-01,  12.1,   8.3, 127.0, 73.76,1.454e-02,  18.4,  12.5, 128.9, 72.64
 284,2.500e-05,1.829e-01,   8.5,   5.8, 124.9, 72.38,1.363e-02,  14.4,   6.0, 137.8, 78.29
 285,2.500e-05,1.845e-01,   8.6,   5.7, 125.9, 72.85,1.501e-02,  14.9,   4.9, 140.3, 85.51
 286,2.500e-05,1.893e-01,   9.7,   6.6, 126.5, 73.32,1.285e-02,  15.0,   6.1, 127.9, 72.03
 287,2.500e-05,1.797e-01,   9.0,   6.3, 123.3, 71.77,1.377e-02,  16.8,   7.3, 130.9, 71.09
 288,2.500e-05,2.066e-01,  11.9,   8.6, 128.5, 74.90,1.556e-02,  21.0,  15.7, 126.2, 71.45
 289,2.500e-05,1.914e-01,   9.7,   6.8, 127.4, 73.41,1.340e-02,  15.6,   4.5, 127.9, 72.49
 290,2.500e-05,1.795e-01,   9.1,   6.5, 124.4, 72.26,1.337e-02,  15.5,   5.4, 127.4, 74.30
 291,2.500e-05,1.866e-01,   9.9,   7.2, 124.5, 72.13,1.385e-02,  16.4,   7.5, 129.7, 72.94
 292,2.500e-05,1.982e-01,  11.7,   8.6, 125.3, 73.33,1.472e-02,  19.2,  13.9, 127.8, 71.83
 293,2.500e-05,2.195e-01,  10.8,   7.5, 135.0, 76.73,1.277e-02,  15.4,   6.8, 125.8, 71.10
 294,2.500e-05,1.778e-01,   8.5,   5.9, 122.8, 70.68,1.247e-02,  14.4,   5.1, 127.0, 71.21
 295,2.500e-05,1.793e-01,   9.3,   6.7, 122.6, 70.84,1.348e-02,  14.3,   5.5, 134.2, 79.46
 296,2.500e-05,1.887e-01,   9.3,   6.2, 126.3, 73.11,1.831e-02,  15.3,   5.6, 168.0, 90.69
 297,2.500e-05,1.985e-01,   9.7,   7.1, 129.4, 74.92,1.491e-02,  16.9,   8.1, 135.6, 77.23
 298,2.500e-05,1.794e-01,   9.7,   7.1, 122.2, 70.67,1.323e-02,  15.9,   6.1, 126.4, 70.30
 299,2.500e-05,1.750e-01,   8.8,   6.3, 122.7, 71.03,1.321e-02,  16.1,   6.9, 125.5, 70.69
 300,2.500e-05,1.875e-01,   9.2,   6.3, 125.6, 72.32,1.362e-02,  15.4,   5.0, 131.8, 73.66
 301,2.500e-05,1.802e-01,  10.2,   7.3, 122.7, 71.49,1.431e-02,  19.1,  14.3, 125.6, 71.02
 302,2.500e-05,1.822e-01,   8.8,   6.0, 124.3, 71.98,1.285e-02,  14.9,   4.2, 127.0, 71.36
 303,2.500e-05,1.886e-01,   9.9,   7.2, 126.3, 71.84,1.347e-02,  15.7,   5.5, 128.7, 73.97
 304,2.500e-05,2.106e-01,  10.1,   7.3, 132.8, 76.89,1.358e-02,  15.3,   6.4, 133.1, 76.26
 305,2.500e-05,1.771e-01,   9.6,   6.9, 121.9, 70.82,1.264e-02,  15.1,   6.1, 125.9, 69.38
 306,2.500e-05,1.755e-01,   9.5,   6.5, 121.5, 70.63,1.376e-02,  15.8,   5.2, 129.9, 74.20
 307,2.500e-05,1.925e-01,  10.8,   7.3, 125.8, 72.79,1.301e-02,  15.4,   6.5, 127.5, 70.02
 308,2.500e-05,1.726e-01,   8.5,   5.9, 121.6, 70.26,1.588e-02,  20.6,  14.9, 129.1, 75.25
 309,2.500e-05,1.792e-01,   9.9,   7.2, 122.2, 71.10,1.494e-02,  19.1,  13.7, 128.5, 75.24
 310,2.500e-05,1.798e-01,   9.5,   6.8, 123.0, 70.92,1.416e-02,  17.7,  10.4, 127.0, 72.34
 311,2.500e-05,1.730e-01,   8.9,   6.3, 121.3, 70.20,1.321e-02,  14.9,   5.1, 131.9, 73.53
 312,2.500e-05,1.806e-01,   9.5,   6.8, 122.8, 71.23,1.425e-02,  17.8,  10.9, 128.4, 72.28
 313,2.500e-05,1.821e-01,  10.4,   7.3, 123.0, 71.29,1.347e-02,  16.3,   5.5, 126.5, 69.42
 314,2.500e-05,1.706e-01,   9.0,   6.2, 120.1, 69.83,1.972e-02,  21.8,  16.4, 148.4, 92.97
 315,2.500e-05,1.834e-01,   9.2,   6.3, 124.2, 72.32,1.217e-02,  14.7,   5.7, 123.0, 68.81
 316,2.500e-05,1.870e-01,  10.9,   7.6, 122.6, 71.36,1.311e-02,  15.8,   5.3, 125.3, 70.98
 317,2.500e-05,1.710e-01,   9.3,   6.6, 120.9, 70.08,1.856e-02,  18.4,   9.9, 160.1, 82.46
 318,2.500e-05,1.756e-01,   8.8,   6.2, 122.7, 71.48,1.277e-02,  15.1,   4.5, 126.1, 70.20
 319,2.500e-05,2.058e-01,  12.0,   9.0, 128.3, 74.31,1.283e-02,  15.8,   5.6, 123.9, 68.67
 320,2.500e-05,1.832e-01,  10.5,   7.9, 123.6, 71.17,1.367e-02,  17.3,   8.4, 124.8, 69.43
 321,2.500e-05,1.699e-01,   8.8,   6.4, 119.7, 69.56,1.309e-02,  15.6,   8.1, 128.8, 70.80
 322,2.500e-05,1.732e-01,   8.9,   6.2, 121.4, 70.78,1.371e-02,  15.7,   6.1, 130.9, 75.44
 323,2.500e-05,1.660e-01,   8.8,   6.1, 119.0, 69.26,1.305e-02,  17.3,  10.0, 121.2, 68.07
 324,2.500e-05,1.720e-01,   8.2,   5.5, 122.1, 71.17,1.387e-02,  17.4,   8.4, 124.7, 72.54
 325,2.500e-05,1.821e-01,   8.5,   6.0, 125.0, 71.81,1.225e-02,  15.2,   4.5, 121.1, 67.68
 326,2.500e-05,2.291e-01,  11.9,   8.2, 136.1, 79.53,1.255e-02,  15.0,   5.6, 125.3, 70.76
 327,2.500e-05,1.679e-01,   8.6,   6.0, 119.9, 68.94,1.251e-02,  15.7,   5.3, 121.6, 67.47
 328,2.500e-05,1.685e-01,   9.4,   6.9, 119.7, 69.67,1.344e-02,  16.8,   9.3, 125.7, 70.70
 329,2.500e-05,1.633e-01,   9.0,   6.2, 117.1, 68.44,1.345e-02,  15.2,   4.9, 132.2, 71.96
 330,2.500e-05,1.675e-01,   8.9,   6.5, 120.0, 69.54,1.221e-02,  14.5,   4.7, 124.3, 70.16
 331,2.500e-05,1.765e-01,  10.4,   7.2, 120.0, 69.61,1.227e-02,  15.4,   6.5, 121.4, 67.09
 332,2.500e-05,1.745e-01,   8.4,   5.6, 121.5, 70.91,1.254e-02,  15.1,   4.9, 123.9, 69.74
 333,2.500e-05,2.526e-01,  11.1,   7.6, 147.3, 80.72,1.358e-02,  16.9,   8.9, 126.7, 70.66
 334,2.500e-05,1.661e-01,   9.0,   6.8, 118.3, 68.80,1.275e-02,  15.3,   5.0, 126.5, 68.04
 335,2.500e-05,1.669e-01,   8.9,   6.2, 118.9, 68.47,1.285e-02,  16.4,   5.4, 121.9, 67.09
 336,2.500e-05,1.646e-01,   9.7,   7.2, 116.5, 67.70,1.316e-02,  15.1,   5.4, 128.0, 73.88
 337,2.500e-05,1.611e-01,   8.6,   6.1, 117.7, 67.89,1.163e-02,  14.1,   4.7, 123.0, 67.58
 338,2.500e-05,1.667e-01,   9.3,   6.5, 118.0, 68.35,1.238e-02,  14.3,   4.8, 126.5, 73.36
 339,2.500e-05,1.691e-01,   8.9,   6.3, 120.6, 70.67,1.808e-02,  17.4,  10.5, 150.9, 95.32
 340,2.500e-05,1.706e-01,   8.7,   6.1, 120.4, 68.64,1.453e-02,  15.5,   4.8, 140.7, 74.44
 341,2.500e-05,1.742e-01,   9.4,   7.0, 120.6, 69.42,1.304e-02,  16.3,   8.8, 125.1, 73.12
 342,2.500e-05,1.876e-01,  10.1,   7.0, 124.7, 72.21,1.301e-02,  15.6,   4.9, 125.6, 70.42
 343,2.500e-05,1.650e-01,   8.5,   5.9, 118.1, 69.08,1.383e-02,  17.0,  11.1, 130.1, 73.43
 344,2.500e-05,1.743e-01,   8.8,   6.3, 121.6, 69.65,1.248e-02,  15.5,   4.5, 122.3, 68.64
 345,2.500e-05,1.706e-01,   8.3,   5.8, 120.7, 69.38,1.370e-02,  15.6,   6.8, 134.0, 74.49
 346,2.500e-05,1.739e-01,   9.8,   7.1, 120.2, 69.86,1.356e-02,  15.9,   5.2, 129.4, 72.31
 347,2.500e-05,1.618e-01,   8.2,   5.9, 118.4, 68.42,1.306e-02,  16.9,   7.4, 122.2, 67.99
 348,2.500e-05,1.689e-01,   9.6,   6.7, 118.1, 68.86,1.301e-02,  15.5,   6.4, 126.4, 72.35
 349,2.500e-05,1.635e-01,   9.0,   6.4, 117.1, 68.11,1.250e-02,  15.1,   4.4, 123.4, 69.84
 350,2.500e-05,1.589e-01,   8.8,   6.2, 116.8, 67.52,1.270e-02,  15.8,   6.1, 122.8, 68.84
 351,2.500e-05,1.635e-01,   9.0,   6.1, 117.7, 68.57,1.320e-02,  15.5,   5.6, 128.8, 70.49
 352,2.500e-05,1.775e-01,   9.9,   7.1, 121.5, 70.33,1.313e-02,  16.4,   6.9, 124.8, 69.49
 353,2.500e-05,1.656e-01,   8.9,   6.0, 117.6, 68.31,1.243e-02,  16.0,   7.6, 121.4, 66.49
 354,2.500e-05,1.609e-01,   8.5,   6.0, 116.8, 67.54,1.247e-02,  16.3,   8.3, 121.1, 65.97
 355,2.500e-05,1.952e-01,  10.8,   7.5, 126.3, 72.42,1.299e-02,  16.8,   9.4, 123.7, 67.75
 356,2.500e-05,1.579e-01,   8.5,   6.0, 115.8, 66.62,1.594e-02,  22.2,  15.1, 125.0, 69.86
 357,2.500e-05,1.771e-01,   9.6,   6.7, 122.1, 70.78,1.241e-02,  16.4,  10.2, 121.2, 66.36
 358,2.500e-05,1.590e-01,   8.8,   6.4, 115.7, 67.18,1.374e-02,  17.4,   8.6, 124.8, 69.81
 359,2.500e-05,1.739e-01,   9.6,   6.9, 121.2, 70.71,1.353e-02,  17.8,  10.6, 122.5, 70.58
 360,2.500e-05,1.640e-01,   9.3,   6.6, 117.5, 68.41,1.399e-02,  18.1,   9.7, 125.3, 71.18
 361,2.500e-05,1.635e-01,   8.6,   6.0, 117.4, 67.98,1.290e-02,  15.7,   8.3, 126.7, 71.63
 362,2.500e-05,1.666e-01,   7.8,   5.3, 120.4, 69.66,1.223e-02,  14.9,   4.5, 123.2, 68.43
 363,2.500e-05,1.658e-01,   9.6,   6.6, 117.9, 68.70,1.246e-02,  15.4,   6.7, 123.2, 69.12
 364,2.500e-05,1.646e-01,  10.0,   7.4, 116.1, 67.98,1.224e-02,  15.4,   6.2, 121.3, 68.22
 365,2.500e-05,1.639e-01,   9.4,   7.0, 117.3, 67.54,1.207e-02,  14.5,   6.0, 125.5, 71.64
 366,2.500e-05,1.641e-01,   9.1,   6.3, 116.8, 67.92,1.310e-02,  16.8,   9.6, 124.1, 67.51
 367,2.500e-05,1.555e-01,   8.6,   6.2, 115.6, 67.34,1.231e-02,  15.8,   6.5, 120.4, 67.30
 368,2.500e-05,1.682e-01,  10.1,   7.0, 117.5, 68.88,1.621e-02,  19.0,   9.9, 136.7, 75.92
 369,2.500e-05,1.722e-01,   8.6,   6.0, 122.0, 70.35,1.550e-02,  20.0,  13.4, 127.6, 74.51
 370,2.500e-05,1.610e-01,   8.8,   6.2, 116.3, 68.36,1.282e-02,  16.6,   7.4, 121.3, 67.74
 371,2.500e-05,1.609e-01,   9.4,   6.7, 116.5, 67.92,1.220e-02,  15.4,   4.7, 120.9, 66.67
 372,2.500e-05,1.597e-01,   8.5,   5.9, 116.7, 68.23,1.290e-02,  16.0,   6.1, 123.9, 69.29
 373,2.500e-05,1.745e-01,   8.7,   6.2, 121.9, 70.63,1.234e-02,  14.8,   7.1, 126.6, 69.62
 374,2.500e-05,1.546e-01,   8.4,   6.0, 115.0, 66.49,1.268e-02,  15.3,   5.3, 126.5, 67.65
 375,2.500e-05,1.559e-01,   8.6,   5.7, 114.6, 66.73,1.311e-02,  14.5,   5.2, 134.4, 74.88
 376,2.500e-05,1.717e-01,   8.6,   6.1, 121.0, 70.63,1.330e-02,  16.6,   6.6, 125.7, 69.42
 377,2.500e-05,1.575e-01,   8.9,   6.5, 114.7, 66.90,1.181e-02,  15.1,   4.4, 119.4, 64.90
 378,2.500e-05,1.548e-01,   8.1,   5.8, 115.2, 67.96,1.258e-02,  15.9,   7.4, 122.9, 67.84
 379,2.500e-05,1.635e-01,   8.0,   5.6, 119.6, 68.97,1.250e-02,  15.3,   4.3, 123.3, 68.25
 380,2.500e-05,1.620e-01,   9.2,   6.4, 116.4, 67.91,1.236e-02,  15.0,   5.4, 125.4, 68.49
 381,2.500e-05,1.585e-01,   9.2,   6.4, 115.5, 66.69,1.280e-02,  15.3,   4.4, 126.6, 68.15
 382,2.500e-05,1.525e-01,   8.7,   6.3, 113.6, 65.71,1.238e-02,  15.5,   6.5, 123.2, 67.77
 383,2.500e-05,1.564e-01,  10.0,   7.1, 113.7, 66.23,1.254e-02,  15.3,   5.7, 125.1, 67.52
 384,2.500e-05,1.543e-01,   8.3,   5.8, 115.1, 67.10,1.210e-02,  15.1,   5.4, 122.0, 66.74
 385,2.500e-05,1.702e-01,  10.4,   7.4, 117.5, 67.71,1.186e-02,  15.4,   6.3, 118.5, 65.29
 386,2.500e-05,1.612e-01,   9.5,   6.5, 115.7, 66.82,1.388e-02,  18.5,   9.6, 120.6, 67.11
 387,2.500e-05,1.585e-01,   8.4,   5.6, 115.6, 68.50,1.235e-02,  16.2,   7.4, 120.2, 64.95
 388,2.500e-05,1.683e-01,   9.1,   6.5, 119.1, 69.59,1.509e-02,  14.8,   5.6, 148.6, 77.66
 389,2.500e-05,1.572e-01,   8.4,   5.9, 116.1, 67.16,1.364e-02,  17.0,   9.1, 127.4, 72.35
 390,2.500e-05,1.474e-01,   8.3,   5.7, 112.1, 65.00,1.308e-02,  15.7,   5.5, 127.7, 68.84
 391,2.500e-05,1.668e-01,   9.2,   6.5, 118.7, 69.63,1.228e-02,  15.5,   4.9, 120.3, 66.38
 392,2.500e-05,1.517e-01,   7.9,   5.5, 114.6, 65.83,1.173e-02,  15.0,   5.6, 119.9, 65.85
 393,2.500e-05,1.545e-01,   9.5,   6.6, 113.1, 66.77,1.435e-02,  19.1,  10.6, 122.5, 67.86
 394,2.500e-05,1.515e-01,   7.6,   5.1, 114.5, 66.92,1.287e-02,  15.7,   7.5, 126.2, 70.30
 395,2.500e-05,1.621e-01,   9.2,   6.6, 116.7, 66.56,1.231e-02,  14.7,   4.7, 126.5, 70.00
 396,2.500e-05,1.606e-01,   9.0,   6.5, 116.9, 68.33,1.215e-02,  15.4,   8.0, 122.6, 68.62
 397,2.500e-05,1.557e-01,   8.6,   6.2, 115.1, 66.80,1.378e-02,  17.9,  10.0, 122.8, 70.48
 398,2.500e-05,1.911e-01,   9.7,   7.0, 126.3, 71.95,1.368e-02,  16.7,   7.1, 126.1, 72.05
 399,2.500e-05,1.527e-01,   8.7,   6.0, 113.6, 66.71,1.163e-02,  14.5,   4.2, 120.8, 64.98
 400,2.500e-05,1.487e-01,   8.9,   6.4, 111.5, 65.12,1.156e-02,  15.2,   5.0, 116.7, 64.45
 401,2.500e-05,1.601e-01,   8.8,   6.3, 116.2, 67.22,1.111e-02,  14.0,   4.4, 118.2, 64.74
 402,2.500e-05,1.520e-01,   8.9,   6.4, 112.5, 65.92,1.273e-02,  17.0,   8.4, 119.5, 65.42
 403,2.500e-05,1.452e-01,   8.5,   6.0, 110.8, 64.88,1.327e-02,  16.3,   6.0, 128.4, 67.23
 404,2.500e-05,1.578e-01,   9.1,   6.7, 115.2, 67.13,1.400e-02,  18.1,  10.1, 126.9, 67.84
 405,2.500e-05,1.612e-01,  10.4,   7.1, 114.3, 67.14,1.266e-02,  16.4,   9.2, 122.0, 68.15
 406,2.500e-05,1.510e-01,   7.7,   5.3, 113.8, 66.00,2.059e-02,  17.9,  10.5, 176.9, 90.09
 407,2.500e-05,1.650e-01,   9.3,   6.6, 118.4, 69.71,1.151e-02,  15.8,   8.6, 116.0, 64.11
 408,2.500e-05,1.587e-01,   9.2,   6.8, 115.9, 67.50,1.299e-02,  14.7,   4.4, 133.0, 70.60
 409,2.500e-05,1.529e-01,   8.9,   6.3, 113.3, 65.85,1.778e-02,  23.7,  19.6, 133.4, 75.98
 410,2.500e-05,1.634e-01,  10.3,   7.5, 115.8, 67.65,1.183e-02,  14.9,   4.4, 120.5, 65.58
 411,2.500e-05,1.540e-01,   9.8,   7.0, 112.1, 65.03,1.210e-02,  16.2,   9.6, 119.3, 65.78
 412,2.500e-05,1.551e-01,   9.1,   6.6, 114.4, 67.20,1.238e-02,  15.3,   6.4, 123.2, 68.24
 413,2.500e-05,1.567e-01,   8.0,   5.6, 116.9, 68.04,1.237e-02,  15.4,   5.2, 122.7, 67.00
 414,2.500e-05,1.572e-01,   9.6,   6.9, 114.4, 66.97,1.148e-02,  14.4,   3.9, 119.4, 65.93
 415,2.500e-05,1.420e-01,   7.2,   4.9, 110.5, 64.53,1.276e-02,  16.0,   4.8, 121.8, 68.98
 416,2.500e-05,1.722e-01,   7.9,   5.6, 124.5, 70.28,1.483e-02,  16.1,   5.0, 140.1, 75.68
 417,2.500e-05,1.489e-01,   9.1,   6.4, 110.8, 64.70,1.234e-02,  16.2,   5.8, 121.8, 66.45
 418,2.500e-05,1.452e-01,   8.7,   6.1, 110.3, 65.08,1.181e-02,  14.8,   5.1, 121.4, 66.98
 419,2.500e-05,1.695e-01,  10.2,   7.2, 117.1, 69.41,1.151e-02,  14.2,   5.7, 121.2, 66.84
 420,2.500e-05,1.598e-01,  10.1,   7.4, 114.8, 65.71,1.216e-02,  15.0,   4.1, 122.6, 66.49
 421,2.500e-05,1.486e-01,   9.2,   6.5, 110.5, 64.17,1.233e-02,  15.3,   5.5, 122.6, 67.63
 422,2.500e-05,1.491e-01,   8.1,   5.5, 112.7, 66.39,1.204e-02,  15.3,   4.6, 120.1, 65.56
 423,2.500e-05,1.595e-01,   9.3,   6.5, 114.9, 67.33,1.177e-02,  14.8,   3.8, 120.0, 64.73
 424,2.500e-05,1.590e-01,   8.8,   6.2, 115.2, 67.72,1.213e-02,  16.7,  11.1, 119.6, 64.92
 425,2.500e-05,1.433e-01,   8.1,   5.8, 111.1, 64.51,1.266e-02,  15.7,   6.8, 124.1, 68.35
 426,2.500e-05,1.506e-01,   9.1,   6.3, 112.0, 65.19,1.206e-02,  15.5,   5.9, 120.1, 65.85
 427,2.500e-05,1.481e-01,   8.5,   5.9, 111.4, 64.46,1.178e-02,  15.6,   6.2, 117.0, 63.60
 428,2.500e-05,1.445e-01,   8.2,   5.6, 110.7, 64.96,1.171e-02,  14.6,   4.1, 120.6, 67.97
 429,2.500e-05,1.519e-01,   8.4,   5.9, 113.6, 66.20,1.246e-02,  16.9,  10.3, 120.3, 66.17
 430,2.500e-05,1.475e-01,   8.7,   5.9, 111.3, 64.98,1.130e-02,  15.4,   6.5, 114.9, 62.60
 431,2.500e-05,1.428e-01,   7.9,   5.6, 110.6, 64.76,1.222e-02,  16.6,   9.7, 119.3, 65.31
 432,2.500e-05,1.511e-01,   9.1,   6.4, 112.4, 65.23,1.273e-02,  16.1,   5.5, 122.6, 66.08
 433,2.500e-05,1.449e-01,   8.1,   5.7, 110.5, 64.66,1.217e-02,  15.2,   6.4, 124.1, 66.91
 434,2.500e-05,1.584e-01,   9.6,   7.0, 114.2, 66.71,1.291e-02,  16.3,   7.9, 122.8, 71.02
 435,2.500e-05,1.457e-01,   8.9,   6.5, 111.0, 64.97,1.211e-02,  15.9,   6.7, 118.4, 64.49
 436,2.500e-05,1.541e-01,   9.1,   6.6, 113.9, 66.93,1.136e-02,  14.7,   7.4, 120.5, 66.06
 437,2.500e-05,1.456e-01,   7.8,   5.4, 111.6, 65.40,1.170e-02,  14.7,   5.9, 120.0, 68.50
 438,2.500e-05,1.550e-01,   8.9,   6.1, 113.3, 65.41,1.289e-02,  18.0,   9.9, 117.3, 65.25
 439,2.500e-05,1.552e-01,  10.3,   7.3, 111.1, 65.18,1.264e-02,  17.3,  11.1, 120.7, 65.98
 440,2.500e-05,1.399e-01,   7.3,   5.1, 110.1, 63.91,1.167e-02,  14.4,   3.8, 120.5, 67.39
 441,2.500e-05,1.411e-01,   8.0,   5.6, 109.7, 64.67,1.201e-02,  16.0,   7.6, 117.7, 64.68
 442,2.500e-05,1.513e-01,   8.7,   6.0, 113.1, 66.08,1.551e-02,  16.4,   7.4, 142.6, 83.06
 443,2.500e-05,1.444e-01,   7.9,   5.6, 111.3, 65.12,1.201e-02,  15.2,   5.0, 120.2, 66.35
 444,2.500e-05,1.522e-01,   9.9,   7.3, 111.5, 65.93,1.326e-02,  17.2,   8.3, 122.8, 68.24
 445,2.500e-05,1.787e-01,  10.2,   7.4, 122.9, 71.27,1.219e-02,  16.3,   9.4, 118.5, 65.05
 446,2.500e-05,1.437e-01,   8.8,   6.2, 109.4, 64.12,1.134e-02,  14.8,   4.2, 116.9, 64.12
 447,2.500e-05,1.567e-01,   8.2,   5.5, 116.5, 66.37,1.172e-02,  14.6,   4.1, 121.5, 65.10
 448,2.500e-05,1.524e-01,   9.0,   6.4, 113.1, 65.11,1.188e-02,  14.8,   6.1, 121.8, 67.77
 449,2.500e-05,1.478e-01,   8.5,   5.8, 111.2, 64.75,1.210e-02,  15.5,   5.8, 120.8, 65.52
 450,2.500e-05,1.492e-01,   8.1,   5.7, 112.8, 65.16,1.328e-02,  17.7,  10.5, 120.6, 69.23
 451,2.500e-05,1.503e-01,   9.4,   7.0, 111.9, 65.55,1.126e-02,  14.5,   5.0, 117.3, 65.73
 452,2.500e-05,1.486e-01,   7.8,   5.3, 113.0, 66.10,1.112e-02,  14.5,   5.7, 116.7, 63.88
 453,2.500e-05,1.440e-01,   8.7,   6.4, 109.6, 63.95,1.202e-02,  15.8,   5.1, 117.4, 63.70
 454,2.500e-05,1.544e-01,   9.5,   7.0, 113.0, 66.25,1.386e-02,  19.3,  13.7, 122.6, 67.19
 455,2.500e-05,1.444e-01,   8.6,   6.1, 110.2, 64.31,1.258e-02,  16.5,   5.6, 120.0, 65.43
 456,2.500e-05,1.471e-01,   7.6,   5.2, 112.7, 65.17,1.192e-02,  14.8,   5.7, 123.4, 65.93
 457,2.500e-05,1.459e-01,   8.9,   6.1, 110.4, 63.85,1.372e-02,  18.1,   5.8, 121.4, 66.20
 458,2.500e-05,1.482e-01,   8.0,   5.7, 112.0, 65.02,1.388e-02,  16.0,   6.7, 131.9, 74.27
 459,2.500e-05,1.431e-01,   8.3,   5.7, 110.0, 63.94,1.207e-02,  15.8,   8.4, 120.6, 65.98
 460,2.500e-05,1.392e-01,   8.6,   6.2, 107.8, 62.86,1.322e-02,  16.9,  10.2, 124.5, 72.62
 461,2.500e-05,1.645e-01,   8.5,   5.9, 118.7, 68.09,1.137e-02,  14.3,   4.6, 119.6, 64.47
 462,2.500e-05,1.419e-01,   9.1,   6.7, 108.3, 63.28,1.222e-02,  15.6,   6.3, 120.7, 67.49
 463,2.500e-05,1.409e-01,   8.8,   6.4, 108.7, 64.03,1.165e-02,  15.4,   5.8, 118.1, 62.97
 464,2.500e-05,1.512e-01,   8.5,   5.9, 112.5, 66.13,1.670e-02,  15.6,   5.0, 151.3, 91.60
 465,2.500e-05,1.405e-01,   8.4,   6.0, 109.6, 64.62,1.185e-02,  15.5,   4.4, 118.1, 63.59
 466,2.500e-05,1.423e-01,   7.9,   5.4, 110.9, 63.89,1.254e-02,  17.1,   8.9, 119.3, 62.89
 467,2.500e-05,1.435e-01,   8.3,   6.0, 110.3, 64.80,1.133e-02,  14.9,   4.2, 115.4, 63.21
 468,2.500e-05,1.353e-01,   7.6,   5.1, 108.0, 62.82,1.093e-02,  14.5,   3.9, 115.0, 62.17
 469,2.500e-05,1.274e-01,   7.7,   5.5, 104.5, 62.12,1.094e-02,  14.2,   4.9, 116.9, 63.08
 470,2.500e-05,1.360e-01,   8.4,   5.8, 106.2, 63.67,1.194e-02,  16.2,   6.1, 116.3, 62.92
 471,2.500e-05,1.537e-01,   8.5,   6.4, 113.7, 65.03,1.266e-02,  15.0,   4.9, 127.2, 72.46
 472,2.500e-05,1.493e-01,   8.5,   6.0, 112.7, 65.54,1.094e-02,  14.2,   3.9, 116.1, 63.60
 473,2.500e-05,1.394e-01,   7.7,   5.4, 109.2, 63.60,1.450e-02,  19.2,  10.9, 123.4, 69.76
 474,2.500e-05,1.641e-01,   9.2,   6.7, 116.7, 68.40,1.148e-02,  15.1,   4.5, 117.0, 62.71
 475,2.500e-05,1.351e-01,   7.8,   5.4, 107.5, 62.40,1.434e-02,  19.0,  10.7, 122.4, 69.19
 476,2.500e-05,1.455e-01,   9.0,   6.4, 110.1, 64.76,1.202e-02,  15.6,   4.2, 119.6, 65.59
 477,2.500e-05,1.489e-01,   8.6,   6.4, 111.2, 64.68,1.356e-02,  16.2,   7.6, 129.6, 74.36
 478,2.500e-05,1.362e-01,   8.8,   6.3, 106.4, 62.41,1.137e-02,  15.5,   5.8, 114.1, 63.03
 479,2.500e-05,1.312e-01,   8.2,   5.9, 105.5, 62.38,1.184e-02,  15.7,   6.6, 118.6, 64.83
 480,2.500e-05,1.379e-01,   8.0,   5.7, 107.7, 63.54,1.258e-02,  14.4,   3.6, 131.3, 71.16
 481,2.500e-05,1.524e-01,   8.5,   5.9, 113.5, 65.56,1.189e-02,  15.0,   5.2, 121.4, 68.16
 482,2.500e-05,1.433e-01,   7.8,   5.4, 111.1, 65.48,1.258e-02,  15.3,   5.3, 127.5, 65.48
 483,2.500e-05,1.451e-01,   8.8,   6.2, 110.3, 64.81,1.487e-02,  19.9,  13.1, 126.5, 69.56
 484,2.500e-05,1.370e-01,   7.1,   5.0, 109.5, 62.97,1.160e-02,  14.6,   5.7, 122.2, 64.24
 485,2.500e-05,1.373e-01,   7.5,   5.2, 108.9, 63.45,1.244e-02,  16.0,   6.3, 121.1, 66.65
 486,2.500e-05,1.408e-01,   9.1,   6.4, 107.2, 63.21,1.181e-02,  15.6,   7.7, 119.7, 63.28
 487,2.500e-05,1.365e-01,   9.0,   6.6, 106.7, 62.33,1.257e-02,  17.5,  10.1, 118.3, 64.36
 488,2.500e-05,1.479e-01,   9.4,   6.6, 110.8, 65.21,1.216e-02,  14.8,   5.0, 123.3, 67.79
 489,2.500e-05,1.355e-01,   7.3,   5.1, 109.0, 62.83,1.288e-02,  17.8,  10.6, 119.0, 63.56
 490,2.500e-05,1.401e-01,   7.9,   5.6, 110.6, 63.52,1.220e-02,  16.7,   8.7, 117.1, 64.28
 491,2.500e-05,1.464e-01,   7.6,   5.2, 112.7, 65.76,1.315e-02,  15.2,   6.2, 129.0, 74.32
 492,2.500e-05,1.473e-01,   9.3,   6.7, 110.7, 65.64,1.230e-02,  16.2,   8.1, 120.5, 65.57
 493,2.500e-05,1.312e-01,   7.9,   5.7, 105.6, 62.28,1.220e-02,  16.5,   8.8, 117.7, 65.24
 494,2.500e-05,1.426e-01,   9.6,   7.2, 107.4, 63.61,1.101e-02,  14.5,   4.7, 115.5, 63.05
 495,2.500e-05,1.274e-01,   7.3,   5.3, 104.0, 61.34,1.172e-02,  15.9,   6.4, 116.4, 62.06
 496,2.500e-05,1.379e-01,   7.8,   5.6, 109.4, 64.55,1.318e-02,  15.7,   7.0, 129.0, 72.42
 497,2.500e-05,1.399e-01,   8.8,   6.2, 107.8, 62.79,1.184e-02,  15.6,   4.4, 117.7, 62.42
 498,2.500e-05,1.359e-01,   9.5,   6.9, 105.0, 62.01,1.093e-02,  14.6,   4.6, 114.2, 62.67
 499,2.500e-05,1.331e-01,   8.3,   5.9, 105.8, 62.45,1.203e-02,  16.2,   6.6, 117.8, 63.95
 500,2.500e-05,1.260e-01,   6.4,   4.3, 105.7, 62.57,1.119e-02,  14.6,   4.6, 117.2, 62.18
 501,2.500e-05,1.374e-01,   8.7,   6.3, 107.1, 63.60,1.252e-02,  16.0,   6.9, 123.1, 65.39
 502,2.500e-05,1.346e-01,   7.7,   5.4, 108.1, 64.15,1.198e-02,  15.4,   4.9, 118.7, 67.69
 503,2.500e-05,1.303e-01,   8.5,   6.2, 104.5, 61.84,1.283e-02,  17.0,   8.7, 121.1, 67.46
 504,2.500e-05,1.290e-01,   8.1,   5.9, 104.3, 61.89,1.159e-02,  15.1,   5.2, 118.3, 63.60
 505,1.250e-05,1.143e-01,   5.9,   3.9,  99.8, 58.61,1.112e-02,  14.9,   3.6, 114.3, 61.59
 506,1.250e-05,1.142e-01,   6.2,   4.2,  99.7, 59.09,1.094e-02,  14.9,   5.4, 113.7, 60.52
 507,1.250e-05,1.084e-01,   5.8,   3.8,  98.0, 58.23,1.084e-02,  14.7,   3.9, 113.7, 60.14
 508,1.250e-05,1.110e-01,   6.0,   4.0,  98.8, 58.60,1.156e-02,  15.5,   5.4, 115.4, 62.64
 509,1.250e-05,1.108e-01,   6.2,   4.2,  99.4, 58.69,1.120e-02,  15.7,   6.2, 111.9, 60.47
 510,1.250e-05,1.123e-01,   6.3,   4.4,  98.8, 58.85,1.114e-02,  15.4,   6.3, 113.4, 60.11
 511,1.250e-05,1.086e-01,   6.1,   4.0,  97.7, 58.26,1.104e-02,  14.9,   4.1, 113.7, 60.52
 512,1.250e-05,1.117e-01,   6.4,   4.6,  98.7, 58.39,1.179e-02,  16.1,   8.7, 117.0, 62.50
 513,1.250e-05,1.148e-01,   6.4,   4.4, 100.0, 59.08,1.079e-02,  15.0,   5.3, 111.6, 60.11
 514,1.250e-05,1.114e-01,   5.9,   4.0,  99.0, 58.61,1.144e-02,  14.9,   4.4, 116.5, 63.39
 515,1.250e-05,1.160e-01,   6.2,   4.1, 100.8, 58.97,1.176e-02,  14.9,   4.0, 121.0, 64.29
 516,1.250e-05,1.140e-01,   6.2,   4.0, 100.2, 59.14,1.108e-02,  15.0,   3.7, 114.1, 60.08
 517,1.250e-05,1.316e-01,   6.7,   4.6, 107.2, 60.70,1.070e-02,  14.8,   3.9, 111.8, 59.82
 518,1.250e-05,1.152e-01,   6.2,   4.3,  99.9, 58.80,1.306e-02,  14.7,   5.3, 134.4, 72.40
 519,1.250e-05,1.169e-01,   6.2,   4.1, 101.3, 59.78,1.073e-02,  14.6,   3.5, 112.6, 59.55
 520,1.250e-05,1.087e-01,   6.1,   4.2,  97.5, 57.82,1.037e-02,  14.3,   5.7, 113.1, 60.24
 521,1.250e-05,1.133e-01,   7.3,   5.3,  97.9, 58.40,1.140e-02,  14.7,   4.2, 118.5, 62.58
 522,1.250e-05,1.069e-01,   6.0,   4.0,  96.9, 57.89,1.094e-02,  15.1,   4.0, 112.3, 59.53
 523,1.250e-05,1.231e-01,   7.0,   4.9, 102.6, 61.05,1.110e-02,  15.6,   7.3, 112.6, 59.88
 524,1.250e-05,1.074e-01,   6.5,   4.5,  97.0, 57.93,1.068e-02,  14.9,   5.7, 110.8, 59.76
 525,1.250e-05,1.113e-01,   6.3,   4.4,  97.8, 58.25,1.083e-02,  14.5,   5.1, 115.6, 60.66
 526,1.250e-05,1.131e-01,   6.4,   4.2,  99.4, 58.58,1.196e-02,  16.5,   6.2, 115.2, 60.76
 527,1.250e-05,1.104e-01,   6.4,   4.5,  97.9, 57.90,1.122e-02,  16.0,   7.9, 112.2, 59.12
 528,1.250e-05,1.161e-01,   6.1,   4.0, 101.3, 58.38,1.066e-02,  14.6,   3.3, 111.6, 59.70
 529,1.250e-05,1.088e-01,   6.1,   4.1,  97.6, 58.26,1.101e-02,  14.9,   4.3, 114.0, 60.46
 530,1.250e-05,1.106e-01,   6.4,   4.5,  97.9, 58.83,1.052e-02,  14.5,   3.9, 111.0, 59.78
 531,1.250e-05,1.076e-01,   6.1,   4.2,  96.9, 57.61,1.123e-02,  15.9,   7.5, 112.1, 60.10
 532,1.250e-05,1.101e-01,   6.3,   4.2,  97.6, 57.91,1.099e-02,  14.6,   3.9, 115.4, 61.30
 533,1.250e-05,1.091e-01,   6.2,   4.2,  97.6, 58.19,1.101e-02,  15.2,   5.7, 112.6, 60.86
 534,1.250e-05,1.101e-01,   6.7,   4.8,  96.7, 57.96,1.088e-02,  14.5,   5.0, 114.3, 62.57
 535,1.250e-05,1.090e-01,   6.9,   4.8,  97.1, 58.09,1.106e-02,  15.3,   4.0, 112.2, 60.36
 536,1.250e-05,1.107e-01,   6.2,   4.2,  98.1, 58.44,1.112e-02,  15.2,   4.0, 113.2, 60.83
 537,1.250e-05,1.135e-01,   5.7,   3.7, 100.0, 59.15,1.076e-02,  14.9,   3.6, 110.7, 59.54
 538,1.250e-05,1.133e-01,   7.3,   5.3,  98.3, 58.27,1.124e-02,  16.0,   7.3, 111.8, 59.68
 539,1.250e-05,1.080e-01,   6.4,   4.6,  97.8, 58.54,1.080e-02,  14.8,   4.0, 113.1, 60.17
 540,1.250e-05,1.206e-01,   6.1,   4.1, 103.8, 60.27,1.122e-02,  15.1,   3.7, 114.9, 60.54
 541,1.250e-05,1.128e-01,   5.8,   3.9,  99.3, 57.97,1.090e-02,  14.9,   4.9, 111.7, 61.46
 542,1.250e-05,1.114e-01,   6.9,   4.9,  98.1, 58.08,1.080e-02,  15.2,   4.1, 109.8, 59.35
 543,1.250e-05,1.074e-01,   6.1,   4.3,  97.0, 57.51,1.102e-02,  14.9,   4.2, 114.6, 60.07
 544,1.250e-05,1.086e-01,   6.0,   4.0,  97.3, 57.83,1.074e-02,  15.0,   3.9, 110.5, 59.34
 545,1.250e-05,1.066e-01,   6.0,   4.1,  96.7, 57.42,1.090e-02,  14.9,   5.4, 113.3, 60.76
 546,1.250e-05,1.058e-01,   5.9,   4.0,  96.3, 57.55,1.075e-02,  14.6,   3.6, 113.5, 60.31
 547,1.250e-05,1.097e-01,   6.7,   4.6,  96.8, 57.90,1.089e-02,  14.9,   3.7, 112.3, 59.92
 548,1.250e-05,1.120e-01,   6.1,   4.0,  98.4, 58.30,1.156e-02,  16.1,   5.0, 113.3, 60.12
 549,1.250e-05,1.033e-01,   5.8,   3.8,  95.6, 57.44,1.073e-02,  14.8,   4.4, 111.8, 59.57
 550,1.250e-05,1.088e-01,   6.0,   4.0,  97.3, 58.34,1.117e-02,  15.4,   4.9, 113.5, 59.44
 551,1.250e-05,1.064e-01,   6.0,   4.1,  97.0, 57.62,1.084e-02,  14.6,   5.0, 113.1, 61.64
 552,1.250e-05,1.055e-01,   6.3,   4.4,  95.4, 57.00,1.143e-02,  16.1,   6.2, 111.9, 59.10
 553,1.250e-05,1.154e-01,   6.1,   4.1, 101.0, 59.15,1.192e-02,  17.2,   9.4, 113.6, 60.27
 554,1.250e-05,1.154e-01,   6.6,   4.6, 100.7, 59.50,1.122e-02,  15.5,   4.7, 112.7, 59.66
 555,1.250e-05,1.056e-01,   6.1,   4.2,  95.7, 57.04,1.097e-02,  15.6,   5.7, 110.3, 59.19
 556,1.250e-05,1.045e-01,   6.0,   4.0,  95.0, 56.97,1.081e-02,  14.7,   4.0, 111.9, 61.03
 557,1.250e-05,1.063e-01,   6.1,   4.2,  96.5, 57.60,1.178e-02,  15.3,   6.5, 118.5, 66.23
 558,1.250e-05,1.069e-01,   6.4,   4.6,  96.3, 57.37,1.116e-02,  14.9,   5.4, 115.4, 62.04
 559,1.250e-05,1.146e-01,   7.2,   5.0,  98.9, 58.89,1.088e-02,  15.0,   4.4, 112.1, 59.42
 560,1.250e-05,1.088e-01,   5.7,   3.9,  97.5, 57.75,1.079e-02,  14.9,   4.0, 112.0, 59.51
 561,1.250e-05,1.033e-01,   6.5,   4.6,  94.6, 56.72,1.134e-02,  15.8,   8.4, 114.3, 63.70
 562,1.250e-05,1.039e-01,   6.1,   4.2,  94.9, 57.11,1.061e-02,  14.6,   4.3, 112.2, 60.06
 563,1.250e-05,1.040e-01,   6.4,   4.3,  94.9, 56.96,1.101e-02,  15.3,   6.2, 112.8, 59.54
 564,1.250e-05,1.042e-01,   6.1,   4.1,  95.2, 57.05,1.082e-02,  15.2,   3.6, 110.2, 58.95
 565,1.250e-05,1.063e-01,   6.0,   4.0,  96.1, 57.51,1.127e-02,  15.8,   6.8, 113.1, 59.74
 566,1.250e-05,1.034e-01,   6.2,   4.4,  94.8, 56.87,1.111e-02,  15.1,   4.0, 113.6, 60.74
 567,1.250e-05,1.079e-01,   6.7,   4.6,  96.5, 58.19,1.068e-02,  14.8,   3.6, 111.3, 59.02
 568,1.250e-05,1.079e-01,   7.4,   5.2,  95.0, 57.23,1.015e-02,  14.2,   4.4, 110.6, 58.88
 569,1.250e-05,1.185e-01,   6.8,   4.7, 101.4, 59.12,1.143e-02,  16.4,   7.3, 111.4, 59.18
 570,1.250e-05,1.041e-01,   6.0,   4.3,  95.6, 56.95,1.163e-02,  16.3,   6.6, 113.5, 62.27
 571,1.250e-05,1.083e-01,   6.4,   4.5,  97.4, 57.54,1.124e-02,  16.3,   8.8, 111.7, 58.98
 572,1.250e-05,1.020e-01,   6.4,   4.6,  94.1, 56.43,1.064e-02,  14.6,   3.7, 111.4, 59.84
 573,1.250e-05,1.026e-01,   6.0,   4.1,  94.7, 56.60,1.189e-02,  17.4,  10.1, 112.9, 58.60
 574,1.250e-05,1.026e-01,   6.4,   4.5,  94.3, 56.72,1.055e-02,  14.5,   3.8, 112.0, 59.19
 575,1.250e-05,1.026e-01,   6.2,   4.4,  94.1, 56.44,1.079e-02,  15.2,   5.3, 111.3, 58.96
 576,1.250e-05,1.037e-01,   5.5,   3.7,  95.1, 56.66,1.159e-02,  15.9,   4.7, 114.6, 61.45
 577,1.250e-05,1.041e-01,   6.1,   4.1,  95.1, 57.14,1.093e-02,  15.4,   4.0, 110.7, 59.51
 578,1.250e-05,1.055e-01,   6.2,   4.2,  96.2, 57.20,1.075e-02,  15.0,   5.2, 111.2, 60.45
 579,1.250e-05,1.070e-01,   6.6,   4.6,  95.7, 57.86,1.078e-02,  14.9,   4.3, 112.2, 58.44
 580,1.250e-05,1.044e-01,   6.6,   4.6,  94.7, 56.91,1.104e-02,  15.4,   4.9, 111.4, 58.76
 581,1.250e-05,1.043e-01,   6.3,   4.6,  95.1, 57.20,1.101e-02,  15.4,   4.0, 111.6, 59.08
 582,1.250e-05,1.043e-01,   7.0,   4.8,  93.7, 56.51,1.163e-02,  16.3,   6.7, 113.0, 60.71
 583,1.250e-05,1.005e-01,   6.0,   4.2,  93.8, 56.65,1.048e-02,  14.4,   4.5, 111.8, 60.25
 584,1.250e-05,1.057e-01,   6.3,   4.3,  95.5, 57.41,1.042e-02,  14.6,   3.9, 110.2, 58.25
 585,1.250e-05,9.605e-02,   5.7,   4.0,  92.7, 55.82,1.037e-02,  14.5,   3.4, 110.1, 58.36
 586,1.250e-05,1.043e-01,   6.3,   4.2,  95.0, 57.68,1.100e-02,  14.9,   3.9, 114.6, 61.11
 587,1.250e-05,1.035e-01,   6.1,   4.2,  95.3, 57.34,1.028e-02,  14.4,   4.0, 109.6, 58.78
 588,1.250e-05,1.011e-01,   5.7,   3.9,  94.3, 56.53,1.124e-02,  15.2,   3.8, 114.7, 61.68
 589,1.250e-05,1.076e-01,   6.0,   4.2,  97.4, 57.53,1.130e-02,  16.7,  10.1, 110.9, 58.36
 590,1.250e-05,1.051e-01,   6.9,   4.8,  94.9, 56.65,1.136e-02,  16.1,   5.5, 110.8, 60.38
 591,1.250e-05,1.014e-01,   6.1,   3.9,  93.7, 56.05,1.012e-02,  14.0,   3.8, 111.0, 58.39
 592,1.250e-05,1.040e-01,   7.0,   4.9,  93.5, 56.52,1.129e-02,  16.3,   8.2, 111.7, 58.83
 593,1.250e-05,1.017e-01,   6.4,   4.4,  93.3, 56.21,1.070e-02,  14.8,   3.5, 111.8, 59.21
 594,1.250e-05,9.945e-02,   5.9,   3.9,  93.4, 56.02,1.044e-02,  14.2,   3.8, 112.4, 60.65
 595,1.250e-05,1.002e-01,   6.2,   4.2,  93.7, 56.54,1.057e-02,  14.6,   3.6, 111.8, 59.03
 596,1.250e-05,9.976e-02,   6.2,   4.4,  93.1, 56.21,1.141e-02,  16.4,   7.1, 110.3, 59.58
 597,1.250e-05,1.004e-01,   6.1,   4.1,  93.6, 56.32,1.060e-02,  14.8,   3.9, 110.3, 59.31
 598,1.250e-05,9.919e-02,   5.8,   3.8,  93.0, 56.01,1.097e-02,  15.5,   4.8, 111.3, 58.56
 599,1.250e-05,9.974e-02,   5.9,   4.0,  93.6, 56.49,1.119e-02,  15.7,   5.6, 112.1, 59.74
 600,1.250e-05,1.108e-01,   6.4,   4.5,  98.2, 57.26,1.244e-02,  15.5,   5.5, 124.9, 67.80
 601,1.250e-05,1.084e-01,   6.7,   4.7,  96.6, 57.84,1.024e-02,  14.4,   3.4, 109.0, 58.12
 602,1.250e-05,9.905e-02,   5.6,   3.6,  93.2, 55.83,1.034e-02,  14.4,   4.4, 110.7, 59.62
 603,1.250e-05,1.041e-01,   5.8,   4.1,  95.0, 57.36,1.178e-02,  15.0,   4.1, 120.8, 65.75
 604,1.250e-05,1.012e-01,   6.0,   4.1,  93.7, 56.58,1.060e-02,  15.0,   4.2, 109.4, 58.83
 605,1.250e-05,9.928e-02,   5.8,   4.0,  93.5, 56.58,1.074e-02,  15.1,   3.9, 110.4, 57.88
 606,1.250e-05,9.791e-02,   6.4,   4.6,  92.4, 56.04,1.248e-02,  18.2,  10.7, 112.9, 62.21
 607,1.250e-05,1.010e-01,   5.9,   4.0,  94.0, 56.39,1.067e-02,  15.2,   4.7, 111.0, 59.36
 608,1.250e-05,1.031e-01,   6.1,   4.1,  94.8, 56.76,1.152e-02,  15.7,   3.6, 115.3, 61.06
 609,1.250e-05,1.038e-01,   6.2,   4.3,  95.1, 57.06,1.060e-02,  14.9,   3.6, 110.3, 58.14
 610,1.250e-05,1.011e-01,   6.8,   4.7,  93.1, 56.33,1.068e-02,  14.8,   4.4, 111.4, 58.38
 611,1.250e-05,9.838e-02,   5.7,   3.9,  92.2, 55.59,1.032e-02,  14.5,   4.2, 110.0, 57.96
 612,1.250e-05,1.026e-01,   6.1,   4.2,  94.2, 56.35,1.048e-02,  14.7,   4.2, 110.5, 59.77
 613,1.250e-05,1.057e-01,   6.1,   4.2,  96.2, 56.76,1.061e-02,  14.9,   3.4, 110.6, 57.72
 614,1.250e-05,1.019e-01,   5.6,   3.9,  94.6, 55.88,1.120e-02,  15.6,   5.1, 112.9, 59.79
 615,1.250e-05,1.045e-01,   5.8,   4.0,  95.9, 56.78,1.054e-02,  14.7,   4.0, 111.0, 58.68
 616,1.250e-05,1.017e-01,   5.8,   3.9,  94.8, 56.92,1.183e-02,  16.4,   7.8, 115.2, 61.12
 617,1.250e-05,1.019e-01,   6.5,   4.5,  94.2, 56.60,1.079e-02,  15.7,   8.2, 110.5, 58.97
 618,1.250e-05,1.154e-01,   6.6,   4.6,  99.5, 58.45,1.083e-02,  15.2,   4.4, 111.2, 58.21
 619,1.250e-05,1.052e-01,   6.1,   4.3,  95.9, 56.35,1.087e-02,  15.2,   6.2, 113.6, 58.43
 620,1.250e-05,1.008e-01,   6.4,   4.7,  93.5, 56.14,1.123e-02,  16.0,   9.2, 115.1, 59.17
 621,1.250e-05,9.711e-02,   5.9,   4.0,  92.7, 55.73,1.046e-02,  14.8,   3.6, 109.8, 57.21
 622,1.250e-05,9.781e-02,   6.4,   4.5,  91.7, 55.36,1.039e-02,  14.5,   3.6, 110.5, 57.78
 623,1.250e-05,1.003e-01,   6.3,   4.4,  93.0, 56.34,1.073e-02,  14.7,   3.5, 112.8, 59.21
 624,1.250e-05,9.761e-02,   6.0,   4.1,  92.3, 55.58,1.077e-02,  15.8,   8.4, 110.2, 57.87
 625,1.250e-05,1.002e-01,   6.2,   4.2,  92.5, 56.05,1.055e-02,  15.0,   4.4, 110.0, 57.19
 626,1.250e-05,1.061e-01,   6.5,   4.5,  96.0, 56.49,1.035e-02,  14.6,   4.3, 110.2, 57.70
 627,1.250e-05,9.912e-02,   5.7,   3.8,  93.4, 55.96,1.014e-02,  14.5,   5.6, 109.5, 58.00
 628,1.250e-05,9.894e-02,   6.3,   4.5,  92.3, 55.74,1.075e-02,  15.5,   6.4, 109.3, 58.24
 629,1.250e-05,9.544e-02,   5.8,   4.1,  91.1, 55.11,1.105e-02,  16.0,   6.6, 110.1, 58.52
 630,1.250e-05,9.711e-02,   5.9,   4.2,  91.6, 55.47,1.099e-02,  15.8,   6.3, 110.4, 58.64
 631,1.250e-05,9.484e-02,   5.6,   3.8,  91.6, 55.50,1.047e-02,  15.2,   6.9, 109.2, 57.63
 632,1.250e-05,9.939e-02,   5.8,   3.9,  93.2, 56.49,1.044e-02,  14.8,   4.4, 108.9, 57.66
 633,1.250e-05,1.002e-01,   7.1,   4.8,  91.5, 55.60,1.035e-02,  14.5,   3.3, 109.7, 57.73
 634,1.250e-05,9.267e-02,   5.3,   3.7,  90.8, 54.75,1.133e-02,  16.8,   8.8, 109.1, 58.41
 635,1.250e-05,9.770e-02,   6.3,   4.3,  91.8, 55.97,1.036e-02,  14.8,   5.2, 109.9, 57.04
 636,1.250e-05,9.654e-02,   6.1,   4.2,  91.5, 55.49,1.008e-02,  14.5,   5.9, 109.2, 56.89
 637,1.250e-05,9.619e-02,   6.1,   4.3,  91.1, 55.11,1.073e-02,  15.2,   3.6, 109.6, 56.74
 638,1.250e-05,1.077e-01,   7.0,   4.9,  96.1, 58.05,1.065e-02,  15.0,   3.4, 110.6, 57.95
 639,1.250e-05,9.580e-02,   5.8,   3.9,  91.7, 55.79,1.127e-02,  15.9,   6.0, 111.3, 59.39
 640,1.250e-05,9.642e-02,   5.9,   4.2,  91.0, 55.11,1.021e-02,  14.6,   5.0, 109.0, 58.43
 641,1.250e-05,9.816e-02,   6.4,   4.5,  92.0, 55.75,1.168e-02,  17.5,  11.8, 111.7, 60.29
 642,1.250e-05,9.823e-02,   6.1,   4.3,  92.2, 55.88,1.036e-02,  14.7,   4.2, 109.1, 58.23
 643,1.250e-05,9.413e-02,   5.7,   3.9,  90.8, 54.99,1.083e-02,  15.2,   4.8, 110.4, 58.71
 644,1.250e-05,1.005e-01,   5.9,   4.0,  93.3, 56.03,1.259e-02,  16.6,   7.2, 121.0, 65.78
 645,1.250e-05,1.038e-01,   6.2,   4.3,  95.4, 56.56,1.078e-02,  15.2,   6.3, 112.3, 58.80
 646,1.250e-05,1.010e-01,   5.9,   4.1,  93.8, 56.29,1.123e-02,  15.8,   6.1, 112.8, 59.07
 647,1.250e-05,9.905e-02,   6.1,   4.4,  91.8, 55.28,1.087e-02,  15.5,   5.6, 110.7, 57.97
 648,1.250e-05,9.475e-02,   6.0,   4.2,  90.6, 54.98,1.062e-02,  15.1,   3.4, 109.6, 57.21
 649,1.250e-05,9.815e-02,   6.7,   4.7,  91.4, 55.60,1.067e-02,  15.3,   4.7, 108.6, 59.45
 650,1.250e-05,1.010e-01,   6.7,   4.8,  92.6, 55.77,1.106e-02,  15.6,   5.2, 111.3, 59.58
 651,1.250e-05,1.017e-01,   6.0,   4.2,  94.0, 56.83,1.088e-02,  15.7,   4.5, 109.1, 58.30
 652,1.250e-05,9.483e-02,   5.9,   4.1,  91.4, 55.06,1.087e-02,  15.1,   6.4, 113.8, 59.49
 653,1.250e-05,9.531e-02,   5.9,   4.0,  91.0, 55.01,1.054e-02,  14.9,   3.6, 109.6, 58.19
 654,1.250e-05,9.578e-02,   5.9,   4.2,  90.7, 55.01,1.065e-02,  15.0,   5.0, 111.1, 58.01
 655,1.250e-05,9.549e-02,   5.6,   3.8,  91.1, 55.16,1.086e-02,  15.5,   5.5, 110.3, 58.63
 656,1.250e-05,9.792e-02,   6.1,   4.0,  92.3, 56.04,1.086e-02,  15.6,   6.8, 110.4, 57.42
 657,1.250e-05,9.771e-02,   6.4,   4.5,  92.0, 55.84,1.105e-02,  16.2,   7.2, 109.8, 58.27
 658,1.250e-05,9.461e-02,   5.8,   4.2,  90.4, 54.97,1.085e-02,  15.1,   5.7, 112.6, 59.74
 659,1.250e-05,9.656e-02,   6.3,   4.4,  90.6, 55.13,1.044e-02,  14.8,   3.2, 109.1, 56.87
 660,1.250e-05,9.850e-02,   6.8,   5.0,  91.4, 55.74,1.107e-02,  15.7,   5.2, 110.8, 58.37
 661,1.250e-05,9.475e-02,   6.0,   4.1,  91.0, 55.02,1.111e-02,  16.0,   6.4, 110.4, 58.31
 662,1.250e-05,1.014e-01,   5.6,   3.9,  94.4, 56.76,1.075e-02,  15.0,   3.7, 111.5, 58.46
 663,1.250e-05,9.314e-02,   5.7,   4.0,  90.1, 54.85,1.099e-02,  16.1,   7.8, 109.9, 58.37
 664,1.250e-05,1.037e-01,   6.3,   4.5,  94.7, 55.59,1.076e-02,  15.0,   4.7, 112.7, 58.64
 665,1.250e-05,1.001e-01,   5.8,   4.0,  93.8, 56.35,1.078e-02,  14.3,   4.9, 116.8, 62.10
 666,1.250e-05,9.406e-02,   5.3,   3.6,  91.0, 55.27,1.027e-02,  14.1,   3.9, 112.7, 58.34
 667,1.250e-05,9.461e-02,   6.1,   4.3,  90.8, 54.78,1.072e-02,  15.3,   3.9, 109.5, 56.93
 668,1.250e-05,9.745e-02,   6.6,   4.5,  91.1, 55.04,1.062e-02,  14.9,   3.5, 110.7, 57.37
 669,1.250e-05,9.832e-02,   7.2,   5.3,  90.4, 55.17,1.091e-02,  15.0,   3.8, 113.6, 59.13
 670,1.250e-05,9.493e-02,   5.4,   3.6,  91.0, 55.24,1.048e-02,  14.9,   3.3, 109.8, 57.11
 671,1.250e-05,9.475e-02,   5.7,   4.0,  91.0, 54.84,1.071e-02,  15.2,   3.9, 110.3, 57.69
 672,1.250e-05,9.539e-02,   5.8,   4.0,  91.3, 55.51,1.067e-02,  15.2,   6.6, 111.0, 59.14
 673,1.250e-05,9.600e-02,   6.0,   4.2,  90.8, 55.01,1.029e-02,  14.7,   4.6, 110.0, 57.00
 674,1.250e-05,9.909e-02,   5.7,   4.0,  93.3, 55.58,1.099e-02,  15.8,   4.6, 110.1, 57.43
 675,1.250e-05,9.404e-02,   5.9,   4.1,  90.0, 54.82,1.060e-02,  15.0,   5.0, 110.8, 58.66
 676,1.250e-05,9.687e-02,   6.3,   4.5,  90.8, 55.29,1.039e-02,  14.9,   3.5, 108.5, 56.78
 677,1.250e-05,9.400e-02,   6.2,   4.5,  89.9, 54.69,1.060e-02,  14.7,   3.6, 111.3, 59.34
 678,1.250e-05,9.371e-02,   5.4,   3.7,  90.2, 54.97,1.081e-02,  15.9,   7.6, 109.3, 57.81
 679,1.250e-05,9.237e-02,   5.5,   3.6,  89.6, 54.45,1.047e-02,  15.0,   3.3, 108.3, 56.64
 680,1.250e-05,9.314e-02,   5.7,   3.9,  89.5, 54.41,1.054e-02,  15.0,   3.3, 109.4, 57.54
 681,1.250e-05,9.756e-02,   5.8,   4.0,  92.4, 55.58,1.114e-02,  14.6,   3.7, 117.3, 63.24
 682,1.250e-05,9.724e-02,   6.2,   4.4,  91.3, 55.44,1.059e-02,  14.9,   3.3, 110.2, 57.12
 683,1.250e-05,9.115e-02,   5.2,   3.4,  89.3, 54.10,1.039e-02,  14.5,   3.5, 110.7, 59.02
 684,1.250e-05,9.498e-02,   6.1,   4.4,  91.3, 55.62,1.023e-02,  14.6,   3.5, 108.0, 58.22
 685,1.250e-05,9.703e-02,   6.0,   4.1,  91.6, 55.90,1.030e-02,  14.9,   4.0, 108.1, 56.78
 686,1.250e-05,9.290e-02,   6.0,   4.0,  89.9, 54.69,1.011e-02,  14.5,   3.8, 108.2, 55.97
 687,1.250e-05,9.022e-02,   5.8,   4.1,  88.2, 53.69,1.053e-02,  15.0,   3.4, 109.4, 56.81
 688,1.250e-05,9.223e-02,   6.2,   4.4,  89.3, 54.42,1.018e-02,  14.6,   4.0, 108.7, 56.81
 689,1.250e-05,9.251e-02,   5.6,   3.9,  89.9, 54.72,1.033e-02,  14.7,   3.4, 109.5, 57.79
 690,1.250e-05,9.389e-02,   6.4,   4.6,  89.5, 54.64,1.149e-02,  16.9,   7.9, 109.9, 57.33
 691,1.250e-05,9.186e-02,   5.8,   3.8,  89.4, 54.68,1.073e-02,  15.0,   3.8, 111.4, 58.77
 692,1.250e-05,9.395e-02,   6.2,   4.4,  89.6, 54.89,1.057e-02,  15.0,   4.0, 109.6, 57.79
 693,1.250e-05,9.238e-02,   6.1,   4.3,  89.5, 54.62,9.715e-03,  13.9,   4.0, 107.7, 57.42
 694,1.250e-05,9.413e-02,   6.1,   4.3,  89.6, 54.44,1.019e-02,  14.6,   5.2, 109.6, 56.81
 695,1.250e-05,9.674e-02,   6.3,   4.6,  91.6, 55.11,1.011e-02,  14.6,   3.2, 107.5, 55.94
 696,1.250e-05,9.447e-02,   6.5,   4.6,  89.9, 54.71,1.098e-02,  15.8,   7.0, 111.0, 57.89
 697,1.250e-05,1.005e-01,   6.0,   4.1,  93.6, 56.39,1.055e-02,  15.2,   4.5, 108.7, 56.40
 698,1.250e-05,9.114e-02,   5.2,   3.5,  89.9, 54.06,1.078e-02,  14.9,   3.9, 112.5, 59.93
 699,1.250e-05,9.614e-02,   6.0,   4.1,  91.2, 55.05,1.056e-02,  15.5,   4.3, 106.9, 57.04
 700,1.250e-05,9.263e-02,   5.4,   3.7,  89.7, 54.40,1.053e-02,  15.3,   5.2, 108.2, 57.34
 701,1.250e-05,9.453e-02,   5.8,   4.0,  90.5, 54.97,1.141e-02,  16.7,   5.6, 108.9, 57.69
 702,1.250e-05,9.164e-02,   5.9,   4.1,  89.1, 54.33,1.130e-02,  15.7,   3.9, 112.8, 59.74
 703,1.250e-05,9.475e-02,   6.6,   4.5,  89.7, 54.48,1.112e-02,  16.1,   6.5, 110.1, 57.36
 704,1.250e-05,9.365e-02,   7.0,   5.2,  88.7, 53.91,1.057e-02,  15.3,   5.2, 108.8, 57.36
 705,1.250e-05,9.055e-02,   5.9,   4.0,  88.6, 54.07,1.004e-02,  14.8,   5.0, 106.7, 55.89
 706,1.250e-05,8.908e-02,   5.2,   3.6,  88.2, 53.72,1.004e-02,  14.5,   3.9, 108.2, 56.64
 707,1.250e-05,8.902e-02,   5.7,   4.0,  87.9, 53.60,1.022e-02,  14.5,   4.1, 109.0, 57.65
 708,1.250e-05,8.857e-02,   5.3,   3.5,  88.4, 53.89,1.072e-02,  15.9,   9.0, 110.7, 58.28
 709,1.250e-05,9.253e-02,   6.1,   4.3,  89.0, 54.28,1.058e-02,  15.0,   3.6, 110.2, 57.59
 710,1.250e-05,9.295e-02,   5.9,   4.3,  89.7, 54.63,1.009e-02,  14.5,   3.2, 108.3, 56.08
 711,1.250e-05,1.112e-01,   7.5,   5.0,  96.7, 57.70,1.498e-02,  20.3,  15.6, 126.3, 72.37
 712,1.250e-05,1.021e-01,   6.1,   4.1,  94.2, 57.17,1.006e-02,  14.2,   3.8, 110.2, 57.19
 713,1.250e-05,9.118e-02,   5.8,   4.1,  89.1, 54.38,1.044e-02,  15.5,   7.2, 108.3, 56.09
 714,1.250e-05,9.327e-02,   5.7,   3.9,  90.8, 55.54,1.025e-02,  14.7,   3.4, 108.1, 56.90
 715,1.250e-05,8.723e-02,   5.4,   3.8,  87.5, 53.35,1.035e-02,  14.5,   3.4, 110.3, 58.16
 716,1.250e-05,8.835e-02,   6.0,   4.2,  87.6, 53.53,1.014e-02,  14.6,   4.3, 108.4, 56.96
 717,1.250e-05,9.302e-02,   5.7,   4.1,  89.5, 54.82,1.026e-02,  15.3,   5.7, 105.8, 56.05
 718,1.250e-05,9.105e-02,   5.5,   3.9,  89.1, 54.15,1.025e-02,  15.0,   4.8, 107.0, 55.92
 719,1.250e-05,9.167e-02,   6.3,   4.7,  88.7, 54.36,1.061e-02,  15.3,   5.5, 109.5, 57.59
 720,1.250e-05,8.987e-02,   5.4,   3.8,  87.9, 53.67,1.029e-02,  14.9,   3.3, 107.7, 55.68
 721,1.250e-05,9.562e-02,   6.8,   4.8,  89.6, 54.75,1.028e-02,  15.2,   5.2, 106.5, 55.57
 722,1.250e-05,8.729e-02,   5.5,   3.8,  87.4, 53.43,1.002e-02,  14.5,   3.5, 107.6, 56.15
 723,1.250e-05,9.652e-02,   6.2,   4.1,  91.6, 54.96,1.061e-02,  15.1,   5.4, 110.9, 58.31
 724,1.250e-05,8.933e-02,   5.5,   3.9,  88.2, 53.71,1.045e-02,  14.9,   6.4, 110.7, 58.41
 725,1.250e-05,9.203e-02,   5.8,   3.9,  89.1, 54.17,1.038e-02,  14.7,   3.8, 109.8, 58.73
 726,1.250e-05,9.105e-02,   5.8,   4.0,  89.0, 54.65,1.051e-02,  14.8,   3.3, 111.1, 57.72
 727,1.250e-05,8.740e-02,   5.5,   3.8,  87.5, 53.54,1.015e-02,  14.7,   4.4, 107.8, 57.53
 728,1.250e-05,9.242e-02,   6.0,   4.1,  89.1, 54.27,1.029e-02,  14.8,   3.8, 108.0, 56.85
 729,1.250e-05,8.966e-02,   5.8,   4.1,  88.0, 53.70,1.005e-02,  14.9,   4.3, 106.0, 55.35
 730,1.250e-05,9.362e-02,   6.3,   4.5,  90.1, 55.06,1.047e-02,  14.8,   3.7, 110.4, 57.38
 731,1.250e-05,9.134e-02,   6.0,   4.3,  88.6, 54.28,1.007e-02,  14.5,   4.7, 109.4, 57.57
 732,1.250e-05,9.342e-02,   6.6,   4.6,  89.0, 54.71,1.039e-02,  15.0,   3.9, 108.3, 57.39
 733,1.250e-05,9.153e-02,   5.6,   3.9,  89.1, 54.45,1.073e-02,  15.5,   4.7, 109.6, 57.68
 734,1.250e-05,8.829e-02,   6.0,   4.5,  87.2, 53.28,1.023e-02,  14.7,   4.7, 109.2, 57.06
 735,1.250e-05,8.954e-02,   5.4,   3.7,  88.3, 53.74,1.023e-02,  14.9,   3.9, 107.4, 56.56
 736,1.250e-05,9.249e-02,   6.0,   4.2,  89.0, 54.61,1.049e-02,  15.0,   4.8, 109.5, 57.50
 737,1.250e-05,9.330e-02,   6.2,   4.5,  89.5, 55.08,1.064e-02,  15.2,   3.5, 109.5, 57.40
 738,1.250e-05,8.985e-02,   5.8,   4.2,  88.3, 54.02,1.013e-02,  14.9,   4.8, 106.6, 56.15
 739,1.250e-05,8.599e-02,   5.2,   3.6,  86.8, 53.01,1.101e-02,  16.4,   7.6, 108.2, 56.56
 740,1.250e-05,8.740e-02,   5.6,   3.8,  87.5, 53.47,1.077e-02,  16.2,   7.6, 106.9, 55.91
 741,1.250e-05,8.775e-02,   5.9,   4.2,  87.2, 53.23,1.016e-02,  15.0,   5.1, 107.3, 55.63
 742,1.250e-05,9.101e-02,   6.4,   4.5,  88.0, 53.87,9.948e-03,  14.8,   4.8, 105.8, 55.17
 743,1.250e-05,8.742e-02,   5.5,   3.9,  87.0, 53.11,9.981e-03,  14.5,   4.0, 107.4, 56.04
 744,1.250e-05,1.058e-01,   6.3,   4.4,  96.4, 58.27,9.912e-03,  14.2,   3.1, 108.1, 56.08
 745,1.250e-05,8.561e-02,   5.4,   3.8,  86.9, 53.07,1.014e-02,  14.6,   3.6, 108.2, 56.13
 746,1.250e-05,8.695e-02,   5.1,   3.3,  87.4, 53.38,1.038e-02,  15.0,   3.5, 108.1, 56.70
 747,1.250e-05,8.923e-02,   6.0,   4.3,  87.4, 53.33,1.010e-02,  14.7,   3.3, 107.4, 56.06
 748,1.250e-05,8.862e-02,   5.6,   4.0,  87.9, 53.57,9.962e-03,  14.6,   4.2, 106.5, 56.02
 749,1.250e-05,9.050e-02,   6.0,   4.3,  88.1, 53.80,1.047e-02,  15.3,   4.9, 108.6, 56.02
 750,1.250e-05,8.683e-02,   5.6,   4.0,  86.7, 52.99,1.059e-02,  15.1,   3.5, 109.6, 57.68
 751,1.250e-05,9.459e-02,   6.4,   4.8,  89.9, 54.91,9.950e-03,  14.6,   3.2, 106.4, 55.26
 752,1.250e-05,8.804e-02,   5.7,   4.0,  87.6, 53.70,1.021e-02,  14.9,   3.7, 107.2, 56.57
 753,1.250e-05,9.084e-02,   5.4,   3.8,  89.5, 53.83,1.048e-02,  14.5,   4.1, 112.7, 58.54
 754,1.250e-05,9.297e-02,   5.6,   3.9,  91.0, 54.82,1.037e-02,  14.8,   3.9, 110.3, 56.18
 755,6.250e-06,8.172e-02,   4.3,   2.6,  85.6, 51.83,1.010e-02,  14.5,   3.1, 108.9, 54.95
 756,6.250e-06,8.086e-02,   4.5,   2.9,  85.1, 51.67,1.014e-02,  14.6,   3.6, 108.7, 55.34
 757,6.250e-06,8.126e-02,   4.4,   2.8,  85.5, 51.73,1.012e-02,  14.7,   3.0, 108.2, 55.14
 758,6.250e-06,8.116e-02,   4.8,   3.3,  85.1, 51.69,1.022e-02,  14.8,   4.0, 109.1, 55.49
 759,6.250e-06,8.250e-02,   4.8,   3.2,  85.3, 51.95,1.025e-02,  14.8,   4.6, 108.3, 56.66
 760,6.250e-06,8.189e-02,   4.6,   3.0,  85.0, 51.87,9.838e-03,  14.5,   3.0, 105.9, 54.61
 761,6.250e-06,8.133e-02,   4.5,   2.9,  84.9, 51.67,1.015e-02,  15.1,   4.7, 106.3, 55.02
 762,6.250e-06,8.200e-02,   4.7,   3.1,  85.1, 51.82,1.022e-02,  15.0,   3.4, 107.0, 55.15
 763,6.250e-06,8.132e-02,   4.8,   3.3,  84.7, 51.63,1.009e-02,  14.9,   4.1, 106.2, 55.17
 764,6.250e-06,8.092e-02,   4.8,   3.4,  84.8, 51.73,9.909e-03,  14.5,   3.6, 106.5, 55.00
 765,6.250e-06,8.111e-02,   4.7,   3.0,  85.1, 51.99,1.020e-02,  14.7,   3.2, 107.9, 57.25
 766,6.250e-06,8.054e-02,   4.6,   3.1,  84.5, 51.52,1.044e-02,  14.9,   4.7, 110.0, 57.58
 767,6.250e-06,8.158e-02,   5.0,   3.4,  84.5, 51.64,9.879e-03,  14.5,   3.1, 106.1, 54.94
 768,6.250e-06,8.152e-02,   4.6,   3.1,  84.7, 51.83,9.967e-03,  14.7,   3.6, 105.8, 54.85
 769,6.250e-06,8.002e-02,   4.8,   3.1,  84.8, 51.84,1.014e-02,  15.1,   4.8, 106.0, 54.77
 770,6.250e-06,7.997e-02,   4.6,   3.1,  84.4, 51.67,9.911e-03,  14.5,   3.4, 106.4, 55.12
 771,6.250e-06,8.169e-02,   4.8,   3.1,  85.2, 51.99,9.893e-03,  14.6,   3.8, 106.3, 55.16
 772,6.250e-06,8.043e-02,   4.6,   3.1,  84.4, 51.57,1.005e-02,  14.8,   3.6, 106.0, 55.29
 773,6.250e-06,7.989e-02,   4.8,   3.3,  84.5, 51.66,9.763e-03,  14.4,   3.9, 105.6, 54.98
 774,6.250e-06,8.215e-02,   4.8,   3.3,  85.0, 52.02,1.030e-02,  15.3,   5.0, 106.5, 55.19
 775,6.250e-06,8.126e-02,   5.0,   3.4,  84.6, 51.71,1.003e-02,  14.6,   3.8, 107.0, 56.96
 776,6.250e-06,8.077e-02,   4.5,   3.0,  84.9, 51.95,1.009e-02,  15.1,   4.8, 105.2, 54.57
 777,6.250e-06,7.997e-02,   4.6,   3.0,  84.3, 51.55,1.007e-02,  14.9,   3.4, 106.2, 55.17
 778,6.250e-06,7.948e-02,   4.8,   3.2,  84.3, 51.69,1.055e-02,  15.7,   5.4, 106.9, 55.32
 779,6.250e-06,8.197e-02,   5.1,   3.6,  84.6, 51.77,1.016e-02,  15.0,   3.4, 106.5, 55.07
 780,6.250e-06,8.011e-02,   4.5,   2.9,  84.4, 51.55,9.932e-03,  14.9,   5.8, 105.7, 54.80
 781,6.250e-06,7.988e-02,   4.5,   2.9,  84.3, 51.57,1.015e-02,  14.6,   3.9, 108.2, 56.98
 782,6.250e-06,7.941e-02,   4.7,   3.0,  84.1, 51.47,1.077e-02,  16.4,   8.1, 107.6, 56.24
 783,6.250e-06,8.160e-02,   5.4,   3.7,  84.3, 51.53,9.900e-03,  14.6,   3.5, 106.0, 54.64
 784,6.250e-06,8.043e-02,   4.8,   3.1,  84.2, 51.66,9.962e-03,  14.8,   3.9, 105.8, 54.51
 785,6.250e-06,7.996e-02,   5.1,   3.5,  84.2, 51.41,9.868e-03,  14.6,   3.1, 105.2, 54.96
 786,6.250e-06,7.984e-02,   4.6,   3.1,  83.9, 51.31,9.974e-03,  14.9,   3.8, 105.5, 54.47
 787,6.250e-06,7.874e-02,   4.7,   3.2,  83.8, 51.22,9.816e-03,  14.6,   3.1, 104.9, 54.87
 788,6.250e-06,8.015e-02,   4.9,   3.3,  83.8, 51.36,1.011e-02,  15.1,   4.3, 105.3, 54.91
 789,6.250e-06,7.973e-02,   4.7,   3.1,  83.9, 51.42,9.852e-03,  14.8,   4.3, 104.4, 54.43
 790,6.250e-06,7.927e-02,   4.5,   3.0,  84.1, 51.41,9.873e-03,  14.6,   3.1, 105.4, 54.73
 791,6.250e-06,7.924e-02,   4.5,   2.9,  83.9, 51.47,9.882e-03,  14.9,   5.8, 105.1, 54.90
 792,6.250e-06,8.005e-02,   5.2,   3.4,  84.2, 51.52,9.615e-03,  14.2,   3.3, 105.7, 54.76
 793,6.250e-06,8.035e-02,   5.0,   3.4,  84.0, 51.45,1.017e-02,  14.6,   3.8, 108.5, 57.38
 794,6.250e-06,8.201e-02,   5.0,   3.5,  84.6, 51.91,9.928e-03,  14.8,   3.8, 105.4, 54.39
 795,6.250e-06,7.925e-02,   5.1,   3.5,  83.7, 51.32,9.820e-03,  14.6,   3.7, 105.5, 54.55
 796,6.250e-06,7.981e-02,   4.8,   3.3,  83.9, 51.25,9.761e-03,  14.6,   3.1, 104.8, 54.32
 797,6.250e-06,8.012e-02,   4.5,   2.9,  84.4, 51.56,1.003e-02,  14.8,   3.2, 105.6, 55.13
 798,6.250e-06,8.006e-02,   4.6,   3.0,  84.0, 51.49,9.781e-03,  14.5,   3.4, 105.0, 54.85
 799,6.250e-06,7.825e-02,   4.7,   3.2,  83.7, 51.23,9.928e-03,  15.0,   6.5, 105.5, 54.91
 800,6.250e-06,7.883e-02,   4.4,   2.8,  83.8, 51.17,9.764e-03,  14.5,   3.3, 105.1, 54.71
 801,6.250e-06,7.962e-02,   4.4,   2.9,  84.1, 51.57,9.865e-03,  14.6,   3.3, 105.6, 55.63
 802,6.250e-06,7.918e-02,   4.9,   3.3,  84.0, 51.45,9.793e-03,  14.5,   4.8, 105.6, 55.24
 803,6.250e-06,8.194e-02,   5.2,   3.6,  84.6, 52.03,9.814e-03,  14.6,   3.2, 105.4, 54.32
 804,6.250e-06,7.809e-02,   4.6,   3.1,  83.7, 51.16,1.026e-02,  15.3,   5.5, 106.1, 55.61
 805,6.250e-06,8.093e-02,   4.9,   3.3,  84.2, 51.50,9.815e-03,  14.6,   3.5, 105.2, 54.70
 806,6.250e-06,7.958e-02,   4.7,   3.1,  83.8, 51.11,9.832e-03,  14.5,   3.0, 105.8, 55.07
 807,6.250e-06,7.817e-02,   4.7,   3.1,  83.5, 51.13,9.951e-03,  14.8,   3.8, 105.0, 54.53
 808,6.250e-06,7.712e-02,   4.5,   3.0,  83.3, 51.14,9.996e-03,  14.9,   4.9, 105.8, 54.25
 809,6.250e-06,8.028e-02,   5.0,   3.5,  83.6, 51.29,9.824e-03,  14.6,   3.4, 105.1, 54.66
 810,6.250e-06,7.864e-02,   4.6,   2.9,  83.8, 51.23,9.900e-03,  14.7,   3.0, 105.0, 54.52
 811,6.250e-06,7.904e-02,   4.5,   2.9,  83.3, 50.99,1.004e-02,  14.7,   3.1, 106.3, 55.33
 812,6.250e-06,7.947e-02,   4.9,   3.3,  83.5, 51.09,9.790e-03,  14.6,   3.1, 105.0, 54.00
 813,6.250e-06,7.940e-02,   4.7,   3.2,  83.9, 51.26,9.847e-03,  14.8,   5.1, 105.0, 54.76
 814,6.250e-06,7.762e-02,   4.8,   3.3,  83.2, 50.92,1.057e-02,  16.2,   7.2, 105.3, 54.28
 815,6.250e-06,8.019e-02,   5.2,   3.6,  83.5, 51.22,9.861e-03,  14.6,   3.5, 105.9, 55.13
 816,6.250e-06,7.790e-02,   4.6,   3.0,  83.1, 50.91,9.776e-03,  14.5,   3.1, 105.7, 55.00
 817,6.250e-06,7.897e-02,   4.7,   3.1,  83.6, 51.24,9.805e-03,  14.5,   3.1, 105.8, 55.96
 818,6.250e-06,7.857e-02,   4.5,   3.0,  83.3, 51.09,1.004e-02,  15.2,   6.4, 105.5, 54.95
 819,6.250e-06,7.893e-02,   5.0,   3.5,  83.5, 51.25,9.794e-03,  14.5,   3.2, 105.1, 54.27
 820,6.250e-06,7.938e-02,   4.7,   3.1,  83.6, 51.38,9.902e-03,  14.3,   3.6, 107.2, 56.03
 821,6.250e-06,7.780e-02,   4.5,   3.0,  83.1, 50.94,9.854e-03,  14.5,   3.2, 105.5, 54.92
 822,6.250e-06,7.880e-02,   5.1,   3.5,  83.2, 51.12,9.712e-03,  14.5,   3.1, 104.8, 54.38
 823,6.250e-06,7.807e-02,   4.6,   3.1,  83.1, 50.93,1.007e-02,  15.3,   4.8, 104.1, 54.01
 824,6.250e-06,7.936e-02,   5.1,   3.5,  83.5, 51.28,9.701e-03,  14.5,   3.0, 104.3, 54.20
 825,6.250e-06,7.924e-02,   4.8,   3.2,  83.9, 51.48,9.740e-03,  14.5,   3.7, 104.7, 54.13
 826,6.250e-06,7.780e-02,   4.7,   3.3,  83.1, 50.89,1.000e-02,  15.0,   3.4, 104.7, 54.15
 827,6.250e-06,7.697e-02,   4.5,   3.0,  83.2, 51.11,9.795e-03,  14.7,   3.5, 104.8, 54.02
 828,6.250e-06,7.731e-02,   4.6,   3.1,  83.2, 50.93,9.847e-03,  14.6,   3.6, 105.4, 54.64
 829,6.250e-06,7.699e-02,   4.5,   2.9,  83.2, 50.93,9.748e-03,  14.6,   3.8, 104.4, 54.30
 830,6.250e-06,8.038e-02,   4.8,   3.3,  83.7, 51.44,9.881e-03,  14.9,   4.3, 104.8, 54.20
 831,6.250e-06,7.846e-02,   5.2,   3.8,  82.8, 50.78,9.944e-03,  14.9,   3.4, 104.8, 54.46
 832,6.250e-06,7.737e-02,   4.5,   3.0,  82.7, 50.73,9.866e-03,  14.5,   3.0, 106.1, 55.05
 833,6.250e-06,7.831e-02,   4.4,   2.9,  83.4, 51.04,9.588e-03,  14.4,   3.4, 104.3, 53.67
 834,6.250e-06,7.850e-02,   4.8,   3.2,  83.1, 51.09,1.005e-02,  15.1,   3.5, 104.9, 54.61
 835,6.250e-06,7.847e-02,   4.9,   3.4,  82.8, 50.83,1.035e-02,  15.7,   5.2, 104.8, 54.43
 836,6.250e-06,7.757e-02,   4.5,   3.1,  82.8, 50.74,9.799e-03,  14.7,   3.2, 104.6, 54.19
 837,6.250e-06,7.847e-02,   4.6,   3.1,  83.4, 51.03,1.066e-02,  15.5,   5.8, 109.8, 58.09
 838,6.250e-06,7.972e-02,   5.1,   3.6,  83.7, 51.38,9.664e-03,  14.5,   3.5, 104.6, 54.18
 839,6.250e-06,7.920e-02,   5.1,   3.7,  83.4, 51.37,1.020e-02,  15.5,   5.3, 104.5, 53.99
 840,6.250e-06,7.744e-02,   4.7,   3.2,  82.7, 50.76,9.863e-03,  14.5,   3.6, 105.8, 54.91
 841,6.250e-06,7.873e-02,   4.9,   3.4,  83.0, 51.06,9.801e-03,  14.6,   3.4, 105.2, 54.87
 842,6.250e-06,7.725e-02,   4.5,   3.1,  82.6, 50.75,9.954e-03,  14.8,   3.1, 105.5, 54.34
 843,6.250e-06,7.958e-02,   4.5,   3.0,  83.9, 51.67,1.001e-02,  15.1,   4.2, 104.8, 53.58
 844,6.250e-06,7.793e-02,   4.6,   3.1,  83.0, 50.94,1.009e-02,  15.1,   4.0, 105.0, 54.44
 845,6.250e-06,7.688e-02,   4.9,   3.3,  82.5, 50.70,1.003e-02,  14.8,   3.6, 106.2, 54.93
 846,6.250e-06,8.005e-02,   4.5,   3.0,  84.2, 51.31,1.001e-02,  14.9,   3.6, 105.9, 54.31
 847,6.250e-06,7.703e-02,   4.6,   3.1,  82.9, 50.70,1.022e-02,  15.9,   8.0, 104.5, 54.12
 848,6.250e-06,7.680e-02,   4.4,   2.8,  82.8, 50.54,9.746e-03,  14.6,   3.0, 104.3, 54.11
 849,6.250e-06,7.788e-02,   4.7,   3.2,  82.6, 50.71,9.983e-03,  14.8,   3.7, 105.8, 54.84
 850,6.250e-06,7.767e-02,   4.9,   3.4,  82.8, 50.72,9.885e-03,  14.9,   3.7, 104.9, 53.94
 851,6.250e-06,7.720e-02,   4.6,   3.1,  82.4, 50.81,1.009e-02,  14.9,   3.5, 106.4, 54.67
 852,6.250e-06,7.684e-02,   4.6,   3.0,  82.1, 50.44,1.001e-02,  15.2,   4.0, 104.3, 53.56
 853,6.250e-06,7.699e-02,   4.7,   3.2,  82.3, 50.60,9.839e-03,  14.7,   3.0, 105.4, 54.00
 854,6.250e-06,7.621e-02,   4.3,   2.8,  82.6, 50.76,9.510e-03,  14.1,   3.3, 104.9, 54.32
 855,6.250e-06,7.746e-02,   4.7,   3.2,  82.6, 50.71,9.555e-03,  14.2,   3.4, 105.0, 54.60
 856,6.250e-06,7.631e-02,   4.4,   2.8,  82.4, 50.55,9.920e-03,  14.9,   3.5, 104.7, 53.97
 857,6.250e-06,7.765e-02,   4.7,   3.3,  83.4, 51.05,9.916e-03,  14.7,   4.3, 105.7, 55.42
 858,6.250e-06,7.949e-02,   4.5,   3.0,  83.7, 51.17,9.785e-03,  14.4,   3.3, 105.5, 55.24
 859,6.250e-06,7.818e-02,   4.6,   3.1,  82.8, 50.70,1.018e-02,  15.4,   5.0, 105.6, 53.89
 860,6.250e-06,8.007e-02,   5.3,   3.8,  82.9, 51.02,9.967e-03,  14.7,   3.4, 106.3, 54.37
 861,6.250e-06,7.626e-02,   4.6,   3.2,  82.3, 50.40,9.811e-03,  14.6,   4.9, 106.1, 54.25
 862,6.250e-06,7.848e-02,   4.7,   3.1,  82.9, 50.95,9.731e-03,  14.3,   3.4, 106.2, 55.15
 863,6.250e-06,7.705e-02,   4.3,   2.8,  82.8, 50.80,9.999e-03,  15.0,   3.7, 105.6, 54.27
 864,6.250e-06,7.726e-02,   4.9,   3.4,  82.5, 50.48,1.056e-02,  15.9,   6.5, 106.9, 54.75
 865,6.250e-06,7.749e-02,   4.8,   3.4,  82.5, 50.69,9.749e-03,  14.6,   3.9, 105.2, 53.87
 866,6.250e-06,7.567e-02,   4.5,   3.0,  81.9, 50.34,1.025e-02,  15.4,   3.9, 105.5, 54.69
 867,6.250e-06,7.739e-02,   4.5,   3.0,  83.2, 51.19,1.004e-02,  15.2,   5.0, 105.0, 53.57
 868,6.250e-06,7.924e-02,   4.9,   3.3,  83.3, 51.07,9.823e-03,  14.4,   3.2, 106.0, 55.25
 869,6.250e-06,7.687e-02,   4.5,   2.9,  82.8, 50.75,1.045e-02,  15.6,   5.0, 106.0, 54.30
 870,6.250e-06,7.717e-02,   4.4,   2.8,  83.6, 50.96,9.636e-03,  14.4,   4.0, 104.6, 54.13
 871,6.250e-06,7.753e-02,   4.8,   3.3,  82.6, 50.75,9.842e-03,  14.8,   4.3, 104.6, 53.86
 872,6.250e-06,7.705e-02,   4.4,   2.9,  82.7, 50.61,1.010e-02,  14.8,   4.0, 106.7, 56.43
 873,6.250e-06,7.663e-02,   4.4,   3.0,  82.3, 50.65,9.589e-03,  14.3,   3.1, 104.8, 54.15
 874,6.250e-06,7.632e-02,   4.6,   3.2,  82.3, 50.51,9.687e-03,  14.5,   3.2, 104.7, 53.86
 875,6.250e-06,7.717e-02,   4.6,   3.1,  82.2, 50.74,9.809e-03,  14.6,   3.5, 105.3, 54.58
 876,6.250e-06,7.815e-02,   4.7,   3.2,  83.2, 50.71,9.509e-03,  14.4,   3.1, 103.6, 53.47
 877,6.250e-06,7.800e-02,   4.6,   3.1,  83.2, 50.74,9.440e-03,  14.2,   3.7, 103.9, 54.28
 878,6.250e-06,7.608e-02,   4.7,   3.2,  82.0, 50.29,9.629e-03,  14.5,   3.2, 104.2, 53.92
 879,6.250e-06,7.758e-02,   4.4,   2.9,  83.1, 51.06,9.759e-03,  14.6,   3.8, 104.9, 54.24
 880,6.250e-06,7.705e-02,   4.7,   3.0,  82.1, 50.47,9.889e-03,  14.9,   3.3, 104.7, 53.80
 881,6.250e-06,7.646e-02,   4.5,   3.0,  82.6, 50.76,9.866e-03,  14.8,   3.9, 105.0, 54.44
 882,6.250e-06,7.727e-02,   4.7,   3.1,  82.7, 50.85,9.991e-03,  14.9,   3.8, 105.2, 55.92
 883,6.250e-06,7.735e-02,   5.1,   3.5,  82.0, 50.43,1.003e-02,  15.1,   3.7, 105.2, 54.41
 884,6.250e-06,7.509e-02,   4.4,   3.0,  82.1, 50.38,1.049e-02,  15.7,   5.5, 106.3, 55.20
 885,6.250e-06,7.834e-02,   4.9,   3.4,  82.8, 50.64,9.671e-03,  14.3,   3.1, 106.1, 53.93
 886,6.250e-06,7.594e-02,   4.4,   2.9,  82.2, 50.36,9.821e-03,  14.6,   3.2, 104.9, 55.18
 887,6.250e-06,7.643e-02,   4.4,   2.9,  82.1, 50.44,9.944e-03,  15.0,   4.0, 104.2, 54.51
 888,6.250e-06,7.528e-02,   4.6,   3.0,  81.9, 50.45,9.651e-03,  14.6,   3.8, 103.8, 53.64
 889,6.250e-06,7.502e-02,   4.4,   3.0,  81.3, 49.97,9.761e-03,  14.8,   4.7, 104.5, 53.69
 890,6.250e-06,7.458e-02,   4.3,   2.8,  81.9, 50.60,9.762e-03,  14.7,   3.7, 104.0, 54.11
 891,6.250e-06,7.587e-02,   4.6,   3.1,  81.9, 50.36,9.790e-03,  14.6,   3.2, 104.9, 53.97
 892,6.250e-06,7.501e-02,   4.3,   2.8,  81.6, 50.19,9.808e-03,  14.7,   3.8, 104.6, 53.57
 893,6.250e-06,7.569e-02,   4.4,   3.0,  82.3, 50.57,9.970e-03,  14.8,   3.8, 105.5, 54.45
 894,6.250e-06,7.881e-02,   5.3,   3.8,  82.5, 50.56,1.021e-02,  15.2,   4.2, 106.4, 54.07
 895,6.250e-06,7.456e-02,   4.6,   3.1,  81.9, 50.31,1.021e-02,  15.3,   6.0, 106.9, 54.67
 896,6.250e-06,7.468e-02,   4.4,   3.0,  81.7, 50.15,9.679e-03,  14.6,   4.7, 104.5, 53.96
 897,6.250e-06,7.694e-02,   4.6,   3.1,  82.6, 50.47,9.813e-03,  14.7,   3.3, 105.0, 53.43
 898,6.250e-06,7.604e-02,   4.5,   3.1,  81.8, 50.33,9.459e-03,  14.1,   3.3, 104.9, 53.53
 899,6.250e-06,7.546e-02,   4.7,   3.2,  81.8, 50.50,1.022e-02,  15.5,   5.8, 105.5, 53.65
 900,6.250e-06,7.564e-02,   4.5,   3.1,  81.8, 50.34,9.961e-03,  14.9,   3.7, 105.3, 54.37
 901,6.250e-06,7.471e-02,   4.4,   3.0,  81.8, 50.29,9.785e-03,  15.1,   7.2, 104.4, 53.79
 902,6.250e-06,7.489e-02,   4.9,   3.5,  81.3, 49.96,9.865e-03,  15.0,   5.4, 105.2, 53.92
 903,6.250e-06,7.466e-02,   4.4,   3.0,  81.8, 50.39,9.831e-03,  14.6,   3.0, 105.5, 53.96
 904,6.250e-06,7.609e-02,   4.8,   3.4,  81.7, 50.22,1.017e-02,  15.6,   7.5, 105.8, 54.43
 905,6.250e-06,7.581e-02,   5.1,   3.5,  81.7, 50.25,9.763e-03,  14.8,   4.2, 104.2, 53.52
 906,6.250e-06,7.575e-02,   4.5,   3.1,  81.6, 50.23,9.657e-03,  14.4,   3.1, 104.9, 53.55
 907,6.250e-06,7.691e-02,   4.6,   3.2,  82.7, 50.54,9.751e-03,  14.4,   3.1, 105.7, 55.08
 908,6.250e-06,7.542e-02,   5.0,   3.2,  81.7, 50.31,9.972e-03,  15.3,   5.6, 103.8, 54.32
 909,6.250e-06,7.697e-02,   5.1,   3.5,  81.7, 50.25,9.642e-03,  14.4,   3.3, 104.8, 53.77
 910,6.250e-06,7.890e-02,   4.4,   3.1,  83.5, 50.71,9.818e-03,  14.6,   3.8, 105.7, 54.52
 911,6.250e-06,7.367e-02,   4.5,   3.1,  81.4, 49.90,9.826e-03,  14.8,   5.4, 105.7, 53.66
 912,6.250e-06,7.605e-02,   4.6,   3.1,  81.7, 50.19,9.733e-03,  14.5,   3.5, 104.5, 54.27
 913,6.250e-06,7.469e-02,   4.4,   2.9,  81.6, 50.24,9.724e-03,  14.5,   3.2, 105.5, 54.12
 914,6.250e-06,7.621e-02,   4.5,   3.0,  82.3, 50.51,9.660e-03,  14.3,   3.5, 105.3, 54.15
 915,6.250e-06,7.602e-02,   4.2,   2.8,  82.4, 50.37,1.007e-02,  14.7,   3.5, 107.5, 56.20
 916,6.250e-06,7.920e-02,   4.9,   3.4,  83.3, 51.52,9.902e-03,  14.8,   3.5, 105.2, 54.58
 917,6.250e-06,7.352e-02,   4.4,   3.0,  80.9, 49.85,9.655e-03,  14.5,   3.3, 104.8, 53.41
 918,6.250e-06,7.346e-02,   4.3,   2.8,  81.1, 49.87,9.696e-03,  14.5,   3.5, 104.8, 53.92
 919,6.250e-06,7.278e-02,   4.2,   2.8,  81.0, 49.98,9.834e-03,  14.9,   5.0, 104.7, 54.23
 920,6.250e-06,7.385e-02,   4.4,   2.9,  81.1, 49.98,9.855e-03,  14.7,   3.1, 105.6, 54.68
 921,6.250e-06,7.408e-02,   4.5,   3.1,  81.1, 49.92,1.008e-02,  15.4,   5.6, 105.0, 53.70
 922,6.250e-06,7.515e-02,   4.7,   3.2,  81.2, 50.14,1.001e-02,  14.9,   3.1, 105.9, 54.27
 923,6.250e-06,7.539e-02,   5.0,   3.6,  81.4, 50.45,9.806e-03,  14.9,   4.3, 104.2, 53.29
 924,6.250e-06,7.430e-02,   4.7,   3.2,  81.2, 50.12,1.008e-02,  15.3,   5.1, 105.1, 53.99
 925,6.250e-06,7.451e-02,   4.8,   3.4,  81.2, 50.07,9.666e-03,  14.6,   4.1, 104.1, 53.14
 926,6.250e-06,7.498e-02,   4.8,   3.3,  81.2, 49.89,9.788e-03,  15.1,   6.0, 103.7, 53.20
 927,6.250e-06,7.509e-02,   4.4,   3.0,  82.0, 50.12,9.624e-03,  14.4,   3.5, 104.9, 54.29
 928,6.250e-06,7.476e-02,   4.4,   3.0,  81.6, 50.15,9.866e-03,  14.8,   3.1, 104.9, 53.54
 929,6.250e-06,7.519e-02,   4.5,   3.2,  81.5, 50.23,9.638e-03,  14.6,   5.1, 105.0, 54.05
 930,6.250e-06,7.391e-02,   4.5,   3.0,  81.0, 49.99,9.810e-03,  14.7,   4.4, 105.3, 54.31
 931,6.250e-06,7.355e-02,   4.2,   2.8,  81.1, 49.87,1.028e-02,  15.2,   3.8, 106.6, 55.26
 932,6.250e-06,7.465e-02,   4.5,   3.1,  81.1, 49.90,9.621e-03,  14.6,   4.1, 103.7, 53.11
 933,6.250e-06,7.439e-02,   4.3,   2.9,  81.2, 49.91,1.004e-02,  15.3,   4.6, 104.1, 53.28
 934,6.250e-06,7.423e-02,   4.5,   3.0,  81.0, 49.94,1.009e-02,  15.6,   5.7, 103.2, 53.35
 935,6.250e-06,7.467e-02,   4.9,   3.5,  80.8, 49.79,9.772e-03,  14.8,   4.2, 104.5, 53.76
 936,6.250e-06,7.436e-02,   4.5,   2.9,  81.3, 50.08,1.015e-02,  15.3,   3.5, 105.0, 54.00
 937,6.250e-06,7.427e-02,   4.4,   2.9,  81.5, 50.16,1.025e-02,  15.5,   4.8, 104.9, 54.07
 938,6.250e-06,7.288e-02,   4.5,   3.1,  80.7, 49.82,9.966e-03,  15.0,   5.1, 106.2, 53.93
 939,6.250e-06,7.474e-02,   4.9,   3.4,  81.1, 50.01,9.610e-03,  14.4,   3.1, 104.8, 53.53
 940,6.250e-06,7.473e-02,   4.6,   3.1,  81.4, 49.93,9.734e-03,  14.8,   3.0, 103.5, 53.16
 941,6.250e-06,7.375e-02,   4.4,   2.9,  81.1, 49.79,9.672e-03,  14.5,   3.3, 105.1, 53.95
 942,6.250e-06,7.433e-02,   4.4,   2.9,  81.5, 50.04,1.002e-02,  15.2,   3.9, 104.9, 53.40
 943,6.250e-06,7.316e-02,   4.6,   3.2,  80.8, 49.70,1.063e-02,  16.5,   7.6, 104.4, 53.54
 944,6.250e-06,7.599e-02,   4.9,   3.3,  81.3, 50.15,9.672e-03,  14.5,   4.4, 105.0, 53.59
 945,6.250e-06,7.446e-02,   4.7,   3.1,  81.5, 50.33,9.989e-03,  15.1,   5.1, 105.7, 55.33
 946,6.250e-06,7.445e-02,   4.5,   3.0,  81.6, 50.21,1.021e-02,  15.5,   5.2, 105.1, 54.53
 947,6.250e-06,7.298e-02,   4.5,   2.8,  80.7, 49.88,9.893e-03,  14.9,   4.4, 105.1, 54.10
 948,6.250e-06,7.347e-02,   4.6,   3.2,  80.2, 49.55,9.726e-03,  14.8,   5.1, 104.2, 53.97
 949,6.250e-06,7.701e-02,   4.4,   2.9,  82.9, 50.98,9.834e-03,  15.1,   4.0, 103.3, 52.96
 950,6.250e-06,7.285e-02,   4.4,   3.0,  80.7, 49.72,9.443e-03,  14.1,   3.3, 105.0, 54.33
 951,6.250e-06,7.590e-02,   4.4,   2.8,  81.7, 50.19,9.892e-03,  14.7,   4.4, 105.7, 55.02
 952,6.250e-06,7.377e-02,   4.5,   3.1,  81.2, 50.20,9.596e-03,  14.5,   5.2, 104.7, 54.06
 953,6.250e-06,7.455e-02,   4.6,   3.2,  81.2, 50.07,9.888e-03,  14.9,   4.2, 104.8, 54.15
 954,6.250e-06,7.361e-02,   4.4,   3.1,  81.1, 49.68,9.818e-03,  14.8,   3.3, 105.1, 53.29
 955,6.250e-06,7.616e-02,   4.5,   3.0,  82.3, 50.07,9.970e-03,  15.3,   5.4, 104.4, 53.27
 956,6.250e-06,7.319e-02,   4.6,   3.2,  80.8, 49.81,1.003e-02,  15.2,   3.7, 104.0, 53.87
 957,6.250e-06,7.398e-02,   4.4,   3.0,  81.0, 49.94,9.959e-03,  15.0,   3.4, 104.8, 53.68
 958,6.250e-06,7.358e-02,   4.4,   3.0,  80.6, 49.63,9.900e-03,  15.0,   3.6, 104.4, 53.29
 959,6.250e-06,7.425e-02,   5.0,   3.5,  80.9, 49.93,9.991e-03,  14.7,   3.9, 107.5, 54.78
 960,6.250e-06,7.280e-02,   4.4,   3.0,  80.4, 49.56,9.970e-03,  15.4,   6.8, 105.2, 53.54
 961,6.250e-06,7.599e-02,   4.7,   3.3,  81.6, 50.43,1.009e-02,  15.3,   5.3, 105.1, 53.44
 962,6.250e-06,7.277e-02,   4.5,   3.0,  80.1, 49.58,9.810e-03,  14.8,   3.5, 104.4, 53.42
 963,6.250e-06,7.258e-02,   4.4,   3.0,  80.6, 49.61,9.855e-03,  15.0,   3.6, 103.9, 53.74
 964,6.250e-06,7.335e-02,   4.5,   3.2,  80.8, 49.63,9.684e-03,  14.6,   3.4, 104.5, 53.14
 965,6.250e-06,7.302e-02,   4.2,   2.7,  80.7, 49.69,9.846e-03,  15.2,   5.3, 103.7, 53.11
 966,6.250e-06,7.288e-02,   4.4,   3.0,  80.4, 49.73,9.719e-03,  14.6,   3.0, 104.8, 53.32
 967,6.250e-06,7.304e-02,   4.5,   3.1,  80.6, 49.77,9.719e-03,  14.8,   3.2, 103.7, 52.62
 968,6.250e-06,7.241e-02,   4.5,   3.2,  79.9, 49.32,9.838e-03,  14.9,   4.0, 104.0, 53.35
 969,6.250e-06,8.078e-02,   4.6,   3.0,  84.3, 50.93,9.683e-03,  14.9,   5.1, 102.8, 53.34
 970,6.250e-06,7.514e-02,   4.1,   2.7,  82.0, 49.90,1.011e-02,  15.5,   5.6, 104.2, 53.77
 971,6.250e-06,7.408e-02,   4.2,   2.9,  81.1, 49.62,9.784e-03,  14.7,   4.1, 105.3, 53.26
 972,6.250e-06,7.310e-02,   4.6,   3.2,  80.4, 49.58,9.647e-03,  14.5,   3.0, 104.7, 53.38
 973,6.250e-06,7.381e-02,   4.5,   3.1,  80.8, 49.81,9.897e-03,  14.6,   3.5, 106.9, 54.21
 974,6.250e-06,7.535e-02,   4.7,   3.3,  81.2, 49.83,9.634e-03,  14.5,   3.8, 105.0, 53.30
 975,6.250e-06,7.927e-02,   4.7,   3.2,  83.2, 50.30,9.940e-03,  15.1,   3.2, 103.8, 53.42
 976,6.250e-06,7.162e-02,   4.2,   2.8,  80.0, 49.36,9.765e-03,  14.9,   3.3, 104.2, 52.91
 977,6.250e-06,7.434e-02,   5.1,   3.5,  80.4, 49.71,9.632e-03,  14.5,   3.4, 104.5, 53.49
 978,6.250e-06,7.307e-02,   4.5,   3.0,  80.4, 49.54,9.917e-03,  15.1,   6.1, 104.8, 54.36
 979,6.250e-06,7.348e-02,   4.6,   3.2,  81.1, 49.70,9.560e-03,  14.4,   3.2, 104.4, 53.29
 980,6.250e-06,7.407e-02,   4.8,   3.4,  80.6, 49.71,9.786e-03,  14.9,   5.2, 104.5, 53.79
 981,6.250e-06,7.135e-02,   4.2,   2.8,  79.9, 49.43,9.622e-03,  14.5,   3.5, 104.5, 53.09
 982,6.250e-06,7.232e-02,   4.3,   2.8,  80.2, 49.40,9.886e-03,  15.0,   4.3, 104.6, 53.15
 983,6.250e-06,7.324e-02,   4.4,   3.0,  80.5, 49.71,9.702e-03,  14.7,   3.1, 104.1, 53.02
 984,6.250e-06,7.216e-02,   4.4,   3.0,  80.4, 49.51,9.458e-03,  14.3,   4.1, 104.4, 53.64
 985,6.250e-06,7.296e-02,   4.6,   3.2,  80.4, 49.85,9.795e-03,  14.7,   4.0, 105.3, 54.39
 986,6.250e-06,7.206e-02,   4.3,   2.8,  79.9, 49.50,9.690e-03,  14.5,   3.7, 105.6, 53.70
 987,6.250e-06,7.357e-02,   4.7,   3.4,  80.4, 49.71,9.926e-03,  14.8,   4.2, 105.8, 54.54
 988,6.250e-06,7.193e-02,   4.5,   3.2,  79.8, 49.41,9.749e-03,  14.9,   4.2, 104.0, 52.96
 989,6.250e-06,7.452e-02,   4.5,   3.1,  81.2, 49.94,9.606e-03,  14.5,   4.1, 104.8, 53.72
 990,6.250e-06,7.189e-02,   4.3,   2.9,  80.2, 49.59,9.646e-03,  14.7,   3.4, 104.0, 52.92
 991,6.250e-06,7.252e-02,   4.4,   3.0,  80.2, 49.45,9.763e-03,  14.5,   3.2, 105.5, 54.42
 992,6.250e-06,7.385e-02,   4.5,   3.0,  81.1, 50.00,1.037e-02,  15.9,   6.1, 105.1, 53.31
 993,6.250e-06,7.405e-02,   4.6,   3.2,  80.6, 49.57,9.680e-03,  14.7,   3.9, 104.0, 52.89
 994,6.250e-06,7.285e-02,   4.3,   2.9,  80.4, 49.54,9.762e-03,  14.8,   5.4, 105.0, 53.32
 995,6.250e-06,7.321e-02,   4.4,   2.9,  80.7, 49.65,9.722e-03,  14.7,   4.2, 105.0, 53.07
 996,6.250e-06,7.407e-02,   4.6,   3.1,  81.3, 49.63,9.884e-03,  15.1,   5.2, 104.5, 53.55
 997,6.250e-06,7.236e-02,   4.5,   3.2,  80.1, 49.40,9.710e-03,  14.7,   4.5, 104.9, 53.56
 998,6.250e-06,7.375e-02,   4.9,   3.5,  80.1, 49.61,9.981e-03,  15.4,   5.6, 103.9, 52.96
 999,6.250e-06,7.181e-02,   4.6,   3.0,  79.8, 49.24,9.788e-03,  14.9,   3.2, 103.9, 52.91
1000,6.250e-06,7.223e-02,   4.2,   2.9,  80.4, 49.65,9.383e-03,  14.2,   3.3, 104.0, 53.37
1001,6.250e-06,7.583e-02,   4.2,   2.8,  82.7, 50.04,9.821e-03,  14.8,   3.8, 104.9, 53.90
1002,6.250e-06,7.304e-02,   4.5,   3.1,  80.4, 49.68,9.415e-03,  14.3,   4.2, 104.0, 53.86
1003,6.250e-06,7.277e-02,   4.5,   3.0,  80.7, 49.77,9.728e-03,  14.2,   3.4, 107.5, 55.54
1004,6.250e-06,7.153e-02,   4.1,   2.7,  80.0, 49.23,9.637e-03,  14.5,   3.8, 104.4, 53.72
1005,3.125e-06,6.993e-02,   3.9,   2.5,  79.6, 48.77,9.619e-03,  14.5,   3.5, 104.8, 52.71
1006,3.125e-06,6.858e-02,   3.9,   2.6,  78.8, 48.48,9.671e-03,  14.7,   3.2, 104.2, 52.67
1007,3.125e-06,6.856e-02,   3.9,   2.5,  78.6, 48.50,9.783e-03,  14.8,   3.0, 104.4, 52.65
1008,3.125e-06,6.900e-02,   3.7,   2.4,  78.6, 48.52,9.529e-03,  14.5,   3.5, 103.5, 52.31
1009,3.125e-06,6.863e-02,   3.9,   2.6,  78.6, 48.58,9.701e-03,  14.7,   3.0, 103.9, 52.44
1010,3.125e-06,6.891e-02,   3.7,   2.3,  78.9, 48.75,9.655e-03,  14.6,   3.1, 104.3, 52.84
1011,3.125e-06,6.841e-02,   4.0,   2.7,  78.7, 48.61,9.710e-03,  14.8,   3.5, 104.1, 52.42
1012,3.125e-06,6.816e-02,   3.9,   2.6,  78.4, 48.46,9.630e-03,  14.8,   5.6, 103.7, 52.58
1013,3.125e-06,7.037e-02,   4.0,   2.6,  78.7, 48.56,9.608e-03,  14.5,   3.0, 104.1, 52.63
1014,3.125e-06,6.868e-02,   4.0,   2.7,  78.5, 48.49,9.620e-03,  14.7,   4.2, 103.6, 52.64
1015,3.125e-06,6.842e-02,   3.9,   2.5,  78.5, 48.53,9.668e-03,  14.8,   3.6, 103.6, 52.67
1016,3.125e-06,6.795e-02,   3.9,   2.6,  78.4, 48.52,9.548e-03,  14.5,   2.9, 103.5, 52.67
1017,3.125e-06,6.947e-02,   4.2,   2.8,  78.5, 48.59,9.628e-03,  14.5,   3.3, 104.5, 52.74
1018,3.125e-06,6.890e-02,   3.8,   2.5,  78.3, 48.46,9.608e-03,  14.6,   2.9, 103.7, 52.58
1019,3.125e-06,6.943e-02,   4.0,   2.5,  78.7, 48.65,9.550e-03,  14.5,   2.8, 103.6, 52.28
1020,3.125e-06,6.865e-02,   3.8,   2.4,  78.5, 48.51,9.769e-03,  14.9,   3.8, 103.9, 52.66
1021,3.125e-06,6.842e-02,   4.0,   2.6,  78.4, 48.53,9.608e-03,  14.6,   3.7, 103.9, 52.66
1022,3.125e-06,6.920e-02,   4.0,   2.7,  78.8, 48.76,9.632e-03,  14.5,   2.9, 104.2, 53.38
1023,3.125e-06,6.912e-02,   4.0,   2.6,  78.3, 48.52,9.916e-03,  15.2,   3.7, 103.6, 52.44
1024,3.125e-06,6.772e-02,   3.9,   2.5,  78.3, 48.40,9.786e-03,  14.8,   3.4, 104.7, 53.46
1025,3.125e-06,6.920e-02,   3.8,   2.4,  78.7, 48.70,9.538e-03,  14.5,   3.2, 103.5, 52.37
1026,3.125e-06,6.847e-02,   3.8,   2.4,  78.4, 48.50,9.638e-03,  14.5,   3.0, 104.6, 53.43
1027,3.125e-06,6.841e-02,   3.8,   2.4,  78.4, 48.52,9.727e-03,  14.9,   4.5, 104.0, 53.06
1028,3.125e-06,6.825e-02,   3.8,   2.4,  78.3, 48.40,9.574e-03,  14.6,   2.9, 103.6, 52.51
1029,3.125e-06,6.884e-02,   3.8,   2.5,  78.3, 48.53,9.653e-03,  14.7,   3.0, 103.8, 52.76
1030,3.125e-06,6.877e-02,   3.8,   2.4,  78.5, 48.57,9.712e-03,  14.8,   3.3, 103.8, 53.05
1031,3.125e-06,6.797e-02,   4.1,   2.8,  78.5, 48.54,9.556e-03,  14.6,   3.1, 103.6, 52.47
1032,3.125e-06,6.845e-02,   3.8,   2.5,  78.4, 48.50,9.544e-03,  14.5,   3.0, 103.6, 52.47
1033,3.125e-06,6.831e-02,   3.9,   2.6,  78.5, 48.53,9.718e-03,  14.8,   3.1, 104.0, 52.55
1034,3.125e-06,6.797e-02,   3.7,   2.3,  78.1, 48.40,9.635e-03,  14.6,   2.9, 104.3, 52.49
1035,3.125e-06,6.946e-02,   4.1,   2.7,  78.6, 48.60,9.654e-03,  14.6,   2.9, 104.3, 52.79
1036,3.125e-06,6.804e-02,   3.8,   2.4,  78.2, 48.41,9.565e-03,  14.5,   3.0, 104.3, 52.56
1037,3.125e-06,6.813e-02,   3.9,   2.6,  78.1, 48.41,9.627e-03,  14.5,   3.1, 104.4, 52.93
1038,3.125e-06,6.873e-02,   4.1,   2.8,  78.3, 48.46,9.537e-03,  14.5,   3.2, 103.5, 52.36
1039,3.125e-06,6.808e-02,   3.9,   2.6,  78.5, 48.53,9.631e-03,  14.7,   3.0, 103.9, 52.22
1040,3.125e-06,6.793e-02,   3.9,   2.5,  78.4, 48.52,9.662e-03,  14.8,   3.2, 103.7, 52.32
1041,3.125e-06,6.746e-02,   3.8,   2.4,  78.2, 48.40,9.622e-03,  14.5,   2.9, 104.9, 52.76
1042,3.125e-06,6.905e-02,   3.9,   2.6,  78.3, 48.46,9.530e-03,  14.5,   4.0, 104.0, 52.56
1043,3.125e-06,6.985e-02,   3.9,   2.5,  78.7, 48.63,9.571e-03,  14.7,   3.2, 103.1, 52.57
1044,3.125e-06,6.851e-02,   4.0,   2.6,  78.4, 48.43,9.550e-03,  14.5,   2.9, 103.9, 52.67
1045,3.125e-06,6.801e-02,   3.8,   2.4,  78.2, 48.37,9.605e-03,  14.7,   2.8, 103.2, 52.40
1046,3.125e-06,6.850e-02,   4.0,   2.6,  77.9, 48.24,9.432e-03,  14.4,   3.0, 103.7, 52.38
1047,3.125e-06,6.792e-02,   4.1,   2.8,  78.1, 48.35,9.479e-03,  14.4,   3.4, 104.0, 53.02
1048,3.125e-06,6.879e-02,   3.9,   2.6,  78.2, 48.40,9.546e-03,  14.5,   2.9, 104.1, 52.88
1049,3.125e-06,6.931e-02,   3.8,   2.4,  78.8, 48.52,9.805e-03,  15.0,   4.6, 104.2, 52.69
1050,3.125e-06,6.958e-02,   4.0,   2.5,  78.6, 48.44,9.611e-03,  14.7,   2.9, 103.7, 52.51
1051,3.125e-06,6.811e-02,   3.7,   2.4,  78.6, 48.46,9.518e-03,  14.5,   3.1, 103.5, 52.54
1052,3.125e-06,6.781e-02,   3.7,   2.4,  78.3, 48.40,9.634e-03,  14.7,   3.8, 103.6, 52.63
1053,3.125e-06,6.900e-02,   4.0,   2.5,  78.2, 48.36,9.577e-03,  14.5,   2.9, 104.1, 52.61
1054,3.125e-06,6.716e-02,   3.9,   2.6,  77.9, 48.26,9.559e-03,  14.6,   2.9, 103.9, 52.22
1055,3.125e-06,6.921e-02,   3.8,   2.4,  78.7, 48.55,9.515e-03,  14.6,   3.3, 103.5, 52.31
1056,3.125e-06,6.959e-02,   3.8,   2.4,  78.7, 48.47,9.735e-03,  14.8,   2.9, 104.4, 52.87
1057,3.125e-06,6.825e-02,   3.7,   2.4,  78.6, 48.38,9.721e-03,  14.9,   4.0, 103.9, 52.37
1058,3.125e-06,6.820e-02,   3.7,   2.3,  78.2, 48.33,9.946e-03,  15.4,   5.2, 103.8, 52.19
1059,3.125e-06,6.761e-02,   3.7,   2.4,  78.0, 48.26,9.746e-03,  15.0,   5.6, 103.9, 52.75
1060,3.125e-06,6.760e-02,   3.8,   2.5,  78.1, 48.23,9.663e-03,  14.7,   2.8, 104.0, 52.54
1061,3.125e-06,6.758e-02,   3.8,   2.5,  78.3, 48.51,9.722e-03,  14.8,   3.3, 103.7, 52.71
1062,3.125e-06,6.924e-02,   3.8,   2.4,  78.3, 48.45,9.671e-03,  14.8,   3.2, 103.4, 52.17
1063,3.125e-06,6.774e-02,   3.9,   2.5,  77.9, 48.25,9.560e-03,  14.5,   3.3, 103.8, 52.74
1064,3.125e-06,6.756e-02,   3.8,   2.4,  78.0, 48.25,9.566e-03,  14.5,   3.1, 104.1, 52.73
1065,3.125e-06,6.730e-02,   3.9,   2.5,  77.9, 48.27,9.476e-03,  14.5,   2.9, 103.3, 52.01
1066,3.125e-06,6.754e-02,   3.7,   2.4,  78.3, 48.36,9.449e-03,  14.4,   2.9, 103.9, 52.32
1067,3.125e-06,6.809e-02,   3.9,   2.5,  78.1, 48.32,9.533e-03,  14.5,   3.6, 103.9, 52.35
1068,3.125e-06,6.790e-02,   4.1,   2.7,  78.0, 48.31,9.402e-03,  14.3,   3.6, 104.1, 52.49
1069,3.125e-06,6.847e-02,   4.0,   2.7,  78.0, 48.34,9.656e-03,  14.9,   5.0, 103.7, 52.33
1070,3.125e-06,6.717e-02,   3.9,   2.5,  77.8, 48.20,9.775e-03,  15.0,   4.2, 104.1, 52.36
1071,3.125e-06,6.802e-02,   3.9,   2.5,  78.0, 48.28,9.701e-03,  14.8,   3.4, 103.8, 52.15
1072,3.125e-06,6.713e-02,   3.8,   2.5,  77.8, 48.17,9.405e-03,  14.4,   3.0, 103.4, 52.06
1073,3.125e-06,6.693e-02,   3.9,   2.5,  77.8, 48.23,9.710e-03,  14.7,   3.0, 104.5, 53.04
1074,3.125e-06,6.776e-02,   4.0,   2.6,  78.2, 48.50,9.715e-03,  14.6,   3.0, 104.7, 53.08
1075,3.125e-06,6.794e-02,   4.1,   2.8,  77.9, 48.31,9.801e-03,  15.0,   3.8, 103.6, 52.93
1076,3.125e-06,6.755e-02,   3.8,   2.5,  77.9, 48.20,9.792e-03,  14.7,   3.3, 105.2, 53.31
1077,3.125e-06,6.780e-02,   4.0,   2.7,  78.0, 48.24,9.571e-03,  14.6,   3.1, 103.5, 52.38
1078,3.125e-06,6.699e-02,   3.8,   2.4,  77.7, 48.09,9.480e-03,  14.5,   3.2, 103.3, 52.15
1079,3.125e-06,6.759e-02,   3.7,   2.4,  77.9, 48.31,9.549e-03,  14.7,   3.2, 103.3, 51.99
1080,3.125e-06,6.729e-02,   3.9,   2.5,  77.8, 48.17,9.592e-03,  14.6,   3.5, 103.8, 52.38
1081,3.125e-06,6.663e-02,   3.6,   2.3,  77.6, 48.10,9.489e-03,  14.5,   3.1, 103.5, 52.06
1082,3.125e-06,6.736e-02,   3.7,   2.3,  77.7, 48.07,9.782e-03,  15.2,   4.7, 103.2, 52.07
1083,3.125e-06,6.758e-02,   4.2,   2.9,  77.6, 48.21,9.473e-03,  14.5,   3.0, 103.1, 52.15
1084,3.125e-06,6.775e-02,   4.0,   2.8,  77.6, 48.11,9.601e-03,  14.6,   3.9, 103.8, 52.74
1085,3.125e-06,6.724e-02,   3.8,   2.4,  77.8, 48.24,9.433e-03,  14.4,   3.6, 103.2, 52.62
1086,3.125e-06,6.667e-02,   3.8,   2.4,  77.7, 48.12,9.419e-03,  14.4,   3.1, 103.3, 52.30
1087,3.125e-06,6.669e-02,   3.8,   2.4,  77.9, 48.18,9.611e-03,  14.9,   4.9, 103.4, 52.27
1088,3.125e-06,6.735e-02,   4.0,   2.6,  77.7, 48.19,9.778e-03,  14.8,   3.2, 104.4, 52.85
1089,3.125e-06,6.769e-02,   4.2,   2.8,  77.6, 48.18,9.610e-03,  14.7,   3.1, 103.8, 52.25
1090,3.125e-06,6.660e-02,   3.8,   2.5,  77.6, 48.13,9.608e-03,  14.7,   3.6, 103.7, 52.25
1091,3.125e-06,6.704e-02,   3.7,   2.4,  77.7, 48.23,9.620e-03,  14.6,   3.0, 104.3, 52.45
1092,3.125e-06,6.641e-02,   3.7,   2.4,  77.5, 48.13,9.591e-03,  14.7,   3.2, 103.2, 52.18
1093,3.125e-06,6.771e-02,   4.0,   2.7,  77.6, 48.20,9.568e-03,  14.8,   4.4, 103.3, 52.02
1094,3.125e-06,6.753e-02,   4.1,   2.8,  77.4, 48.04,9.597e-03,  14.6,   2.9, 103.6, 52.26
1095,3.125e-06,6.704e-02,   3.8,   2.4,  77.5, 48.07,9.679e-03,  14.5,   3.0, 105.4, 54.03
1096,3.125e-06,6.726e-02,   3.9,   2.5,  77.8, 48.41,9.577e-03,  14.7,   3.4, 103.3, 52.11
1097,3.125e-06,6.747e-02,   3.9,   2.5,  77.7, 48.23,9.635e-03,  14.7,   3.1, 103.5, 52.55
1098,3.125e-06,6.696e-02,   3.8,   2.5,  77.6, 48.26,9.396e-03,  14.4,   3.1, 103.2, 52.14
1099,3.125e-06,6.662e-02,   3.8,   2.5,  77.5, 48.10,9.465e-03,  14.5,   3.3, 103.2, 52.31
1100,3.125e-06,6.748e-02,   4.1,   2.8,  77.5, 48.08,9.552e-03,  14.4,   3.1, 104.7, 52.97
1101,3.125e-06,6.704e-02,   3.9,   2.6,  77.6, 48.14,9.486e-03,  14.5,   3.2, 103.3, 52.42
1102,3.125e-06,6.766e-02,   3.8,   2.4,  77.5, 48.09,9.510e-03,  14.6,   4.1, 103.6, 52.59
1103,3.125e-06,6.706e-02,   3.8,   2.5,  77.5, 48.11,9.476e-03,  14.5,   2.9, 103.5, 52.07
1104,3.125e-06,6.689e-02,   3.8,   2.4,  77.3, 47.97,9.649e-03,  14.7,   3.0, 103.5, 52.27
1105,3.125e-06,6.764e-02,   4.0,   2.6,  77.6, 48.19,9.716e-03,  14.9,   4.0, 103.4, 52.59
1106,3.125e-06,6.759e-02,   3.7,   2.3,  77.5, 48.15,9.463e-03,  14.4,   2.8, 103.5, 52.35
1107,3.125e-06,6.602e-02,   4.0,   2.7,  77.3, 48.09,9.445e-03,  14.4,   3.3, 103.6, 52.24
1108,3.125e-06,6.723e-02,   3.8,   2.5,  77.5, 48.16,9.578e-03,  14.6,   3.5, 103.9, 52.52
1109,3.125e-06,6.673e-02,   3.8,   2.5,  77.5, 48.16,9.507e-03,  14.5,   3.6, 103.7, 52.30
1110,3.125e-06,6.645e-02,   3.7,   2.5,  77.4, 48.09,9.521e-03,  14.7,   4.3, 103.1, 52.71
1111,3.125e-06,6.804e-02,   4.1,   2.7,  77.5, 48.08,9.473e-03,  14.5,   3.4, 103.3, 52.11
1112,3.125e-06,6.708e-02,   4.0,   2.7,  77.4, 48.09,9.509e-03,  14.5,   2.8, 103.8, 52.08
1113,3.125e-06,6.608e-02,   3.6,   2.2,  77.1, 47.87,9.456e-03,  14.4,   3.5, 103.9, 52.72
1114,3.125e-06,6.678e-02,   3.8,   2.4,  77.3, 48.00,9.504e-03,  14.5,   3.9, 103.7, 52.34
1115,3.125e-06,6.681e-02,   3.8,   2.4,  77.4, 48.08,9.515e-03,  14.6,   3.2, 103.1, 52.17
1116,3.125e-06,6.606e-02,   3.7,   2.4,  77.3, 48.03,9.472e-03,  14.4,   2.9, 103.8, 52.16
1117,3.125e-06,6.844e-02,   3.9,   2.5,  77.8, 48.32,9.440e-03,  14.4,   3.3, 103.2, 52.50
1118,3.125e-06,6.665e-02,   3.9,   2.5,  77.5, 48.10,9.586e-03,  14.7,   2.9, 103.1, 52.36
1119,3.125e-06,6.766e-02,   3.7,   2.4,  77.9, 48.23,9.761e-03,  14.8,   3.9, 104.4, 52.91
1120,3.125e-06,6.681e-02,   3.9,   2.5,  77.3, 47.97,9.495e-03,  14.5,   3.0, 103.3, 52.53
1121,3.125e-06,6.776e-02,   3.9,   2.6,  77.4, 48.06,9.515e-03,  14.7,   3.1, 102.9, 51.94
1122,3.125e-06,6.613e-02,   3.8,   2.4,  77.5, 48.14,9.507e-03,  14.4,   3.2, 104.1, 52.71
1123,3.125e-06,6.607e-02,   3.8,   2.5,  77.2, 47.93,9.531e-03,  14.5,   3.1, 104.0, 52.64
1124,3.125e-06,6.575e-02,   3.7,   2.4,  77.2, 47.94,9.565e-03,  14.6,   3.1, 103.7, 52.39
1125,3.125e-06,6.612e-02,   4.0,   2.7,  77.1, 47.88,9.539e-03,  14.5,   3.6, 103.9, 52.70
1126,3.125e-06,6.644e-02,   3.8,   2.4,  77.6, 48.12,9.726e-03,  14.8,   3.1, 104.5, 52.58
1127,3.125e-06,6.560e-02,   3.7,   2.3,  77.0, 47.90,9.551e-03,  14.6,   3.1, 103.4, 52.20
1128,3.125e-06,6.756e-02,   3.8,   2.4,  77.7, 48.17,9.527e-03,  14.6,   3.4, 103.1, 52.19
1129,3.125e-06,6.749e-02,   4.0,   2.6,  77.7, 48.01,9.702e-03,  14.7,   3.3, 104.5, 52.81
1130,3.125e-06,6.769e-02,   3.8,   2.4,  77.4, 48.02,9.581e-03,  14.5,   3.1, 104.1, 53.20
1131,3.125e-06,6.639e-02,   3.8,   2.5,  77.5, 48.06,9.647e-03,  14.7,   2.9, 103.8, 52.56
1132,3.125e-06,6.707e-02,   3.9,   2.6,  77.7, 48.10,9.561e-03,  14.6,   2.9, 103.7, 52.00
1133,3.125e-06,6.604e-02,   3.7,   2.4,  77.1, 47.86,9.472e-03,  14.4,   3.2, 104.2, 52.28
1134,3.125e-06,6.609e-02,   3.6,   2.4,  77.1, 47.92,9.593e-03,  14.7,   3.1, 103.3, 51.94
1135,3.125e-06,6.669e-02,   3.8,   2.5,  77.4, 47.98,9.839e-03,  15.3,   5.2, 103.3, 52.47
1136,3.125e-06,6.800e-02,   4.0,   2.7,  78.1, 48.14,9.463e-03,  14.6,   3.3, 103.1, 52.01
1137,3.125e-06,6.604e-02,   3.8,   2.4,  77.3, 47.84,9.448e-03,  14.6,   3.1, 102.8, 51.83
1138,3.125e-06,6.664e-02,   3.9,   2.6,  77.2, 47.82,9.713e-03,  14.8,   3.5, 104.0, 52.39
1139,3.125e-06,6.591e-02,   3.7,   2.4,  77.0, 47.82,9.551e-03,  14.6,   3.7, 103.6, 52.06
1140,3.125e-06,6.564e-02,   3.8,   2.5,  77.1, 47.90,9.426e-03,  14.5,   3.0, 102.8, 51.79
1141,3.125e-06,6.667e-02,   3.9,   2.5,  77.3, 47.96,9.481e-03,  14.6,   3.2, 102.9, 51.83
1142,3.125e-06,6.678e-02,   3.8,   2.5,  77.3, 47.88,9.442e-03,  14.5,   3.5, 102.9, 51.95
1143,3.125e-06,6.637e-02,   3.8,   2.5,  77.0, 47.86,9.502e-03,  14.5,   3.4, 103.8, 52.27
1144,3.125e-06,6.629e-02,   3.7,   2.4,  77.1, 47.89,9.380e-03,  14.4,   3.1, 102.8, 52.02
1145,3.125e-06,6.632e-02,   4.0,   2.7,  77.2, 47.83,9.452e-03,  14.3,   3.1, 103.9, 52.55
1146,3.125e-06,6.693e-02,   4.0,   2.7,  77.2, 48.03,9.536e-03,  14.7,   3.5, 103.0, 51.99
1147,3.125e-06,6.578e-02,   3.7,   2.3,  77.3, 47.82,9.496e-03,  14.7,   4.5, 103.2, 51.75
1148,3.125e-06,6.748e-02,   3.8,   2.5,  77.6, 47.97,9.632e-03,  14.7,   3.3, 103.5, 52.65
1149,3.125e-06,6.585e-02,   3.6,   2.3,  77.4, 48.01,9.549e-03,  14.8,   3.9, 102.9, 51.88
1150,3.125e-06,6.697e-02,   4.0,   2.6,  77.2, 47.86,9.611e-03,  14.7,   3.0, 104.0, 51.94
1151,3.125e-06,6.623e-02,   3.7,   2.4,  77.3, 47.89,9.607e-03,  14.7,   2.9, 103.5, 52.14
1152,3.125e-06,6.630e-02,   4.0,   2.7,  77.0, 47.77,9.934e-03,  15.4,   4.7, 103.6, 51.88
1153,3.125e-06,6.574e-02,   3.7,   2.4,  76.9, 47.72,9.606e-03,  14.7,   3.7, 103.8, 52.41
1154,3.125e-06,6.642e-02,   3.8,   2.5,  77.1, 47.85,9.795e-03,  15.0,   4.1, 104.1, 52.43
1155,3.125e-06,6.591e-02,   3.9,   2.6,  77.4, 47.98,9.659e-03,  14.8,   4.9, 104.3, 52.53
1156,3.125e-06,6.617e-02,   3.7,   2.4,  76.8, 47.75,9.538e-03,  14.5,   3.3, 103.8, 52.54
1157,3.125e-06,6.576e-02,   3.8,   2.5,  76.9, 47.82,9.430e-03,  14.5,   3.3, 103.2, 52.03
1158,3.125e-06,6.516e-02,   3.6,   2.3,  77.0, 47.83,9.632e-03,  14.7,   2.9, 103.7, 52.13
1159,3.125e-06,6.546e-02,   3.8,   2.5,  76.8, 47.79,9.519e-03,  14.6,   3.2, 103.5, 52.37
1160,3.125e-06,6.610e-02,   3.9,   2.6,  77.0, 47.77,9.522e-03,  14.5,   3.4, 103.6, 52.72
1161,3.125e-06,6.778e-02,   3.9,   2.5,  77.7, 47.91,9.598e-03,  14.7,   3.2, 103.8, 52.19
1162,3.125e-06,6.540e-02,   3.7,   2.4,  76.7, 47.78,9.665e-03,  14.8,   3.0, 103.5, 51.95
1163,3.125e-06,6.594e-02,   4.1,   2.9,  76.8, 47.80,9.512e-03,  14.6,   3.9, 103.5, 52.19
1164,3.125e-06,6.531e-02,   3.7,   2.4,  76.9, 47.78,9.375e-03,  14.4,   3.0, 103.1, 51.84
1165,3.125e-06,6.608e-02,   4.0,   2.7,  77.1, 47.88,9.387e-03,  14.4,   4.0, 103.7, 52.24
1166,3.125e-06,6.532e-02,   3.9,   2.6,  76.7, 47.72,9.482e-03,  14.6,   4.1, 103.5, 51.86
1167,3.125e-06,6.630e-02,   3.9,   2.6,  77.0, 47.85,9.425e-03,  14.5,   3.0, 102.9, 51.97
1168,3.125e-06,6.528e-02,   3.7,   2.4,  76.8, 47.73,9.426e-03,  14.5,   3.0, 102.6, 51.82
1169,3.125e-06,6.617e-02,   3.9,   2.5,  76.9, 47.91,9.494e-03,  14.5,   3.6, 103.6, 52.14
1170,3.125e-06,6.667e-02,   3.9,   2.6,  77.1, 47.97,9.457e-03,  14.5,   3.1, 103.1, 52.22
1171,3.125e-06,6.564e-02,   3.9,   2.6,  76.9, 47.84,9.490e-03,  14.6,   3.1, 103.2, 51.87
1172,3.125e-06,6.528e-02,   3.9,   2.5,  76.7, 47.82,9.546e-03,  14.7,   4.9, 104.0, 52.06
1173,3.125e-06,6.521e-02,   4.0,   2.7,  76.7, 47.75,9.520e-03,  14.6,   3.6, 103.4, 52.00
1174,3.125e-06,6.561e-02,   3.8,   2.5,  76.6, 47.76,9.386e-03,  14.3,   2.9, 103.6, 51.86
1175,3.125e-06,6.542e-02,   3.8,   2.4,  76.7, 47.78,9.434e-03,  14.5,   3.2, 103.1, 51.83
1176,3.125e-06,6.624e-02,   3.7,   2.4,  76.9, 47.93,9.654e-03,  15.0,   5.3, 103.3, 51.89
1177,3.125e-06,6.469e-02,   3.8,   2.5,  76.5, 47.60,9.470e-03,  14.6,   5.3, 103.4, 52.26
1178,3.125e-06,6.562e-02,   3.7,   2.4,  76.9, 47.80,9.473e-03,  14.5,   3.4, 103.4, 52.08
1179,3.125e-06,6.549e-02,   3.7,   2.4,  76.7, 47.60,9.431e-03,  14.5,   3.0, 103.4, 51.85
1180,3.125e-06,6.596e-02,   4.0,   2.7,  76.5, 47.69,9.521e-03,  14.5,   3.5, 103.8, 52.46
1181,3.125e-06,6.592e-02,   3.9,   2.6,  76.8, 47.78,9.530e-03,  14.7,   4.5, 103.6, 51.97
1182,3.125e-06,6.566e-02,   3.8,   2.5,  77.0, 47.85,9.458e-03,  14.5,   3.8, 103.1, 52.12
1183,3.125e-06,6.575e-02,   3.8,   2.4,  77.0, 47.77,9.545e-03,  14.6,   3.0, 103.4, 51.81
1184,3.125e-06,6.624e-02,   4.0,   2.8,  77.1, 47.81,9.435e-03,  14.4,   3.0, 103.6, 51.87
1185,3.125e-06,6.455e-02,   3.8,   2.5,  76.6, 47.62,9.558e-03,  14.7,   3.7, 103.3, 51.98
1186,3.125e-06,6.717e-02,   3.8,   2.5,  77.6, 48.00,9.561e-03,  14.8,   4.0, 103.1, 51.79
1187,3.125e-06,6.530e-02,   3.7,   2.4,  76.6, 47.61,9.746e-03,  15.1,   4.3, 102.9, 52.06
1188,3.125e-06,6.812e-02,   3.8,   2.5,  77.7, 47.86,9.528e-03,  14.4,   3.5, 104.4, 52.42
1189,3.125e-06,6.451e-02,   3.6,   2.3,  76.6, 47.70,9.532e-03,  14.6,   2.9, 103.6, 51.88
1190,3.125e-06,6.518e-02,   3.7,   2.4,  76.5, 47.60,9.492e-03,  14.5,   3.0, 103.4, 51.90
1191,3.125e-06,6.561e-02,   3.6,   2.3,  76.8, 47.82,9.949e-03,  15.5,   5.9, 103.6, 52.16
1192,3.125e-06,6.592e-02,   4.1,   2.9,  76.9, 47.66,9.418e-03,  14.5,   2.9, 103.0, 51.84
1193,3.125e-06,6.523e-02,   3.7,   2.5,  76.4, 47.62,9.538e-03,  14.7,   4.2, 103.6, 52.11
1194,3.125e-06,6.554e-02,   4.1,   2.9,  76.6, 47.63,9.478e-03,  14.5,   3.5, 103.6, 51.92
1195,3.125e-06,6.512e-02,   3.7,   2.4,  76.6, 47.55,9.437e-03,  14.5,   3.0, 103.2, 51.94
1196,3.125e-06,6.513e-02,   3.8,   2.5,  76.5, 47.63,9.649e-03,  14.8,   3.5, 103.6, 52.29
1197,3.125e-06,6.534e-02,   3.9,   2.6,  76.4, 47.60,9.417e-03,  14.4,   2.9, 103.6, 52.25
1198,3.125e-06,6.526e-02,   3.8,   2.4,  76.3, 47.55,9.811e-03,  15.3,   5.1, 102.9, 52.11
1199,3.125e-06,6.600e-02,   3.8,   2.5,  76.7, 47.65,9.362e-03,  14.4,   3.1, 102.7, 51.72
1200,3.125e-06,6.518e-02,   3.8,   2.5,  76.4, 47.52,9.571e-03,  14.8,   3.7, 102.8, 51.78
1201,3.125e-06,6.573e-02,   4.0,   2.8,  76.7, 47.62,9.395e-03,  14.6,   4.4, 102.9, 51.83
1202,3.125e-06,6.600e-02,   3.7,   2.4,  76.9, 47.79,9.487e-03,  14.6,   2.9, 102.9, 51.80
1203,3.125e-06,6.657e-02,   3.7,   2.4,  77.0, 47.84,9.394e-03,  14.5,   2.9, 102.5, 51.84
1204,3.125e-06,6.607e-02,   3.9,   2.6,  77.1, 47.76,9.868e-03,  15.4,   5.2, 103.0, 51.85
1205,3.125e-06,6.555e-02,   4.1,   2.8,  76.3, 47.49,9.494e-03,  14.6,   2.9, 103.2, 51.85
1206,3.125e-06,6.752e-02,   3.8,   2.4,  77.9, 47.82,9.646e-03,  14.7,   3.2, 103.8, 52.99
1207,3.125e-06,6.675e-02,   3.9,   2.6,  77.3, 47.85,9.456e-03,  14.6,   3.7, 103.1, 51.77
1208,3.125e-06,6.464e-02,   3.7,   2.4,  76.3, 47.46,9.433e-03,  14.4,   3.0, 103.4, 51.85
1209,3.125e-06,6.435e-02,   3.6,   2.3,  76.1, 47.41,9.564e-03,  14.7,   3.7, 103.2, 51.68
1210,3.125e-06,6.437e-02,   3.9,   2.6,  76.4, 47.45,9.317e-03,  14.4,   3.8, 102.8, 52.21
1211,3.125e-06,6.481e-02,   3.7,   2.4,  76.4, 47.55,9.408e-03,  14.5,   3.0, 103.0, 51.76
1212,3.125e-06,6.515e-02,   3.6,   2.3,  76.5, 47.62,9.402e-03,  14.4,   3.0, 103.1, 51.97
1213,3.125e-06,6.511e-02,   3.7,   2.4,  76.6, 47.63,9.728e-03,  15.0,   4.5, 103.2, 52.86
1214,3.125e-06,6.484e-02,   3.9,   2.6,  76.3, 47.56,9.616e-03,  14.8,   3.3, 103.6, 52.03
1215,3.125e-06,6.538e-02,   3.8,   2.5,  76.6, 47.70,9.377e-03,  14.3,   2.9, 103.5, 52.17
1216,3.125e-06,6.593e-02,   3.8,   2.5,  76.4, 47.54,9.370e-03,  14.4,   2.9, 103.2, 51.80
1217,3.125e-06,6.504e-02,   3.7,   2.4,  76.4, 47.57,9.386e-03,  14.5,   4.3, 103.4, 51.81
1218,3.125e-06,6.405e-02,   3.7,   2.4,  76.3, 47.53,9.429e-03,  14.5,   4.3, 103.7, 51.97
1219,3.125e-06,6.496e-02,   3.7,   2.5,  76.6, 47.65,9.541e-03,  14.6,   3.1, 103.9, 52.22
1220,3.125e-06,6.614e-02,   3.9,   2.5,  76.7, 47.62,9.465e-03,  14.5,   2.8, 103.3, 51.98
1221,3.125e-06,6.498e-02,   3.9,   2.6,  76.3, 47.52,9.662e-03,  14.9,   3.9, 103.7, 52.07
1222,3.125e-06,6.502e-02,   3.8,   2.5,  76.4, 47.54,9.441e-03,  14.4,   2.8, 103.3, 52.14
1223,3.125e-06,6.453e-02,   3.8,   2.5,  76.1, 47.44,9.564e-03,  14.8,   3.9, 103.0, 51.76
1224,3.125e-06,6.547e-02,   3.7,   2.5,  76.4, 47.56,9.541e-03,  14.8,   4.4, 103.2, 51.96
1225,3.125e-06,6.561e-02,   4.0,   2.7,  76.5, 47.57,9.541e-03,  14.7,   3.2, 103.3, 51.92
1226,3.125e-06,6.454e-02,   3.8,   2.5,  76.2, 47.52,9.406e-03,  14.5,   4.9, 103.7, 51.91
1227,3.125e-06,6.447e-02,   3.7,   2.4,  76.6, 47.68,9.384e-03,  14.4,   2.9, 103.4, 51.94
1228,3.125e-06,6.436e-02,   3.8,   2.5,  76.4, 47.62,9.816e-03,  15.0,   4.1, 104.4, 53.44
1229,3.125e-06,6.400e-02,   3.6,   2.3,  76.2, 47.53,9.552e-03,  14.6,   3.1, 103.5, 51.77
1230,3.125e-06,6.465e-02,   4.1,   2.8,  75.9, 47.39,9.457e-03,  14.5,   3.0, 103.1, 52.08
1231,3.125e-06,6.406e-02,   3.7,   2.4,  76.0, 47.41,9.852e-03,  15.3,   4.5, 103.5, 51.96
1232,3.125e-06,6.434e-02,   3.9,   2.6,  76.0, 47.38,9.198e-03,  14.1,   3.1, 103.5, 51.82
1233,3.125e-06,6.520e-02,   3.8,   2.6,  76.3, 47.51,9.682e-03,  14.8,   3.2, 104.0, 52.18
1234,3.125e-06,6.427e-02,   3.7,   2.4,  76.3, 47.59,9.570e-03,  14.6,   3.2, 103.9, 52.28
1235,3.125e-06,6.451e-02,   3.6,   2.4,  76.2, 47.49,9.500e-03,  14.5,   2.9, 104.1, 52.12
1236,3.125e-06,6.466e-02,   3.7,   2.4,  76.2, 47.48,9.656e-03,  14.8,   3.3, 103.8, 51.81
1237,3.125e-06,6.405e-02,   3.8,   2.5,  76.2, 47.55,9.461e-03,  14.6,   4.6, 103.7, 51.86
1238,3.125e-06,6.385e-02,   3.7,   2.4,  76.0, 47.42,9.523e-03,  14.6,   2.8, 103.7, 51.84
1239,3.125e-06,6.485e-02,   3.7,   2.4,  76.1, 47.47,9.707e-03,  15.0,   4.1, 103.4, 51.93
1240,3.125e-06,6.499e-02,   3.9,   2.6,  76.2, 47.43,9.551e-03,  14.8,   4.2, 103.2, 52.00
1241,3.125e-06,6.563e-02,   3.8,   2.6,  76.5, 47.62,9.553e-03,  14.7,   2.9, 103.2, 52.15
1242,3.125e-06,6.441e-02,   3.7,   2.4,  76.4, 47.56,9.582e-03,  14.6,   3.0, 104.0, 52.95
1243,3.125e-06,6.425e-02,   3.7,   2.4,  76.2, 47.50,9.473e-03,  14.5,   2.9, 103.6, 51.81
1244,3.125e-06,6.494e-02,   4.0,   2.7,  76.1, 47.34,9.563e-03,  14.6,   2.9, 103.8, 52.37
1245,3.125e-06,6.523e-02,   3.9,   2.6,  76.8, 47.61,9.709e-03,  14.9,   3.7, 103.9, 51.89
1246,3.125e-06,6.482e-02,   3.8,   2.5,  76.2, 47.51,9.469e-03,  14.6,   3.1, 103.4, 51.75
1247,3.125e-06,6.515e-02,   3.7,   2.4,  77.0, 47.38,9.714e-03,  14.7,   3.0, 104.4, 52.88
1248,3.125e-06,6.485e-02,   3.6,   2.2,  77.2, 47.66,9.311e-03,  14.6,   5.6, 102.6, 52.30
1249,3.125e-06,6.522e-02,   3.8,   2.5,  76.7, 47.61,9.584e-03,  14.7,   2.9, 103.7, 51.96
1250,3.125e-06,6.505e-02,   3.8,   2.5,  76.5, 47.64,9.720e-03,  15.1,   5.3, 103.5, 51.78
1251,3.125e-06,6.407e-02,   3.7,   2.5,  76.1, 47.39,9.416e-03,  14.5,   3.0, 103.3, 51.77
1252,3.125e-06,6.427e-02,   3.9,   2.6,  75.9, 47.37,9.570e-03,  14.6,   3.1, 104.2, 51.83
1253,3.125e-06,6.331e-02,   3.5,   2.2,  75.9, 47.26,9.690e-03,  14.9,   3.9, 103.7, 51.69
1254,3.125e-06,6.414e-02,   3.7,   2.5,  76.1, 47.42,9.409e-03,  14.5,   3.0, 103.1, 51.60
1255,1.563e-06,6.312e-02,   3.4,   2.1,  75.5, 47.02,9.440e-03,  14.5,   3.1, 103.0, 51.49
1256,1.563e-06,6.293e-02,   3.4,   2.1,  75.4, 46.95,9.501e-03,  14.6,   2.8, 103.3, 51.48
1257,1.563e-06,6.360e-02,   3.4,   2.1,  75.5, 47.05,9.563e-03,  14.8,   3.6, 103.1, 51.49
1258,1.563e-06,6.266e-02,   3.5,   2.2,  75.3, 46.98,9.394e-03,  14.4,   3.0, 103.3, 51.74
1259,1.563e-06,6.289e-02,   3.7,   2.4,  75.4, 46.97,9.481e-03,  14.6,   2.8, 103.5, 51.56
1260,1.563e-06,6.277e-02,   3.4,   2.1,  75.4, 47.01,9.512e-03,  14.6,   3.2, 103.5, 51.51
1261,1.563e-06,6.225e-02,   3.5,   2.2,  75.4, 46.99,9.522e-03,  14.6,   2.9, 103.2, 51.53
1262,1.563e-06,6.257e-02,   3.5,   2.2,  75.3, 46.99,9.688e-03,  14.8,   3.5, 104.3, 52.44
1263,1.563e-06,6.376e-02,   3.6,   2.3,  75.4, 47.02,9.434e-03,  14.5,   3.5, 103.2, 51.76
1264,1.563e-06,6.293e-02,   3.6,   2.4,  75.4, 47.06,9.594e-03,  14.8,   3.9, 103.1, 51.54
1265,1.563e-06,6.246e-02,   3.5,   2.2,  75.4, 46.97,9.594e-03,  14.7,   3.3, 103.4, 51.87
1266,1.563e-06,6.317e-02,   3.4,   2.1,  75.3, 46.98,9.557e-03,  14.8,   3.2, 102.8, 51.39
1267,1.563e-06,6.362e-02,   3.5,   2.2,  75.4, 47.04,9.402e-03,  14.4,   3.4, 103.5, 51.65
1268,1.563e-06,6.232e-02,   3.5,   2.3,  75.3, 46.98,9.435e-03,  14.6,   3.6, 103.0, 51.48
1269,1.563e-06,6.203e-02,   3.5,   2.2,  75.4, 46.97,9.457e-03,  14.6,   3.0, 103.1, 51.56
1270,1.563e-06,6.266e-02,   3.4,   2.0,  75.2, 46.90,9.368e-03,  14.4,   3.6, 103.1, 51.43
1271,1.563e-06,6.309e-02,   3.5,   2.2,  75.3, 46.94,9.536e-03,  14.7,   3.0, 103.2, 51.53
1272,1.563e-06,6.261e-02,   3.5,   2.2,  75.2, 46.92,9.581e-03,  14.7,   3.3, 103.3, 51.67
1273,1.563e-06,6.285e-02,   3.6,   2.3,  75.3, 46.92,9.487e-03,  14.6,   2.9, 102.9, 51.52
1274,1.563e-06,6.253e-02,   3.4,   2.1,  75.2, 46.93,9.369e-03,  14.4,   2.9, 103.0, 51.63
1275,1.563e-06,6.248e-02,   3.5,   2.2,  75.2, 46.94,9.550e-03,  14.8,   3.7, 102.7, 51.45
1276,1.563e-06,6.324e-02,   3.4,   2.1,  75.3, 47.03,9.480e-03,  14.6,   3.3, 103.3, 51.47
1277,1.563e-06,6.286e-02,   3.6,   2.3,  75.3, 46.94,9.433e-03,  14.5,   3.2, 103.1, 51.51
1278,1.563e-06,6.340e-02,   3.4,   2.1,  75.3, 46.96,9.408e-03,  14.5,   3.7, 103.0, 51.44
1279,1.563e-06,6.270e-02,   3.5,   2.3,  75.4, 46.97,9.479e-03,  14.6,   3.3, 103.2, 51.37
1280,1.563e-06,6.213e-02,   3.5,   2.2,  75.2, 46.85,9.375e-03,  14.4,   3.4, 103.2, 51.49
1281,1.563e-06,6.256e-02,   3.5,   2.3,  75.1, 46.89,9.439e-03,  14.4,   3.1, 103.4, 52.06
1282,1.563e-06,6.264e-02,   3.6,   2.3,  75.2, 46.92,9.405e-03,  14.5,   3.2, 102.9, 51.40
1283,1.563e-06,6.221e-02,   3.4,   2.1,  75.3, 46.93,9.448e-03,  14.6,   2.9, 102.8, 51.45
1284,1.563e-06,6.217e-02,   3.4,   2.1,  75.2, 46.86,9.439e-03,  14.6,   2.8, 102.7, 51.61
1285,1.563e-06,6.213e-02,   3.5,   2.2,  75.3, 46.95,9.402e-03,  14.5,   3.0, 102.9, 51.39
1286,1.563e-06,6.238e-02,   3.5,   2.2,  75.1, 46.91,9.599e-03,  15.0,   4.2, 102.6, 51.33
1287,1.563e-06,6.268e-02,   3.4,   2.1,  75.1, 46.90,9.450e-03,  14.6,   3.3, 103.1, 51.49
1288,1.563e-06,6.242e-02,   3.4,   2.1,  75.2, 46.90,9.438e-03,  14.6,   3.3, 103.0, 51.41
1289,1.563e-06,6.235e-02,   3.5,   2.1,  75.2, 46.93,9.429e-03,  14.5,   2.8, 103.1, 51.54
1290,1.563e-06,6.282e-02,   3.3,   2.0,  75.2, 46.88,9.432e-03,  14.6,   2.9, 102.8, 51.42
1291,1.563e-06,6.251e-02,   3.5,   2.3,  75.2, 46.87,9.378e-03,  14.5,   3.1, 102.4, 51.30
1292,1.563e-06,6.325e-02,   3.5,   2.2,  75.3, 46.92,9.327e-03,  14.4,   2.9, 102.9, 51.32
1293,1.563e-06,6.229e-02,   3.6,   2.3,  75.1, 46.87,9.426e-03,  14.5,   2.8, 103.1, 51.72
1294,1.563e-06,6.178e-02,   3.5,   2.2,  75.0, 46.84,9.345e-03,  14.4,   2.7, 102.7, 51.36
1295,1.563e-06,6.256e-02,   3.4,   2.1,  75.2, 46.94,9.360e-03,  14.5,   2.8, 102.8, 51.18
1296,1.563e-06,6.208e-02,   3.5,   2.2,  75.2, 46.95,9.534e-03,  14.6,   4.4, 104.2, 52.11
1297,1.563e-06,6.198e-02,   3.4,   2.1,  75.1, 46.89,9.298e-03,  14.4,   3.6, 102.9, 51.39
1298,1.563e-06,6.258e-02,   3.4,   2.1,  75.2, 46.92,9.342e-03,  14.4,   3.2, 103.0, 51.69
1299,1.563e-06,6.252e-02,   3.5,   2.3,  75.2, 46.92,9.454e-03,  14.6,   3.1, 103.1, 51.47
1300,1.563e-06,6.251e-02,   3.6,   2.3,  75.2, 46.91,9.406e-03,  14.4,   3.0, 103.5, 51.70
1301,1.563e-06,6.212e-02,   3.4,   2.1,  75.1, 46.86,9.401e-03,  14.5,   2.8, 102.9, 51.41
1302,1.563e-06,6.263e-02,   3.4,   2.1,  75.2, 46.89,9.353e-03,  14.4,   3.2, 102.8, 51.27
1303,1.563e-06,6.256e-02,   3.6,   2.3,  75.0, 46.88,9.452e-03,  14.6,   2.8, 102.8, 51.27
1304,1.563e-06,6.250e-02,   3.5,   2.2,  75.1, 46.86,9.504e-03,  14.6,   2.9, 103.2, 51.51
1305,1.563e-06,6.199e-02,   3.4,   2.2,  75.0, 46.80,9.338e-03,  14.4,   2.9, 102.8, 51.34
1306,1.563e-06,6.280e-02,   3.4,   2.1,  75.2, 46.92,9.490e-03,  14.7,   3.2, 102.8, 51.40
1307,1.563e-06,6.280e-02,   3.5,   2.2,  75.1, 46.90,9.412e-03,  14.5,   2.9, 102.8, 51.36
1308,1.563e-06,6.239e-02,   3.6,   2.4,  75.0, 46.88,9.377e-03,  14.4,   2.9, 103.0, 51.46
1309,1.563e-06,6.223e-02,   3.5,   2.3,  75.1, 46.87,9.432e-03,  14.5,   2.9, 103.1, 51.42
1310,1.563e-06,6.254e-02,   3.3,   2.1,  75.0, 46.84,9.553e-03,  14.7,   2.9, 103.4, 51.59
1311,1.563e-06,6.281e-02,   3.5,   2.2,  75.0, 46.83,9.346e-03,  14.4,   2.9, 102.5, 51.29
1312,1.563e-06,6.235e-02,   3.4,   2.1,  75.0, 46.83,9.465e-03,  14.6,   3.4, 102.9, 51.59
1313,1.563e-06,6.261e-02,   3.6,   2.3,  75.1, 46.87,9.462e-03,  14.6,   3.6, 103.0, 51.70
1314,1.563e-06,6.240e-02,   3.4,   2.2,  75.1, 46.91,9.587e-03,  14.8,   3.4, 103.0, 51.45
1315,1.563e-06,6.176e-02,   3.5,   2.2,  74.9, 46.85,9.566e-03,  14.8,   3.6, 103.0, 51.41
1316,1.563e-06,6.167e-02,   3.4,   2.1,  75.0, 46.85,9.488e-03,  14.6,   2.8, 103.4, 51.53
1317,1.563e-06,6.265e-02,   3.6,   2.3,  75.0, 46.89,9.466e-03,  14.6,   3.0, 103.2, 51.26
1318,1.563e-06,6.211e-02,   3.5,   2.3,  74.9, 46.79,9.524e-03,  14.6,   3.2, 103.3, 51.63
1319,1.563e-06,6.220e-02,   3.5,   2.2,  75.0, 46.87,9.563e-03,  14.8,   3.1, 102.9, 51.36
1320,1.563e-06,6.215e-02,   3.4,   2.1,  74.9, 46.74,9.376e-03,  14.4,   3.1, 103.1, 51.47
1321,1.563e-06,6.242e-02,   3.4,   2.1,  74.9, 46.78,9.527e-03,  14.6,   3.1, 103.3, 51.54
1322,1.563e-06,6.293e-02,   3.4,   2.1,  75.2, 46.89,9.323e-03,  14.4,   2.8, 102.9, 51.31
1323,1.563e-06,6.163e-02,   3.5,   2.2,  75.0, 46.82,9.463e-03,  14.5,   3.0, 103.2, 51.94
1324,1.563e-06,6.192e-02,   3.4,   2.2,  74.9, 46.83,9.423e-03,  14.5,   4.2, 103.5, 51.90
1325,1.563e-06,6.214e-02,   3.5,   2.3,  75.0, 46.83,9.443e-03,  14.5,   2.9, 103.2, 51.34
1326,1.563e-06,6.230e-02,   3.4,   2.1,  74.9, 46.81,9.296e-03,  14.3,   3.0, 103.1, 51.45
1327,1.563e-06,6.167e-02,   3.5,   2.2,  74.9, 46.85,9.341e-03,  14.4,   2.9, 102.9, 51.47
1328,1.563e-06,6.221e-02,   3.6,   2.4,  74.8, 46.75,9.432e-03,  14.5,   2.8, 103.1, 51.44
1329,1.563e-06,6.224e-02,   3.4,   2.0,  74.9, 46.81,9.433e-03,  14.6,   2.9, 103.0, 51.52
1330,1.563e-06,6.246e-02,   3.7,   2.5,  74.8, 46.80,9.365e-03,  14.4,   2.8, 103.3, 51.44
1331,1.563e-06,6.196e-02,   3.3,   2.0,  74.9, 46.78,9.359e-03,  14.5,   2.8, 102.6, 51.26
1332,1.563e-06,6.231e-02,   3.6,   2.3,  74.9, 46.88,9.590e-03,  14.8,   3.5, 103.3, 51.67
1333,1.563e-06,6.256e-02,   3.4,   2.1,  75.1, 46.91,9.345e-03,  14.4,   2.8, 102.7, 51.41
1334,1.563e-06,6.200e-02,   3.6,   2.3,  74.9, 46.80,9.369e-03,  14.5,   3.8, 102.8, 51.45
1335,1.563e-06,6.297e-02,   3.4,   2.1,  74.9, 46.79,9.465e-03,  14.6,   2.8, 103.2, 51.36
1336,1.563e-06,6.229e-02,   3.4,   2.1,  75.1, 46.86,9.363e-03,  14.4,   2.9, 103.1, 51.69
1337,1.563e-06,6.185e-02,   3.5,   2.3,  74.8, 46.74,9.454e-03,  14.6,   2.9, 103.0, 51.45
1338,1.563e-06,6.165e-02,   3.4,   2.1,  74.9, 46.71,9.416e-03,  14.5,   2.8, 103.0, 51.42
1339,1.563e-06,6.188e-02,   3.4,   2.1,  74.9, 46.79,9.443e-03,  14.6,   2.8, 103.1, 51.36
1340,1.563e-06,6.225e-02,   3.3,   2.1,  75.0, 46.75,9.405e-03,  14.5,   2.8, 103.2, 51.36
1341,1.563e-06,6.178e-02,   3.4,   2.1,  75.0, 46.82,9.526e-03,  14.6,   3.4, 103.8, 52.03
1342,1.563e-06,6.219e-02,   3.5,   2.2,  74.9, 46.86,9.446e-03,  14.6,   3.9, 103.0, 51.41
1343,1.563e-06,6.194e-02,   3.5,   2.2,  74.9, 46.84,9.441e-03,  14.5,   2.9, 103.2, 51.42
1344,1.563e-06,6.225e-02,   3.5,   2.2,  74.8, 46.78,9.483e-03,  14.6,   4.1, 103.7, 51.87
1345,1.563e-06,6.183e-02,   3.5,   2.2,  74.7, 46.74,9.510e-03,  14.6,   2.8, 103.4, 51.46
1346,1.563e-06,6.227e-02,   3.5,   2.1,  74.9, 46.80,9.613e-03,  14.7,   3.0, 103.5, 52.20
1347,1.563e-06,6.179e-02,   3.5,   2.2,  74.9, 46.74,9.390e-03,  14.5,   3.1, 103.0, 51.28
1348,1.563e-06,6.137e-02,   3.3,   2.1,  74.8, 46.77,9.457e-03,  14.5,   3.0, 103.3, 51.60
1349,1.563e-06,6.168e-02,   3.4,   2.1,  74.8, 46.72,9.412e-03,  14.5,   2.9, 103.2, 51.42
1350,1.563e-06,6.206e-02,   3.4,   2.1,  74.9, 46.76,9.440e-03,  14.5,   3.2, 103.3, 51.57
1351,1.563e-06,6.145e-02,   3.4,   2.1,  74.8, 46.77,9.513e-03,  14.6,   3.6, 104.0, 52.05
1352,1.563e-06,6.186e-02,   3.4,   2.1,  74.9, 46.72,9.488e-03,  14.7,   3.0, 102.9, 51.31
1353,1.563e-06,6.182e-02,   3.4,   2.2,  74.9, 46.76,9.531e-03,  14.6,   2.9, 103.5, 51.31
1354,1.563e-06,6.213e-02,   3.5,   2.2,  74.9, 46.80,9.412e-03,  14.5,   3.7, 103.1, 51.60
1355,1.563e-06,6.215e-02,   3.3,   2.1,  74.7, 46.69,9.428e-03,  14.5,   2.9, 103.1, 51.30
1356,1.563e-06,6.159e-02,   3.4,   2.2,  74.6, 46.67,9.431e-03,  14.6,   4.6, 103.4, 51.37
1357,1.563e-06,6.111e-02,   3.4,   2.1,  74.8, 46.72,9.388e-03,  14.4,   2.8, 103.4, 51.53
1358,1.563e-06,6.188e-02,   3.4,   2.1,  75.0, 46.89,9.389e-03,  14.5,   2.8, 103.0, 51.31
1359,1.563e-06,6.194e-02,   3.4,   2.2,  74.8, 46.77,9.448e-03,  14.6,   3.0, 102.8, 51.38
1360,1.563e-06,6.226e-02,   3.4,   2.1,  74.8, 46.78,9.524e-03,  14.7,   3.3, 103.0, 51.26
1361,1.563e-06,6.228e-02,   3.5,   2.3,  74.7, 46.67,9.462e-03,  14.5,   3.3, 103.6, 51.51
1362,1.563e-06,6.204e-02,   3.5,   2.2,  74.8, 46.81,9.381e-03,  14.5,   2.9, 103.2, 51.39
1363,1.563e-06,6.141e-02,   3.5,   2.3,  74.8, 46.67,9.582e-03,  14.9,   4.0, 103.1, 51.40
1364,1.563e-06,6.172e-02,   3.5,   2.2,  74.7, 46.71,9.487e-03,  14.6,   3.3, 103.2, 51.18
1365,1.563e-06,6.253e-02,   3.5,   2.2,  74.7, 46.68,9.398e-03,  14.4,   3.1, 103.1, 51.63
1366,1.563e-06,6.161e-02,   3.4,   2.1,  74.8, 46.73,9.367e-03,  14.5,   3.4, 102.9, 51.23
1367,1.563e-06,6.219e-02,   3.5,   2.2,  74.7, 46.62,9.379e-03,  14.5,   3.0, 102.9, 51.38
1368,1.563e-06,6.214e-02,   3.3,   2.0,  74.7, 46.78,9.404e-03,  14.5,   2.8, 103.2, 51.69
1369,1.563e-06,6.227e-02,   3.6,   2.3,  74.8, 46.78,9.377e-03,  14.6,   4.0, 102.7, 51.32
1370,1.563e-06,6.124e-02,   3.5,   2.2,  74.7, 46.69,9.465e-03,  14.6,   2.9, 103.1, 51.36
1371,1.563e-06,6.213e-02,   3.5,   2.3,  74.7, 46.76,9.320e-03,  14.4,   3.1, 102.8, 51.33
1372,1.563e-06,6.176e-02,   3.4,   2.1,  74.8, 46.71,9.460e-03,  14.6,   3.6, 103.3, 51.54
1373,1.563e-06,6.156e-02,   3.4,   2.1,  74.6, 46.62,9.417e-03,  14.5,   3.5, 102.9, 51.41
1374,1.563e-06,6.122e-02,   3.5,   2.3,  74.7, 46.74,9.425e-03,  14.6,   3.1, 102.9, 51.19
1375,1.563e-06,6.160e-02,   3.3,   2.0,  74.6, 46.68,9.357e-03,  14.4,   3.0, 103.3, 51.55
1376,1.563e-06,6.181e-02,   3.5,   2.2,  74.7, 46.75,9.392e-03,  14.5,   3.0, 103.0, 51.23
1377,1.563e-06,6.143e-02,   3.3,   2.1,  74.6, 46.62,9.407e-03,  14.5,   2.8, 103.2, 51.29
1378,1.563e-06,6.152e-02,   3.4,   2.1,  74.6, 46.62,9.474e-03,  14.7,   3.1, 103.0, 51.37
1379,1.563e-06,6.192e-02,   3.4,   2.2,  74.6, 46.63,9.425e-03,  14.6,   3.5, 102.9, 51.21
1380,1.563e-06,6.076e-02,   3.4,   2.1,  74.6, 46.65,9.358e-03,  14.5,   2.8, 102.6, 51.14
1381,1.563e-06,6.140e-02,   3.3,   2.0,  74.6, 46.72,9.261e-03,  14.4,   4.8, 102.9, 51.44
1382,1.563e-06,6.282e-02,   3.7,   2.5,  74.6, 46.67,9.404e-03,  14.5,   2.9, 102.9, 51.73
1383,1.563e-06,6.160e-02,   3.4,   2.1,  74.6, 46.71,9.358e-03,  14.5,   3.5, 102.7, 51.44
1384,1.563e-06,6.138e-02,   3.4,   2.0,  74.7, 46.73,9.367e-03,  14.5,   3.6, 103.0, 51.11
1385,1.563e-06,6.112e-02,   3.4,   2.1,  74.5, 46.59,9.423e-03,  14.5,   3.1, 103.3, 51.43
1386,1.563e-06,6.147e-02,   3.3,   2.1,  74.6, 46.66,9.391e-03,  14.5,   3.9, 103.0, 51.31
1387,1.563e-06,6.160e-02,   3.5,   2.3,  74.7, 46.64,9.363e-03,  14.4,   2.8, 103.1, 51.31
1388,1.563e-06,6.199e-02,   3.5,   2.2,  74.6, 46.69,9.506e-03,  14.6,   3.2, 103.2, 51.35
1389,1.563e-06,6.182e-02,   3.4,   2.2,  74.6, 46.67,9.239e-03,  14.3,   3.2, 102.7, 51.17
1390,1.563e-06,6.112e-02,   3.4,   2.1,  74.6, 46.62,9.368e-03,  14.5,   3.2, 102.7, 51.15
1391,1.563e-06,6.156e-02,   3.6,   2.3,  74.6, 46.65,9.486e-03,  14.7,   3.0, 103.0, 51.14
1392,1.563e-06,6.140e-02,   3.3,   2.1,  74.6, 46.66,9.505e-03,  14.7,   3.8, 103.2, 51.36
1393,1.563e-06,6.216e-02,   3.4,   2.1,  74.5, 46.65,9.514e-03,  14.7,   2.9, 103.1, 51.15
1394,1.563e-06,6.181e-02,   3.4,   2.2,  74.7, 46.63,9.358e-03,  14.5,   2.9, 102.6, 51.33
1395,1.563e-06,6.119e-02,   3.4,   2.2,  74.6, 46.68,9.385e-03,  14.5,   3.4, 102.8, 51.32
1396,1.563e-06,6.126e-02,   3.4,   2.2,  74.6, 46.63,9.318e-03,  14.4,   2.9, 102.7, 51.16
1397,1.563e-06,6.119e-02,   3.4,   2.1,  74.5, 46.64,9.399e-03,  14.6,   2.8, 102.7, 51.11
1398,1.563e-06,6.116e-02,   3.4,   2.2,  74.6, 46.64,9.405e-03,  14.5,   3.0, 103.0, 51.36
1399,1.563e-06,6.085e-02,   3.3,   2.1,  74.4, 46.53,9.472e-03,  14.6,   3.3, 103.1, 51.83
1400,1.563e-06,6.133e-02,   3.4,   2.1,  74.6, 46.66,9.382e-03,  14.5,   2.9, 102.7, 51.36
1401,1.563e-06,6.145e-02,   3.4,   2.1,  74.6, 46.64,9.394e-03,  14.5,   3.7, 103.1, 51.40
1402,1.563e-06,6.164e-02,   3.4,   2.1,  74.5, 46.60,9.421e-03,  14.5,   2.8, 103.0, 51.34
1403,1.563e-06,6.125e-02,   3.4,   2.2,  74.5, 46.58,9.444e-03,  14.6,   3.0, 102.9, 51.18
1404,1.563e-06,6.090e-02,   3.3,   2.1,  74.4, 46.60,9.399e-03,  14.5,   3.0, 103.2, 51.54
1405,1.563e-06,6.078e-02,   3.3,   2.1,  74.5, 46.67,9.429e-03,  14.5,   2.8, 103.2, 51.52
1406,1.563e-06,6.183e-02,   3.5,   2.3,  74.6, 46.62,9.385e-03,  14.6,   4.9, 102.8, 51.25
1407,1.563e-06,6.141e-02,   3.5,   2.3,  74.7, 46.63,9.405e-03,  14.5,   2.8, 103.2, 51.21
1408,1.563e-06,6.198e-02,   3.5,   2.2,  74.6, 46.57,9.396e-03,  14.5,   3.4, 103.0, 51.45
1409,1.563e-06,6.116e-02,   3.4,   2.2,  74.3, 46.57,9.425e-03,  14.6,   3.2, 102.7, 51.08
1410,1.563e-06,6.102e-02,   3.4,   2.1,  74.4, 46.54,9.399e-03,  14.6,   3.0, 102.7, 51.06
1411,1.563e-06,6.145e-02,   3.4,   2.1,  74.4, 46.54,9.337e-03,  14.4,   3.0, 102.8, 51.13
1412,1.563e-06,6.169e-02,   3.4,   2.2,  74.5, 46.61,9.389e-03,  14.6,   3.7, 102.6, 51.13
1413,1.563e-06,6.117e-02,   3.6,   2.4,  74.5, 46.58,9.399e-03,  14.6,   2.9, 102.7, 51.05
1414,1.563e-06,6.132e-02,   3.4,   2.1,  74.4, 46.50,9.339e-03,  14.5,   4.1, 102.8, 51.17
1415,1.563e-06,6.092e-02,   3.3,   2.1,  74.4, 46.56,9.392e-03,  14.5,   3.6, 103.1, 51.90
1416,1.563e-06,6.168e-02,   3.5,   2.3,  74.6, 46.65,9.378e-03,  14.6,   4.0, 102.5, 51.14
1417,1.563e-06,6.185e-02,   3.4,   2.1,  74.4, 46.59,9.421e-03,  14.6,   3.0, 102.5, 51.22
1418,1.563e-06,6.171e-02,   3.4,   2.2,  74.5, 46.59,9.359e-03,  14.5,   3.1, 102.7, 51.46
1419,1.563e-06,6.110e-02,   3.4,   2.1,  74.6, 46.59,9.380e-03,  14.5,   3.4, 103.0, 51.44
1420,1.563e-06,6.093e-02,   3.3,   2.1,  74.3, 46.55,9.411e-03,  14.5,   2.8, 103.1, 51.27
1421,1.563e-06,6.148e-02,   3.3,   2.1,  74.4, 46.62,9.636e-03,  14.9,   3.4, 103.2, 51.25
1422,1.563e-06,6.135e-02,   3.4,   2.1,  74.4, 46.59,9.371e-03,  14.4,   3.2, 103.3, 51.35
1423,1.563e-06,6.051e-02,   3.4,   2.1,  74.4, 46.49,9.458e-03,  14.7,   3.5, 103.0, 51.30
1424,1.563e-06,6.146e-02,   3.4,   2.2,  74.6, 46.63,9.410e-03,  14.5,   2.8, 102.7, 51.31
1425,1.563e-06,6.058e-02,   3.5,   2.3,  74.3, 46.53,9.347e-03,  14.5,   2.8, 102.8, 51.02
1426,1.563e-06,6.066e-02,   3.4,   2.1,  74.3, 46.50,9.374e-03,  14.5,   3.2, 103.0, 51.29
1427,1.563e-06,6.137e-02,   3.5,   2.2,  74.4, 46.62,9.389e-03,  14.5,   3.0, 102.8, 51.02
1428,1.563e-06,6.090e-02,   3.5,   2.3,  74.3, 46.52,9.338e-03,  14.5,   2.9, 102.7, 51.12
1429,1.563e-06,6.104e-02,   3.4,   2.1,  74.4, 46.50,9.339e-03,  14.4,   2.8, 102.7, 51.20
1430,1.563e-06,6.142e-02,   3.5,   2.3,  74.4, 46.61,9.359e-03,  14.4,   2.9, 103.2, 51.42
1431,1.563e-06,6.063e-02,   3.4,   2.1,  74.3, 46.50,9.372e-03,  14.6,   3.6, 102.7, 51.26
1432,1.563e-06,6.116e-02,   3.4,   2.2,  74.4, 46.60,9.348e-03,  14.5,   3.5, 102.8, 51.13
1433,1.563e-06,6.100e-02,   3.4,   2.2,  74.3, 46.54,9.350e-03,  14.5,   3.1, 102.8, 51.10
1434,1.563e-06,6.117e-02,   3.4,   2.1,  74.4, 46.57,9.321e-03,  14.4,   3.1, 102.8, 51.14
1435,1.563e-06,6.171e-02,   3.4,   2.2,  74.4, 46.62,9.397e-03,  14.6,   3.3, 103.0, 51.10
1436,1.563e-06,6.111e-02,   3.4,   2.2,  74.4, 46.57,9.368e-03,  14.5,   2.8, 102.9, 51.17
1437,1.563e-06,6.111e-02,   3.4,   2.2,  74.3, 46.48,9.373e-03,  14.5,   2.8, 102.6, 51.08
1438,1.563e-06,6.067e-02,   3.3,   2.1,  74.2, 46.41,9.396e-03,  14.6,   2.9, 102.7, 51.10
1439,1.563e-06,6.014e-02,   3.4,   2.1,  74.3, 46.50,9.379e-03,  14.5,   2.7, 102.7, 51.08
1440,1.563e-06,6.147e-02,   3.5,   2.2,  74.4, 46.54,9.429e-03,  14.5,   2.9, 103.1, 51.40
1441,1.563e-06,6.110e-02,   3.3,   2.0,  74.2, 46.45,9.432e-03,  14.6,   4.1, 103.0, 51.26
1442,1.563e-06,6.157e-02,   3.5,   2.2,  74.2, 46.49,9.528e-03,  14.7,   3.2, 103.0, 51.25
1443,1.563e-06,6.171e-02,   3.6,   2.4,  74.3, 46.51,9.326e-03,  14.4,   2.7, 102.9, 51.20
1444,1.563e-06,6.066e-02,   3.5,   2.2,  74.1, 46.43,9.275e-03,  14.3,   3.4, 103.0, 51.08
1445,1.563e-06,6.092e-02,   3.3,   2.0,  74.2, 46.48,9.407e-03,  14.6,   2.8, 102.8, 51.11
1446,1.563e-06,6.129e-02,   3.4,   2.2,  74.3, 46.53,9.349e-03,  14.5,   2.8, 102.7, 51.19
1447,1.563e-06,6.038e-02,   3.4,   2.1,  74.1, 46.46,9.473e-03,  14.7,   2.9, 102.9, 51.05
1448,1.563e-06,6.146e-02,   3.4,   2.2,  74.3, 46.53,9.575e-03,  14.9,   4.0, 103.0, 51.25
1449,1.563e-06,6.125e-02,   3.4,   2.1,  74.1, 46.43,9.437e-03,  14.6,   3.2, 102.6, 51.16
1450,1.563e-06,6.142e-02,   3.3,   2.1,  74.2, 46.44,9.692e-03,  15.1,   4.4, 102.9, 51.04
1451,1.563e-06,6.126e-02,   3.3,   2.1,  74.3, 46.47,9.436e-03,  14.6,   2.8, 103.1, 50.93
1452,1.563e-06,6.220e-02,   3.7,   2.5,  74.3, 46.51,9.457e-03,  14.8,   4.1, 102.5, 51.12
1453,1.563e-06,6.089e-02,   3.5,   2.3,  74.2, 46.46,9.386e-03,  14.6,   2.8, 102.5, 51.17
1454,1.563e-06,6.100e-02,   3.3,   2.1,  74.3, 46.48,9.381e-03,  14.6,   4.3, 102.8, 51.15
1455,1.563e-06,6.057e-02,   3.5,   2.2,  74.2, 46.53,9.379e-03,  14.5,   3.5, 102.8, 51.11
1456,1.563e-06,6.060e-02,   3.4,   2.2,  74.2, 46.45,9.506e-03,  14.7,   3.1, 103.0, 51.38
1457,1.563e-06,6.134e-02,   3.3,   2.1,  74.3, 46.52,9.296e-03,  14.5,   3.4, 102.4, 51.00
1458,1.563e-06,6.068e-02,   3.3,   2.0,  74.3, 46.47,9.246e-03,  14.4,   2.9, 102.3, 51.00
1459,1.563e-06,6.047e-02,   3.3,   2.1,  74.2, 46.44,9.498e-03,  14.7,   3.6, 102.9, 51.32
1460,1.563e-06,6.179e-02,   3.6,   2.4,  74.2, 46.48,9.572e-03,  14.9,   3.9, 102.8, 51.36
1461,1.563e-06,6.052e-02,   3.4,   2.1,  74.0, 46.46,9.397e-03,  14.5,   2.8, 103.1, 51.44
1462,1.563e-06,6.074e-02,   3.4,   2.2,  74.2, 46.50,9.364e-03,  14.5,   3.4, 103.0, 51.29
1463,1.563e-06,6.087e-02,   3.3,   2.1,  74.2, 46.49,9.276e-03,  14.3,   2.8, 102.7, 51.25
1464,1.563e-06,6.137e-02,   3.5,   2.2,  74.2, 46.51,9.373e-03,  14.5,   2.9, 103.0, 51.19
1465,1.563e-06,6.062e-02,   3.5,   2.2,  74.1, 46.42,9.389e-03,  14.5,   3.3, 103.5, 51.55
1466,1.563e-06,6.080e-02,   3.4,   2.1,  74.3, 46.56,9.397e-03,  14.5,   3.0, 103.1, 51.25
1467,1.563e-06,6.104e-02,   3.4,   2.1,  74.0, 46.38,9.402e-03,  14.5,   2.8, 103.3, 51.17
1468,1.563e-06,6.116e-02,   3.4,   2.2,  74.2, 46.47,9.274e-03,  14.4,   3.3, 102.2, 51.18
1469,1.563e-06,6.081e-02,   3.5,   2.3,  74.2, 46.48,9.550e-03,  14.8,   4.1, 103.0, 51.28
1470,1.563e-06,6.123e-02,   3.4,   2.2,  74.1, 46.43,9.320e-03,  14.4,   2.9, 102.9, 51.41
1471,1.563e-06,6.059e-02,   3.3,   2.1,  74.2, 46.45,9.454e-03,  14.6,   3.1, 102.9, 51.21
1472,1.563e-06,6.101e-02,   3.4,   2.1,  74.1, 46.39,9.419e-03,  14.5,   2.8, 102.8, 51.31
1473,1.563e-06,6.082e-02,   3.4,   2.1,  74.1, 46.39,9.482e-03,  14.7,   2.9, 103.0, 51.22
1474,1.563e-06,6.090e-02,   3.3,   2.0,  74.2, 46.46,9.296e-03,  14.5,   2.7, 102.0, 51.03
1475,1.563e-06,6.100e-02,   3.4,   2.1,  74.1, 46.46,9.269e-03,  14.4,   3.1, 102.5, 51.03
1476,1.563e-06,6.054e-02,   3.4,   2.1,  74.1, 46.42,9.320e-03,  14.5,   4.3, 102.8, 51.25
1477,1.563e-06,6.167e-02,   3.6,   2.4,  74.2, 46.52,9.569e-03,  15.0,   4.2, 102.3, 50.95
1478,1.563e-06,6.048e-02,   3.4,   2.2,  74.0, 46.35,9.472e-03,  14.7,   3.7, 102.9, 51.13
1479,1.563e-06,6.112e-02,   3.4,   2.2,  74.1, 46.40,9.327e-03,  14.4,   2.9, 102.6, 51.23
1480,1.563e-06,6.107e-02,   3.4,   2.1,  74.3, 46.49,9.415e-03,  14.6,   3.1, 102.6, 51.08
1481,1.563e-06,6.071e-02,   3.4,   2.3,  74.1, 46.38,9.300e-03,  14.4,   2.9, 102.5, 51.23
1482,1.563e-06,5.990e-02,   3.4,   2.1,  73.9, 46.35,9.364e-03,  14.5,   3.0, 102.5, 51.09
1483,1.563e-06,6.047e-02,   3.4,   2.2,  73.9, 46.34,9.445e-03,  14.6,   2.8, 103.0, 51.26
1484,1.563e-06,6.077e-02,   3.4,   2.2,  74.0, 46.36,9.417e-03,  14.6,   3.9, 103.0, 51.19
1485,1.563e-06,6.107e-02,   3.4,   2.2,  74.1, 46.41,9.486e-03,  14.7,   3.3, 103.1, 51.40
1486,1.563e-06,6.097e-02,   3.4,   2.2,  74.2, 46.48,9.333e-03,  14.4,   3.5, 103.0, 51.21
1487,1.563e-06,6.095e-02,   3.4,   2.1,  74.0, 46.39,9.324e-03,  14.4,   2.9, 102.8, 51.25
1488,1.563e-06,6.102e-02,   3.5,   2.3,  74.0, 46.37,9.447e-03,  14.7,   3.7, 103.0, 51.10
1489,1.563e-06,6.113e-02,   3.5,   2.2,  74.0, 46.43,9.560e-03,  14.8,   3.5, 102.8, 51.04
1490,1.563e-06,6.093e-02,   3.4,   2.1,  74.0, 46.38,9.386e-03,  14.5,   2.8, 102.8, 51.12
1491,1.563e-06,6.009e-02,   3.4,   2.1,  74.0, 46.40,9.374e-03,  14.7,   5.2, 102.5, 50.91
1492,1.563e-06,6.096e-02,   3.4,   2.2,  74.0, 46.41,9.286e-03,  14.4,   3.3, 102.7, 51.11
1493,1.563e-06,6.070e-02,   3.4,   2.1,  74.0, 46.40,9.382e-03,  14.5,   3.4, 102.8, 51.17
1494,1.563e-06,6.086e-02,   3.5,   2.3,  74.1, 46.42,9.364e-03,  14.5,   2.8, 102.5, 50.96
1495,1.563e-06,6.067e-02,   3.3,   2.0,  73.9, 46.38,9.335e-03,  14.5,   3.4, 102.7, 51.37
1496,1.563e-06,6.072e-02,   3.4,   2.2,  74.2, 46.50,9.394e-03,  14.5,   3.4, 103.2, 51.37
1497,1.563e-06,6.094e-02,   3.5,   2.3,  74.1, 46.42,9.311e-03,  14.6,   4.6, 102.5, 50.97
1498,1.563e-06,6.120e-02,   3.4,   2.2,  74.1, 46.45,9.347e-03,  14.4,   3.0, 102.8, 51.26
1499,1.563e-06,6.021e-02,   3.3,   2.0,  73.9, 46.28,9.363e-03,  14.5,   2.8, 102.7, 51.17
1500,1.563e-06,6.075e-02,   3.4,   2.1,  74.0, 46.30,9.564e-03,  14.8,   3.5, 103.7, 51.46
1501,1.563e-06,6.041e-02,   3.5,   2.2,  73.9, 46.33,9.373e-03,  14.5,   3.0, 103.0, 51.16
1502,1.563e-06,6.026e-02,   3.4,   2.2,  73.8, 46.26,9.409e-03,  14.6,   3.6, 102.7, 51.26
1503,1.563e-06,6.075e-02,   3.4,   2.1,  74.1, 46.41,9.364e-03,  14.5,   3.0, 102.8, 51.29
1504,1.563e-06,6.128e-02,   3.4,   2.1,  74.1, 46.39,9.378e-03,  14.5,   3.0, 102.8, 51.11
1505,7.813e-07,5.981e-02,   3.2,   1.9,  73.7, 46.20,9.351e-03,  14.5,   2.8, 102.6, 50.89
1506,7.813e-07,6.026e-02,   3.2,   2.0,  73.6, 46.16,9.383e-03,  14.5,   2.9, 102.9, 51.19
1507,7.813e-07,6.021e-02,   3.2,   2.0,  73.6, 46.12,9.343e-03,  14.5,   2.8, 102.6, 50.94
1508,7.813e-07,5.934e-02,   3.2,   1.9,  73.6, 46.11,9.333e-03,  14.5,   3.2, 102.7, 50.96
1509,7.813e-07,5.979e-02,   3.2,   1.9,  73.7, 46.13,9.350e-03,  14.5,   2.9, 102.8, 50.96
1510,7.813e-07,5.922e-02,   3.2,   1.9,  73.7, 46.18,9.352e-03,  14.5,   2.9, 102.7, 50.94
1511,7.813e-07,5.978e-02,   3.3,   2.1,  73.6, 46.15,9.373e-03,  14.5,   3.3, 103.0, 50.98
1512,7.813e-07,5.937e-02,   3.2,   2.0,  73.6, 46.18,9.324e-03,  14.4,   3.0, 102.7, 51.06
1513,7.813e-07,5.988e-02,   3.2,   1.9,  73.6, 46.11,9.366e-03,  14.6,   2.9, 102.5, 50.83
1514,7.813e-07,5.992e-02,   3.2,   1.9,  73.6, 46.11,9.343e-03,  14.5,   4.3, 102.7, 51.11
1515,7.813e-07,5.932e-02,   3.3,   2.0,  73.5, 46.11,9.333e-03,  14.5,   2.8, 102.7, 51.01
1516,7.813e-07,6.039e-02,   3.2,   1.9,  73.7, 46.19,9.321e-03,  14.4,   2.9, 102.9, 50.88
1517,7.813e-07,5.952e-02,   3.2,   1.9,  73.6, 46.15,9.304e-03,  14.4,   2.8, 102.8, 51.07
1518,7.813e-07,5.897e-02,   3.2,   1.9,  73.5, 46.09,9.418e-03,  14.6,   2.9, 102.8, 50.92
1519,7.813e-07,5.878e-02,   3.2,   1.9,  73.5, 46.09,9.422e-03,  14.6,   3.1, 103.2, 51.06
1520,7.813e-07,5.984e-02,   3.2,   2.0,  73.7, 46.16,9.442e-03,  14.7,   3.4, 102.6, 50.81
1521,7.813e-07,5.976e-02,   3.2,   1.9,  73.4, 46.04,9.340e-03,  14.5,   2.8, 102.7, 50.86
1522,7.813e-07,5.981e-02,   3.3,   2.0,  73.6, 46.15,9.401e-03,  14.6,   3.2, 102.7, 50.81
1523,7.813e-07,5.977e-02,   3.4,   2.2,  73.7, 46.19,9.262e-03,  14.4,   3.6, 102.4, 50.76
1524,7.813e-07,5.935e-02,   3.2,   1.9,  73.5, 46.12,9.319e-03,  14.4,   2.7, 102.8, 50.87
1525,7.813e-07,5.955e-02,   3.2,   1.9,  73.5, 46.08,9.322e-03,  14.5,   3.3, 102.6, 50.97
1526,7.813e-07,5.950e-02,   3.2,   2.0,  73.6, 46.07,9.297e-03,  14.4,   2.8, 102.8, 50.89
1527,7.813e-07,5.955e-02,   3.3,   2.0,  73.7, 46.16,9.325e-03,  14.4,   2.8, 102.8, 50.94
1528,7.813e-07,5.906e-02,   3.2,   1.9,  73.5, 46.12,9.350e-03,  14.5,   3.1, 102.8, 51.08
1529,7.813e-07,5.969e-02,   3.3,   2.0,  73.5, 46.15,9.361e-03,  14.5,   2.8, 102.6, 51.02
1530,7.813e-07,6.021e-02,   3.2,   2.0,  73.8, 46.22,9.333e-03,  14.5,   2.8, 102.7, 50.79
1531,7.813e-07,5.970e-02,   3.2,   2.0,  73.5, 46.12,9.284e-03,  14.4,   3.3, 102.7, 50.96
1532,7.813e-07,6.019e-02,   3.2,   1.9,  73.6, 46.18,9.401e-03,  14.6,   2.8, 102.8, 51.10
1533,7.813e-07,5.958e-02,   3.2,   1.9,  73.6, 46.15,9.283e-03,  14.5,   3.4, 102.3, 50.86
1534,7.813e-07,5.968e-02,   3.2,   2.0,  73.6, 46.13,9.344e-03,  14.5,   2.8, 102.6, 50.93
1535,7.813e-07,6.006e-02,   3.3,   2.0,  73.6, 46.17,9.460e-03,  14.7,   3.1, 102.7, 50.96
1536,7.813e-07,5.932e-02,   3.2,   1.9,  73.6, 46.13,9.444e-03,  14.8,   3.9, 102.4, 50.92
1537,7.813e-07,5.923e-02,   3.2,   2.0,  73.6, 46.15,9.302e-03,  14.4,   2.8, 102.5, 50.84
1538,7.813e-07,5.948e-02,   3.2,   1.9,  73.7, 46.16,9.358e-03,  14.5,   2.8, 102.7, 50.83
1539,7.813e-07,5.971e-02,   3.2,   2.0,  73.6, 46.15,9.345e-03,  14.5,   2.7, 102.6, 50.86
1540,7.813e-07,5.890e-02,   3.2,   1.9,  73.5, 46.04,9.270e-03,  14.4,   2.8, 102.7, 51.00
1541,7.813e-07,5.983e-02,   3.2,   1.9,  73.5, 46.09,9.406e-03,  14.6,   2.9, 102.8, 51.16
1542,7.813e-07,5.939e-02,   3.2,   2.0,  73.5, 46.08,9.380e-03,  14.6,   3.1, 102.7, 50.89
1543,7.813e-07,5.943e-02,   3.3,   2.0,  73.5, 46.15,9.335e-03,  14.5,   2.8, 102.5, 50.98
1544,7.813e-07,6.013e-02,   3.2,   1.9,  73.5, 46.12,9.392e-03,  14.6,   3.1, 102.6, 50.84
1545,7.813e-07,5.905e-02,   3.2,   2.0,  73.1, 46.06,9.325e-03,  14.5,   2.8, 102.6, 50.91
1546,7.813e-07,5.980e-02,   3.2,   1.9,  73.5, 46.10,9.306e-03,  14.4,   2.8, 102.6, 50.92
1547,7.813e-07,5.917e-02,   3.2,   1.9,  73.5, 46.10,9.296e-03,  14.4,   2.9, 102.7, 51.01
1548,7.813e-07,6.002e-02,   3.2,   2.0,  73.5, 46.11,9.270e-03,  14.4,   3.0, 102.8, 50.99
1549,7.813e-07,5.931e-02,   3.2,   1.9,  73.5, 46.08,9.386e-03,  14.5,   2.9, 102.8, 50.90
1550,7.813e-07,5.976e-02,   3.3,   2.0,  73.6, 46.10,9.261e-03,  14.4,   3.5, 102.5, 50.99
1551,7.813e-07,5.916e-02,   3.2,   1.9,  73.4, 46.08,9.324e-03,  14.4,   3.0, 103.0, 51.49
1552,7.813e-07,6.007e-02,   3.2,   2.0,  73.6, 46.16,9.359e-03,  14.5,   3.4, 102.8, 51.01
1553,7.813e-07,5.969e-02,   3.3,   2.0,  73.5, 46.10,9.366e-03,  14.5,   3.9, 103.0, 50.93
1554,7.813e-07,5.956e-02,   3.2,   2.0,  73.5, 46.11,9.354e-03,  14.5,   3.2, 102.7, 51.01
1555,7.813e-07,5.996e-02,   3.2,   2.0,  73.6, 46.10,9.350e-03,  14.5,   3.1, 102.6, 50.96
1556,7.813e-07,5.916e-02,   3.2,   2.0,  73.4, 46.05,9.372e-03,  14.5,   2.9, 102.9, 51.03
1557,7.813e-07,5.901e-02,   3.2,   1.9,  73.5, 46.11,9.410e-03,  14.5,   2.8, 103.4, 51.39
1558,7.813e-07,5.915e-02,   3.3,   2.0,  73.5, 46.10,9.336e-03,  14.5,   2.7, 102.6, 50.83
1559,7.813e-07,5.978e-02,   3.3,   2.0,  73.5, 46.08,9.351e-03,  14.5,   3.0, 102.6, 50.94
1560,7.813e-07,5.980e-02,   3.2,   2.0,  73.5, 46.10,9.326e-03,  14.5,   3.0, 102.8, 50.86
1561,7.813e-07,5.923e-02,   3.2,   1.9,  73.4, 46.03,9.425e-03,  14.6,   3.1, 102.7, 50.87
1562,7.813e-07,5.916e-02,   3.1,   1.8,  73.4, 46.02,9.334e-03,  14.5,   3.1, 103.0, 50.95
1563,7.813e-07,6.032e-02,   3.2,   1.9,  73.5, 46.12,9.340e-03,  14.5,   2.9, 102.7, 51.08
1564,7.813e-07,5.974e-02,   3.2,   1.9,  73.5, 46.11,9.361e-03,  14.5,   2.8, 102.7, 50.96
1565,7.813e-07,5.973e-02,   3.2,   1.9,  73.6, 46.10,9.362e-03,  14.5,   2.9, 102.9, 51.05
1566,7.813e-07,5.912e-02,   3.3,   2.0,  73.5, 46.05,9.357e-03,  14.5,   2.8, 102.6, 50.89
1567,7.813e-07,5.949e-02,   3.2,   1.9,  73.5, 46.08,9.258e-03,  14.4,   3.8, 102.6, 50.84
1568,7.813e-07,5.961e-02,   3.3,   2.1,  73.4, 46.04,9.379e-03,  14.6,   3.0, 102.5, 50.98
1569,7.813e-07,5.970e-02,   3.3,   2.0,  73.5, 46.11,9.356e-03,  14.5,   3.0, 103.0, 51.08
1570,7.813e-07,6.003e-02,   3.3,   2.0,  73.5, 46.10,9.375e-03,  14.5,   2.9, 102.9, 50.92
1571,7.813e-07,5.965e-02,   3.2,   2.0,  73.4, 46.06,9.349e-03,  14.5,   2.8, 102.6, 50.83
1572,7.813e-07,5.977e-02,   3.2,   1.9,  73.4, 46.05,9.375e-03,  14.5,   2.8, 102.7, 50.87
1573,7.813e-07,5.883e-02,   3.1,   1.9,  73.3, 46.02,9.316e-03,  14.5,   2.7, 102.5, 50.89
1574,7.813e-07,5.983e-02,   3.3,   2.0,  73.5, 46.12,9.260e-03,  14.4,   2.8, 102.6, 51.01
1575,7.813e-07,5.934e-02,   3.1,   1.9,  73.4, 46.08,9.382e-03,  14.6,   2.9, 102.7, 50.90
1576,7.813e-07,5.955e-02,   3.2,   2.0,  73.5, 46.04,9.354e-03,  14.5,   3.9, 102.8, 50.90
1577,7.813e-07,5.966e-02,   3.2,   2.0,  73.4, 46.08,9.378e-03,  14.5,   2.9, 102.7, 51.01
1578,7.813e-07,6.012e-02,   3.3,   2.0,  73.6, 46.14,9.378e-03,  14.5,   2.9, 102.8, 50.99
1579,7.813e-07,5.981e-02,   3.2,   1.9,  73.4, 46.11,9.291e-03,  14.4,   3.3, 102.5, 50.84
1580,7.813e-07,5.957e-02,   3.2,   1.9,  73.5, 46.04,9.320e-03,  14.4,   2.9, 102.7, 50.94
1581,7.813e-07,5.902e-02,   3.2,   1.9,  73.4, 46.05,9.350e-03,  14.5,   2.8, 102.7, 50.84
1582,7.813e-07,5.949e-02,   3.2,   2.0,  73.5, 46.06,9.371e-03,  14.5,   2.8, 102.9, 50.91
1583,7.813e-07,5.921e-02,   3.2,   2.0,  73.5, 46.06,9.421e-03,  14.6,   2.8, 102.8, 50.93
1584,7.813e-07,5.907e-02,   3.2,   1.9,  73.4, 46.00,9.339e-03,  14.5,   2.8, 102.7, 50.83
1585,7.813e-07,5.967e-02,   3.2,   1.9,  73.4, 46.03,9.341e-03,  14.5,   2.7, 102.6, 50.81
1586,7.813e-07,6.019e-02,   3.2,   1.9,  73.3, 46.00,9.367e-03,  14.5,   2.8, 102.8, 50.94
1587,7.813e-07,5.932e-02,   3.2,   1.9,  73.4, 46.05,9.379e-03,  14.6,   3.1, 102.7, 50.94
1588,7.813e-07,5.917e-02,   3.2,   2.0,  73.4, 46.06,9.378e-03,  14.6,   2.8, 102.6, 50.84
1589,7.813e-07,5.965e-02,   3.2,   2.0,  73.3, 46.02,9.390e-03,  14.5,   3.0, 102.8, 51.05
1590,7.813e-07,5.998e-02,   3.3,   2.1,  73.4, 46.07,9.371e-03,  14.5,   2.7, 102.8, 50.93
1591,7.813e-07,5.969e-02,   3.2,   1.9,  73.4, 46.04,9.314e-03,  14.5,   2.8, 102.5, 50.93
1592,7.813e-07,5.953e-02,   3.3,   2.0,  73.3, 45.99,9.322e-03,  14.4,   2.7, 102.9, 50.76
1593,7.813e-07,5.940e-02,   3.1,   1.9,  73.3, 46.02,9.279e-03,  14.4,   2.8, 102.6, 50.93
1594,7.813e-07,5.987e-02,   3.2,   1.9,  73.4, 46.01,9.324e-03,  14.5,   2.8, 102.7, 50.80
1595,7.813e-07,5.911e-02,   3.1,   1.8,  73.4, 46.02,9.292e-03,  14.4,   2.7, 102.5, 50.79
1596,7.813e-07,5.967e-02,   3.3,   2.0,  73.4, 46.01,9.429e-03,  14.6,   3.0, 102.9, 50.93
1597,7.813e-07,5.922e-02,   3.2,   1.9,  73.4, 46.05,9.346e-03,  14.5,   2.8, 102.7, 50.85
1598,7.813e-07,5.859e-02,   3.2,   2.0,  73.4, 46.06,9.331e-03,  14.4,   2.8, 102.9, 50.98
1599,7.813e-07,5.878e-02,   3.2,   1.9,  73.4, 46.00,9.308e-03,  14.4,   2.8, 102.8, 50.90
1600,7.813e-07,5.984e-02,   3.3,   2.0,  73.4, 46.06,9.288e-03,  14.4,   3.3, 102.7, 51.06
1601,7.813e-07,5.901e-02,   3.2,   2.0,  73.3, 46.03,9.299e-03,  14.4,   3.1, 102.7, 50.84
1602,7.813e-07,5.936e-02,   3.2,   1.9,  73.4, 46.06,9.280e-03,  14.4,   2.8, 102.6, 50.81
1603,7.813e-07,5.938e-02,   3.2,   1.9,  73.3, 45.94,9.352e-03,  14.6,   3.8, 102.7, 50.90
1604,7.813e-07,5.934e-02,   3.3,   2.0,  73.3, 46.01,9.338e-03,  14.5,   2.8, 102.7, 50.87
1605,7.813e-07,5.957e-02,   3.2,   2.0,  73.4, 46.08,9.361e-03,  14.6,   2.8, 102.4, 50.76
1606,7.813e-07,5.957e-02,   3.2,   2.0,  73.4, 45.99,9.337e-03,  14.5,   2.8, 102.7, 50.92
1607,7.813e-07,5.936e-02,   3.2,   2.0,  73.2, 45.95,9.405e-03,  14.7,   4.5, 102.9, 50.99
1608,7.813e-07,5.929e-02,   3.3,   2.1,  73.3, 45.99,9.327e-03,  14.5,   2.7, 102.6, 50.84
1609,7.813e-07,5.883e-02,   3.2,   2.0,  73.3, 46.04,9.240e-03,  14.3,   2.8, 102.5, 50.79
1610,7.813e-07,5.925e-02,   3.2,   1.9,  73.3, 45.94,9.286e-03,  14.4,   2.9, 102.6, 50.76
1611,7.813e-07,5.952e-02,   3.2,   2.0,  73.3, 45.97,9.371e-03,  14.5,   3.7, 103.0, 51.08
1612,7.813e-07,5.946e-02,   3.2,   2.0,  73.3, 45.96,9.308e-03,  14.4,   3.0, 102.9, 51.03
1613,7.813e-07,6.006e-02,   3.2,   2.0,  73.4, 46.11,9.330e-03,  14.5,   2.7, 102.6, 50.78
1614,7.813e-07,5.924e-02,   3.2,   1.9,  73.4, 46.07,9.360e-03,  14.5,   2.8, 102.8, 50.83
1615,7.813e-07,5.909e-02,   3.2,   2.0,  73.3, 46.00,9.324e-03,  14.4,   3.0, 102.9, 50.94
1616,7.813e-07,5.909e-02,   3.1,   1.9,  73.2, 45.94,9.368e-03,  14.5,   2.8, 102.7, 50.93
1617,7.813e-07,5.925e-02,   3.2,   2.0,  73.2, 45.97,9.413e-03,  14.6,   2.8, 102.8, 50.94
1618,7.813e-07,5.974e-02,   3.2,   2.0,  73.3, 45.96,9.427e-03,  14.7,   3.7, 102.7, 50.78
1619,7.813e-07,6.005e-02,   3.2,   1.9,  73.2, 45.96,9.364e-03,  14.5,   2.8, 102.5, 51.00
1620,7.813e-07,5.903e-02,   3.2,   2.0,  73.3, 46.01,9.284e-03,  14.4,   2.9, 102.6, 50.91
1621,7.813e-07,5.896e-02,   3.2,   2.0,  73.3, 46.01,9.383e-03,  14.6,   2.9, 102.6, 50.93
1622,7.813e-07,5.879e-02,   3.2,   1.9,  73.2, 45.96,9.280e-03,  14.5,   3.3, 102.2, 50.76
1623,7.813e-07,5.912e-02,   3.3,   2.1,  73.3, 46.02,9.279e-03,  14.5,   3.0, 102.2, 50.79
1624,7.813e-07,5.920e-02,   3.2,   1.9,  73.3, 46.03,9.309e-03,  14.5,   3.2, 102.5, 51.14
1625,7.813e-07,5.930e-02,   3.2,   1.9,  73.3, 45.97,9.342e-03,  14.5,   2.8, 102.6, 50.94
1626,7.813e-07,5.963e-02,   3.2,   1.9,  73.3, 45.96,9.342e-03,  14.5,   2.8, 102.5, 50.84
1627,7.813e-07,5.954e-02,   3.3,   2.1,  73.4, 46.02,9.226e-03,  14.3,   2.8, 102.4, 50.83
1628,7.813e-07,5.966e-02,   3.2,   1.9,  73.2, 45.99,9.299e-03,  14.4,   3.1, 103.0, 51.10
1629,7.813e-07,5.910e-02,   3.2,   1.9,  73.3, 45.98,9.272e-03,  14.4,   2.9, 102.3, 50.84
1630,7.813e-07,5.960e-02,   3.2,   2.0,  73.3, 46.08,9.343e-03,  14.5,   2.8, 102.8, 50.91
1631,7.813e-07,5.904e-02,   3.2,   2.0,  73.3, 46.01,9.311e-03,  14.5,   2.8, 102.5, 50.92
1632,7.813e-07,5.927e-02,   3.2,   2.0,  73.4, 45.95,9.299e-03,  14.5,   2.7, 102.3, 50.78
1633,7.813e-07,5.876e-02,   3.2,   1.9,  73.3, 45.95,9.301e-03,  14.5,   3.9, 102.5, 50.77
1634,7.813e-07,5.879e-02,   3.3,   2.0,  73.3, 45.94,9.301e-03,  14.5,   2.7, 102.2, 50.78
1635,7.813e-07,5.928e-02,   3.2,   2.0,  73.1, 45.94,9.332e-03,  14.5,   2.8, 102.4, 50.87
1636,7.813e-07,5.890e-02,   3.2,   2.0,  73.3, 45.94,9.320e-03,  14.5,   3.6, 102.5, 50.88
1637,7.813e-07,5.892e-02,   3.3,   2.0,  73.0, 45.88,9.439e-03,  14.6,   2.9, 103.3, 51.37
1638,7.813e-07,5.927e-02,   3.2,   1.9,  73.4, 46.03,9.244e-03,  14.3,   3.0, 102.7, 51.06
1639,7.813e-07,5.882e-02,   3.2,   2.0,  73.1, 45.94,9.323e-03,  14.5,   2.8, 102.5, 50.87
1640,7.813e-07,5.938e-02,   3.2,   2.0,  73.3, 45.99,9.228e-03,  14.3,   2.8, 102.5, 50.77
1641,7.813e-07,5.912e-02,   3.3,   2.1,  73.3, 45.97,9.296e-03,  14.4,   2.7, 102.4, 50.91
1642,7.813e-07,5.849e-02,   3.2,   2.0,  73.3, 45.99,9.334e-03,  14.5,   2.7, 102.6, 50.86
1643,7.813e-07,5.976e-02,   3.2,   2.0,  73.3, 45.97,9.276e-03,  14.4,   2.7, 102.3, 50.83
1644,7.813e-07,5.882e-02,   3.2,   1.9,  73.2, 45.99,9.294e-03,  14.5,   2.7, 102.3, 50.79
1645,7.813e-07,5.899e-02,   3.2,   1.9,  73.2, 45.91,9.256e-03,  14.4,   3.0, 102.4, 50.86
1646,7.813e-07,5.886e-02,   3.2,   2.0,  73.2, 45.95,9.239e-03,  14.4,   2.8, 102.3, 50.82
1647,7.813e-07,5.892e-02,   3.2,   1.9,  73.1, 45.90,9.331e-03,  14.5,   3.1, 102.3, 50.92
1648,7.813e-07,5.974e-02,   3.3,   2.0,  73.3, 45.93,9.327e-03,  14.5,   2.7, 102.5, 50.98
1649,7.813e-07,5.944e-02,   3.2,   2.0,  73.2, 45.95,9.362e-03,  14.6,   3.3, 102.3, 50.84
1650,7.813e-07,5.890e-02,   3.2,   2.0,  73.2, 45.93,9.309e-03,  14.5,   2.8, 102.3, 50.81
1651,7.813e-07,5.941e-02,   3.3,   2.0,  73.2, 45.95,9.381e-03,  14.5,   2.8, 102.8, 50.93
1652,7.813e-07,5.860e-02,   3.2,   2.0,  73.2, 45.99,9.250e-03,  14.4,   2.7, 102.3, 50.76
1653,7.813e-07,5.888e-02,   3.2,   2.0,  73.2, 45.98,9.278e-03,  14.5,   2.9, 102.4, 50.74
1654,7.813e-07,5.919e-02,   3.1,   1.9,  73.2, 45.93,9.311e-03,  14.5,   3.0, 102.7, 51.00
1655,7.813e-07,5.829e-02,   3.2,   2.0,  73.2, 45.99,9.342e-03,  14.5,   3.0, 102.5, 50.99
1656,7.813e-07,5.895e-02,   3.2,   2.0,  73.3, 46.01,9.363e-03,  14.6,   3.4, 102.4, 50.81
1657,7.813e-07,5.968e-02,   3.3,   2.1,  73.3, 45.99,9.317e-03,  14.5,   2.8, 102.6, 50.96
1658,7.813e-07,5.914e-02,   3.2,   1.9,  73.3, 45.96,9.295e-03,  14.5,   2.9, 102.3, 50.83
1659,7.813e-07,5.902e-02,   3.2,   1.9,  73.2, 45.93,9.303e-03,  14.5,   3.5, 102.5, 50.79
1660,7.813e-07,5.899e-02,   3.2,   1.9,  73.2, 45.94,9.286e-03,  14.4,   3.1, 102.5, 50.94
1661,7.813e-07,5.880e-02,   3.2,   2.0,  73.2, 46.00,9.286e-03,  14.4,   3.1, 102.5, 50.84
1662,7.813e-07,5.955e-02,   3.2,   2.0,  73.2, 45.95,9.351e-03,  14.5,   2.9, 102.5, 50.88
1663,7.813e-07,5.932e-02,   3.1,   1.9,  73.3, 45.98,9.275e-03,  14.4,   2.8, 102.7, 50.87
1664,7.813e-07,5.947e-02,   3.2,   1.9,  73.1, 45.90,9.350e-03,  14.5,   2.9, 102.8, 51.16
1665,7.813e-07,5.906e-02,   3.2,   2.0,  73.1, 45.93,9.275e-03,  14.4,   2.8, 102.5, 50.77
1666,7.813e-07,5.843e-02,   3.2,   1.9,  73.1, 45.90,9.325e-03,  14.5,   2.8, 102.5, 50.80
1667,7.813e-07,5.932e-02,   3.2,   1.9,  73.2, 45.97,9.258e-03,  14.4,   3.2, 102.4, 50.86
1668,7.813e-07,5.871e-02,   3.2,   2.0,  73.1, 45.89,9.279e-03,  14.4,   3.2, 102.5, 50.83
1669,7.813e-07,5.891e-02,   3.2,   1.9,  73.2, 45.94,9.354e-03,  14.5,   2.8, 102.6, 50.85
1670,7.813e-07,5.870e-02,   3.2,   1.9,  73.1, 45.94,9.382e-03,  14.6,   2.8, 102.5, 50.71
1671,7.813e-07,5.896e-02,   3.2,   1.9,  73.1, 45.92,9.320e-03,  14.5,   2.7, 102.6, 50.87
1672,7.813e-07,5.881e-02,   3.2,   1.9,  73.1, 45.91,9.302e-03,  14.5,   2.9, 102.5, 50.84
1673,7.813e-07,5.882e-02,   3.2,   2.0,  73.0, 45.88,9.330e-03,  14.5,   2.7, 102.4, 50.74
1674,7.813e-07,5.876e-02,   3.2,   1.9,  73.1, 45.90,9.327e-03,  14.5,   3.1, 102.6, 50.93
1675,7.813e-07,5.927e-02,   3.2,   1.9,  73.1, 45.92,9.305e-03,  14.4,   2.7, 102.6, 50.85
1676,7.813e-07,5.938e-02,   3.2,   2.0,  73.2, 45.95,9.401e-03,  14.6,   3.2, 102.6, 50.74
1677,7.813e-07,5.923e-02,   3.3,   2.0,  73.1, 45.93,9.310e-03,  14.4,   2.8, 102.6, 50.79
1678,7.813e-07,5.879e-02,   3.2,   1.9,  73.1, 45.92,9.304e-03,  14.4,   3.6, 102.9, 50.80
1679,7.813e-07,5.858e-02,   3.2,   1.9,  73.1, 45.95,9.273e-03,  14.4,   3.3, 102.6, 50.66
1680,7.813e-07,5.937e-02,   3.1,   1.9,  73.2, 45.98,9.258e-03,  14.4,   3.1, 102.6, 50.81
1681,7.813e-07,5.960e-02,   3.2,   2.0,  73.1, 45.93,9.359e-03,  14.5,   2.9, 102.6, 50.86
1682,7.813e-07,5.895e-02,   3.2,   1.9,  73.1, 45.95,9.299e-03,  14.5,   2.9, 102.5, 50.73
1683,7.813e-07,5.917e-02,   3.2,   2.0,  73.2, 45.90,9.404e-03,  14.7,   3.1, 102.4, 50.75
1684,7.813e-07,5.895e-02,   3.3,   2.1,  73.1, 45.87,9.289e-03,  14.5,   2.8, 102.3, 50.70
1685,7.813e-07,5.915e-02,   3.2,   1.9,  73.1, 45.99,9.278e-03,  14.4,   2.7, 102.4, 50.68
1686,7.813e-07,5.899e-02,   3.2,   1.9,  73.2, 45.97,9.287e-03,  14.4,   3.2, 102.6, 50.84
1687,7.813e-07,5.922e-02,   3.2,   2.0,  73.1, 45.88,9.330e-03,  14.5,   2.7, 102.5, 50.74
1688,7.813e-07,5.876e-02,   3.2,   1.9,  73.0, 45.79,9.317e-03,  14.5,   2.8, 102.5, 50.88
1689,7.813e-07,5.912e-02,   3.2,   2.0,  73.1, 45.97,9.273e-03,  14.4,   2.7, 102.5, 50.77
1690,7.813e-07,5.915e-02,   3.3,   2.0,  73.1, 45.90,9.302e-03,  14.5,   3.1, 102.5, 50.68
1691,7.813e-07,5.912e-02,   3.1,   1.9,  73.1, 45.91,9.298e-03,  14.5,   2.8, 102.4, 50.81
1692,7.813e-07,5.818e-02,   3.2,   1.9,  73.1, 45.92,9.361e-03,  14.5,   2.9, 102.7, 50.75
1693,7.813e-07,5.922e-02,   3.2,   1.9,  72.9, 45.86,9.308e-03,  14.5,   2.8, 102.5, 50.69
1694,7.813e-07,5.899e-02,   3.1,   1.9,  73.1, 45.90,9.291e-03,  14.4,   2.9, 102.6, 50.70
1695,7.813e-07,5.936e-02,   3.2,   1.9,  73.1, 45.93,9.255e-03,  14.4,   2.8, 102.7, 50.81
1696,7.813e-07,5.921e-02,   3.2,   2.0,  73.1, 45.90,9.333e-03,  14.5,   2.8, 102.8, 50.83
1697,7.813e-07,5.900e-02,   3.2,   2.0,  73.0, 45.89,9.275e-03,  14.4,   2.9, 102.4, 50.67
1698,7.813e-07,5.913e-02,   3.2,   2.0,  73.0, 45.92,9.377e-03,  14.7,   4.3, 102.5, 50.70
1699,7.813e-07,5.883e-02,   3.2,   1.9,  73.1, 45.94,9.329e-03,  14.5,   2.8, 102.6, 50.85
1700,7.813e-07,5.934e-02,   3.2,   1.9,  73.0, 45.89,9.306e-03,  14.5,   3.3, 102.6, 50.80
1701,7.813e-07,5.849e-02,   3.2,   1.9,  73.1, 45.96,9.257e-03,  14.5,   4.0, 102.5, 50.94
1702,7.813e-07,5.879e-02,   3.2,   2.0,  73.1, 45.91,9.312e-03,  14.5,   2.8, 102.7, 50.76
1703,7.813e-07,5.920e-02,   3.2,   2.0,  73.1, 45.94,9.272e-03,  14.4,   2.8, 102.4, 50.76
1704,7.813e-07,5.834e-02,   3.2,   2.0,  73.0, 45.87,9.236e-03,  14.4,   3.2, 102.2, 50.66
1705,7.813e-07,5.945e-02,   3.2,   1.9,  73.1, 45.88,9.242e-03,  14.4,   3.1, 102.4, 50.62
1706,7.813e-07,5.891e-02,   3.2,   1.9,  72.9, 45.85,9.394e-03,  14.6,   3.6, 102.8, 51.17
1707,7.813e-07,5.864e-02,   3.2,   2.0,  73.0, 45.87,9.309e-03,  14.5,   2.7, 102.5, 50.66
1708,7.813e-07,5.857e-02,   3.2,   2.0,  72.9, 45.83,9.360e-03,  14.6,   3.0, 102.3, 50.68
1709,7.813e-07,5.934e-02,   3.2,   1.9,  73.0, 45.84,9.285e-03,  14.4,   2.8, 102.5, 50.72
1710,7.813e-07,5.918e-02,   3.2,   2.0,  73.0, 45.85,9.315e-03,  14.5,   2.9, 102.7, 50.77
1711,7.813e-07,5.875e-02,   3.2,   1.9,  73.1, 45.94,9.319e-03,  14.5,   2.7, 102.8, 50.80
1712,7.813e-07,5.911e-02,   3.3,   2.1,  73.0, 45.87,9.456e-03,  14.8,   4.0, 102.6, 50.74
1713,7.813e-07,5.922e-02,   3.1,   1.9,  73.1, 45.90,9.266e-03,  14.4,   2.7, 102.5, 50.73
1714,7.813e-07,5.885e-02,   3.3,   2.1,  73.0, 45.86,9.216e-03,  14.3,   3.2, 102.6, 50.66
1715,7.813e-07,5.801e-02,   3.2,   2.0,  72.9, 45.83,9.315e-03,  14.4,   2.7, 102.8, 50.76
1716,7.813e-07,5.878e-02,   3.2,   2.0,  73.0, 45.89,9.278e-03,  14.4,   3.5, 102.5, 50.72
1717,7.813e-07,5.877e-02,   3.2,   1.9,  73.0, 45.86,9.252e-03,  14.4,   4.2, 102.8, 50.82
1718,7.813e-07,5.904e-02,   3.2,   2.0,  73.1, 45.90,9.280e-03,  14.5,   2.7, 102.3, 50.71
1719,7.813e-07,5.857e-02,   3.2,   1.9,  73.0, 45.86,9.303e-03,  14.5,   4.0, 102.6, 50.67
1720,7.813e-07,5.825e-02,   3.2,   1.9,  73.0, 45.91,9.470e-03,  14.7,   3.0, 102.8, 51.04
1721,7.813e-07,5.892e-02,   3.2,   2.0,  72.9, 45.79,9.444e-03,  14.7,   3.1, 102.8, 51.06
1722,7.813e-07,5.889e-02,   3.2,   2.0,  73.0, 45.88,9.290e-03,  14.4,   2.9, 102.5, 50.83
1723,7.813e-07,5.869e-02,   3.1,   1.9,  73.1, 45.93,9.307e-03,  14.4,   2.8, 102.7, 50.78
1724,7.813e-07,5.845e-02,   3.2,   1.9,  73.1, 45.89,9.262e-03,  14.4,   2.9, 102.5, 50.70
1725,7.813e-07,5.823e-02,   3.1,   1.9,  73.0, 45.85,9.313e-03,  14.5,   2.8, 102.6, 50.87
1726,7.813e-07,5.871e-02,   3.1,   1.9,  73.1, 45.86,9.346e-03,  14.5,   2.7, 102.8, 50.92
1727,7.813e-07,5.898e-02,   3.3,   2.1,  73.1, 45.85,9.459e-03,  14.8,   4.1, 102.5, 50.69
1728,7.813e-07,5.874e-02,   3.2,   1.9,  73.0, 45.86,9.347e-03,  14.5,   2.9, 102.6, 50.79
1729,7.813e-07,5.901e-02,   3.2,   2.0,  73.0, 45.86,9.341e-03,  14.5,   2.7, 102.8, 50.90
1730,7.813e-07,5.934e-02,   3.2,   1.9,  73.0, 45.90,9.407e-03,  14.6,   2.9, 102.7, 50.76
1731,7.813e-07,5.821e-02,   3.2,   2.0,  72.9, 45.82,9.343e-03,  14.5,   3.0, 102.6, 50.81
1732,7.813e-07,5.907e-02,   3.1,   1.8,  73.0, 45.85,9.305e-03,  14.5,   2.8, 102.3, 50.73
1733,7.813e-07,5.849e-02,   3.2,   1.9,  73.0, 45.88,9.250e-03,  14.4,   3.0, 102.5, 50.77
1734,7.813e-07,5.820e-02,   3.2,   2.0,  72.9, 45.86,9.269e-03,  14.4,   3.1, 102.5, 50.76
1735,7.813e-07,5.890e-02,   3.1,   1.9,  72.9, 45.85,9.284e-03,  14.5,   3.9, 102.5, 50.68
1736,7.813e-07,5.891e-02,   3.3,   2.0,  73.0, 45.83,9.265e-03,  14.4,   3.3, 102.5, 50.79
1737,7.813e-07,5.861e-02,   3.2,   2.0,  72.8, 45.79,9.395e-03,  14.6,   2.9, 102.7, 50.82
1738,7.813e-07,5.876e-02,   3.1,   1.9,  72.9, 45.81,9.272e-03,  14.4,   3.2, 102.4, 50.74
1739,7.813e-07,5.835e-02,   3.2,   2.0,  73.0, 45.88,9.261e-03,  14.4,   2.7, 102.5, 50.67
1740,7.813e-07,5.762e-02,   3.2,   1.9,  72.9, 45.75,9.321e-03,  14.5,   3.4, 102.8, 50.86
1741,7.813e-07,5.908e-02,   3.2,   1.9,  73.0, 45.85,9.289e-03,  14.4,   2.8, 102.6, 50.90
1742,7.813e-07,5.878e-02,   3.2,   1.9,  73.0, 45.84,9.303e-03,  14.5,   2.9, 102.4, 50.74
1743,7.813e-07,5.850e-02,   3.2,   2.0,  72.9, 45.79,9.331e-03,  14.5,   2.8, 102.4, 50.82
1744,7.813e-07,5.924e-02,   3.2,   2.0,  72.9, 45.81,9.302e-03,  14.5,   2.7, 102.4, 50.74
1745,7.813e-07,5.848e-02,   3.2,   2.0,  72.9, 45.86,9.427e-03,  14.7,   3.9, 102.5, 50.71
1746,7.813e-07,5.836e-02,   3.2,   2.0,  72.9, 45.86,9.315e-03,  14.5,   2.8, 102.3, 50.61
1747,7.813e-07,5.954e-02,   3.2,   1.9,  73.0, 45.86,9.380e-03,  14.6,   3.2, 102.6, 50.95
1748,7.813e-07,5.855e-02,   3.2,   2.0,  73.0, 45.88,9.316e-03,  14.5,   2.8, 102.7, 50.73
1749,7.813e-07,5.836e-02,   3.1,   1.9,  72.9, 45.82,9.323e-03,  14.5,   2.7, 102.4, 50.75
1750,7.813e-07,5.871e-02,   3.1,   1.9,  72.9, 45.82,9.376e-03,  14.6,   3.2, 102.4, 50.70
1751,7.813e-07,5.898e-02,   3.2,   1.9,  73.0, 45.87,9.339e-03,  14.5,   2.8, 102.4, 50.73
1752,7.813e-07,5.833e-02,   3.2,   2.0,  72.9, 45.80,9.258e-03,  14.4,   3.3, 102.4, 50.71
1753,7.813e-07,5.801e-02,   3.2,   2.0,  72.9, 45.82,9.319e-03,  14.5,   2.9, 102.6, 50.80
1754,7.813e-07,5.862e-02,   3.2,   1.9,  73.0, 45.88,9.272e-03,  14.4,   3.0, 102.6, 50.66
1755,3.906e-07,5.815e-02,   3.1,   1.9,  72.8, 45.71,9.267e-03,  14.5,   2.7, 102.3, 50.61
1756,3.906e-07,5.860e-02,   3.1,   1.8,  72.7, 45.69,9.307e-03,  14.5,   2.8, 102.5, 50.71
1757,3.906e-07,5.874e-02,   3.1,   1.8,  72.7, 45.70,9.294e-03,  14.5,   2.7, 102.5, 50.65
1758,3.906e-07,5.843e-02,   3.1,   1.8,  72.7, 45.69,9.287e-03,  14.5,   2.8, 102.4, 50.65
1759,3.906e-07,5.853e-02,   3.1,   1.9,  72.8, 45.78,9.270e-03,  14.4,   2.9, 102.4, 50.68
1760,3.906e-07,5.846e-02,   3.1,   1.8,  72.7, 45.70,9.353e-03,  14.6,   2.9, 102.6, 50.72
1761,3.906e-07,5.730e-02,   3.1,   1.8,  72.7, 45.68,9.302e-03,  14.5,   2.7, 102.5, 50.71
1762,3.906e-07,5.852e-02,   3.1,   1.9,  72.7, 45.67,9.268e-03,  14.4,   3.2, 102.5, 50.72
1763,3.906e-07,5.776e-02,   3.1,   1.8,  72.7, 45.70,9.268e-03,  14.4,   3.0, 102.4, 50.65
1764,3.906e-07,5.769e-02,   3.1,   1.8,  72.8, 45.73,9.293e-03,  14.5,   2.7, 102.4, 50.63
1765,3.906e-07,5.859e-02,   3.1,   1.9,  72.7, 45.68,9.273e-03,  14.4,   2.9, 102.4, 50.64
1766,3.906e-07,5.845e-02,   3.1,   1.8,  72.8, 45.74,9.282e-03,  14.4,   2.9, 102.6, 50.69
1767,3.906e-07,5.793e-02,   3.1,   1.8,  72.8, 45.69,9.253e-03,  14.4,   2.8, 102.3, 50.65
1768,3.906e-07,5.836e-02,   3.1,   1.8,  72.7, 45.68,9.291e-03,  14.5,   2.8, 102.4, 50.64
1769,3.906e-07,5.849e-02,   3.1,   1.9,  72.7, 45.69,9.265e-03,  14.4,   2.7, 102.5, 50.70
1770,3.906e-07,5.861e-02,   3.1,   1.8,  72.7, 45.69,9.249e-03,  14.4,   2.8, 102.4, 50.76
1771,3.906e-07,5.867e-02,   3.1,   1.8,  72.7, 45.74,9.285e-03,  14.5,   2.7, 102.5, 50.65
1772,3.906e-07,5.848e-02,   3.0,   1.8,  72.7, 45.68,9.261e-03,  14.4,   2.9, 102.4, 50.61
1773,3.906e-07,5.836e-02,   3.1,   1.8,  72.8, 45.71,9.283e-03,  14.4,   2.8, 102.5, 50.63
1774,3.906e-07,5.818e-02,   3.2,   1.9,  72.7, 45.68,9.317e-03,  14.5,   2.9, 102.4, 50.65
1775,3.906e-07,5.848e-02,   3.1,   1.9,  72.7, 45.70,9.325e-03,  14.5,   2.9, 102.6, 50.69
1776,3.906e-07,5.795e-02,   3.1,   1.8,  72.7, 45.67,9.271e-03,  14.4,   2.7, 102.4, 50.68
1777,3.906e-07,5.790e-02,   3.1,   1.8,  72.7, 45.69,9.314e-03,  14.5,   2.8, 102.5, 50.75
1778,3.906e-07,5.902e-02,   3.1,   1.8,  72.7, 45.67,9.224e-03,  14.4,   2.7, 102.4, 50.66
1779,3.906e-07,5.813e-02,   3.2,   1.9,  72.7, 45.70,9.308e-03,  14.5,   2.7, 102.5, 50.82
1780,3.906e-07,5.799e-02,   3.1,   1.8,  72.7, 45.70,9.341e-03,  14.5,   2.9, 102.6, 50.64
1781,3.906e-07,5.843e-02,   3.0,   1.8,  72.7, 45.72,9.303e-03,  14.5,   2.7, 102.6, 50.68
1782,3.906e-07,5.813e-02,   3.1,   1.8,  72.7, 45.68,9.268e-03,  14.5,   3.8, 102.4, 50.66
1783,3.906e-07,5.829e-02,   3.1,   1.9,  72.7, 45.69,9.265e-03,  14.4,   2.7, 102.5, 50.71
1784,3.906e-07,5.776e-02,   3.1,   1.8,  72.6, 45.68,9.338e-03,  14.6,   3.0, 102.4, 50.56
1785,3.906e-07,5.786e-02,   3.1,   1.9,  72.6, 45.67,9.269e-03,  14.4,   2.9, 102.5, 50.64
1786,3.906e-07,5.802e-02,   3.1,   1.8,  72.7, 45.72,9.293e-03,  14.5,   2.7, 102.5, 50.60
1787,3.906e-07,5.763e-02,   3.1,   1.8,  72.7, 45.65,9.280e-03,  14.5,   3.3, 102.3, 50.71
1788,3.906e-07,5.809e-02,   3.1,   1.8,  72.6, 45.68,9.267e-03,  14.4,   2.8, 102.4, 50.68
1789,3.906e-07,5.768e-02,   3.1,   1.8,  72.7, 45.72,9.282e-03,  14.4,   2.7, 102.4, 50.63
1790,3.906e-07,5.755e-02,   3.1,   1.9,  72.7, 45.70,9.275e-03,  14.4,   2.8, 102.4, 50.60
1791,3.906e-07,5.759e-02,   3.1,   1.9,  72.6, 45.65,9.293e-03,  14.5,   2.8, 102.3, 50.70
1792,3.906e-07,5.869e-02,   3.1,   1.9,  72.8, 45.74,9.274e-03,  14.5,   3.3, 102.3, 50.63
1793,3.906e-07,5.812e-02,   3.0,   1.8,  72.6, 45.69,9.331e-03,  14.5,   2.9, 102.5, 50.66
1794,3.906e-07,5.828e-02,   3.1,   1.9,  72.7, 45.67,9.267e-03,  14.4,   3.0, 102.4, 50.57
1795,3.906e-07,5.849e-02,   3.1,   1.9,  72.7, 45.69,9.354e-03,  14.6,   2.9, 102.5, 50.67
1796,3.906e-07,5.824e-02,   3.1,   1.9,  72.8, 45.67,9.258e-03,  14.4,   3.2, 102.5, 50.60
1797,3.906e-07,5.794e-02,   3.1,   1.9,  72.7, 45.72,9.298e-03,  14.4,   2.7, 102.5, 50.72
1798,3.906e-07,5.828e-02,   3.0,   1.8,  72.6, 45.68,9.301e-03,  14.5,   2.7, 102.5, 50.69
1799,3.906e-07,5.804e-02,   3.1,   1.8,  72.7, 45.70,9.230e-03,  14.3,   2.7, 102.6, 50.65
1800,3.906e-07,5.809e-02,   3.1,   1.8,  72.6, 45.63,9.316e-03,  14.5,   2.8, 102.4, 50.58
1801,3.906e-07,5.837e-02,   3.1,   1.9,  72.7, 45.69,9.212e-03,  14.3,   3.1, 102.4, 50.63
1802,3.906e-07,5.725e-02,   3.0,   1.8,  72.6, 45.65,9.290e-03,  14.5,   2.7, 102.3, 50.65
1803,3.906e-07,5.885e-02,   3.1,   1.8,  72.7, 45.72,9.298e-03,  14.5,   2.8, 102.4, 50.68
1804,3.906e-07,5.750e-02,   3.1,   1.8,  72.7, 45.72,9.292e-03,  14.5,   2.7, 102.3, 50.64
1805,3.906e-07,5.839e-02,   3.1,   1.9,  72.6, 45.66,9.321e-03,  14.5,   2.9, 102.3, 50.66
1806,3.906e-07,5.774e-02,   3.0,   1.8,  72.7, 45.68,9.261e-03,  14.4,   2.8, 102.4, 50.59
1807,3.906e-07,5.795e-02,   3.1,   1.8,  72.6, 45.67,9.344e-03,  14.6,   2.8, 102.5, 50.55
1808,3.906e-07,5.826e-02,   3.1,   1.9,  72.6, 45.64,9.285e-03,  14.5,   2.7, 102.4, 50.61
1809,3.906e-07,5.818e-02,   3.1,   1.8,  72.6, 45.66,9.286e-03,  14.4,   2.8, 102.4, 50.65
1810,3.906e-07,5.845e-02,   3.1,   1.8,  72.7, 45.71,9.261e-03,  14.4,   2.8, 102.3, 50.58
1811,3.906e-07,5.869e-02,   3.1,   1.9,  72.7, 45.69,9.256e-03,  14.4,   2.7, 102.4, 50.61
1812,3.906e-07,5.784e-02,   3.1,   1.8,  72.6, 45.64,9.186e-03,  14.3,   3.1, 102.3, 50.59
1813,3.906e-07,5.760e-02,   3.1,   1.8,  72.6, 45.67,9.316e-03,  14.5,   2.9, 102.3, 50.70
1814,3.906e-07,5.805e-02,   3.1,   1.8,  72.7, 45.68,9.253e-03,  14.4,   2.7, 102.3, 50.64
1815,3.906e-07,5.818e-02,   3.1,   1.8,  72.7, 45.66,9.277e-03,  14.5,   2.7, 102.3, 50.60
1816,3.906e-07,5.833e-02,   3.1,   1.8,  72.7, 45.66,9.300e-03,  14.5,   2.7, 102.3, 50.61
1817,3.906e-07,5.783e-02,   3.1,   1.8,  72.6, 45.66,9.224e-03,  14.4,   3.7, 102.2, 50.61
1818,3.906e-07,5.790e-02,   3.1,   1.8,  72.6, 45.70,9.350e-03,  14.6,   2.9, 102.4, 50.62
1819,3.906e-07,5.813e-02,   3.1,   1.8,  72.6, 45.65,9.324e-03,  14.6,   2.8, 102.2, 50.55
1820,3.906e-07,5.844e-02,   3.1,   1.8,  72.7, 45.67,9.236e-03,  14.4,   2.9, 102.2, 50.53
1821,3.906e-07,5.819e-02,   3.1,   1.8,  72.6, 45.64,9.246e-03,  14.4,   3.2, 102.2, 50.54
1822,3.906e-07,5.834e-02,   3.1,   1.8,  72.7, 45.71,9.256e-03,  14.4,   2.9, 102.3, 50.60
1823,3.906e-07,5.822e-02,   3.1,   1.8,  72.7, 45.69,9.282e-03,  14.5,   3.1, 102.4, 50.69
1824,3.906e-07,5.861e-02,   3.1,   1.8,  72.8, 45.69,9.286e-03,  14.5,   2.8, 102.4, 50.70
1825,3.906e-07,5.832e-02,   3.1,   1.8,  72.6, 45.63,9.273e-03,  14.4,   2.8, 102.3, 50.60
1826,3.906e-07,5.758e-02,   3.0,   1.8,  72.6, 45.66,9.263e-03,  14.4,   2.7, 102.4, 50.61
1827,3.906e-07,5.807e-02,   3.1,   1.8,  72.7, 45.66,9.277e-03,  14.5,   3.0, 102.3, 50.58
1828,3.906e-07,5.829e-02,   3.1,   1.8,  72.6, 45.64,9.324e-03,  14.5,   2.8, 102.3, 50.64
1829,3.906e-07,5.867e-02,   3.1,   1.9,  72.7, 45.70,9.346e-03,  14.6,   3.0, 102.4, 50.70
1830,3.906e-07,5.808e-02,   3.1,   1.8,  72.7, 45.69,9.269e-03,  14.4,   2.7, 102.3, 50.61
1831,3.906e-07,5.806e-02,   3.1,   1.8,  72.6, 45.67,9.244e-03,  14.4,   2.9, 102.3, 50.67
1832,3.906e-07,5.776e-02,   3.1,   1.8,  72.7, 45.71,9.325e-03,  14.5,   2.8, 102.5, 50.79
1833,3.906e-07,5.737e-02,   3.1,   1.8,  72.6, 45.65,9.278e-03,  14.5,   2.7, 102.3, 50.61
1834,3.906e-07,5.826e-02,   3.1,   1.8,  72.6, 45.68,9.270e-03,  14.4,   2.8, 102.4, 50.58
1835,3.906e-07,5.775e-02,   3.1,   1.8,  72.6, 45.62,9.355e-03,  14.6,   3.2, 102.4, 50.68
1836,3.906e-07,5.804e-02,   3.1,   1.9,  72.7, 45.68,9.247e-03,  14.4,   3.0, 102.2, 50.59
1837,3.906e-07,5.784e-02,   3.1,   1.8,  72.5, 45.63,9.242e-03,  14.4,   2.9, 102.2, 50.61
1838,3.906e-07,5.755e-02,   3.1,   1.8,  72.6, 45.67,9.259e-03,  14.4,   2.7, 102.2, 50.56
1839,3.906e-07,5.830e-02,   3.1,   1.9,  72.6, 45.66,9.267e-03,  14.5,   2.8, 102.3, 50.59
1840,3.906e-07,5.796e-02,   3.1,   1.8,  72.7, 45.67,9.240e-03,  14.4,   2.7, 102.4, 50.65
1841,3.906e-07,5.834e-02,   3.1,   1.8,  72.6, 45.64,9.362e-03,  14.6,   3.3, 102.3, 50.68
1842,3.906e-07,5.779e-02,   3.1,   1.8,  72.6, 45.64,9.306e-03,  14.5,   2.8, 102.4, 50.60
1843,3.906e-07,5.781e-02,   3.1,   1.8,  72.5, 45.63,9.267e-03,  14.5,   2.9, 102.3, 50.61
1844,3.906e-07,5.823e-02,   3.1,   1.8,  72.6, 45.65,9.278e-03,  14.5,   2.7, 102.3, 50.64
1845,3.906e-07,5.771e-02,   3.1,   1.8,  72.6, 45.62,9.235e-03,  14.4,   2.8, 102.3, 50.57
1846,3.906e-07,5.786e-02,   3.1,   1.8,  72.7, 45.66,9.261e-03,  14.4,   2.8, 102.2, 50.66
1847,3.906e-07,5.790e-02,   3.1,   1.8,  72.6, 45.64,9.316e-03,  14.5,   2.7, 102.3, 50.66
1848,3.906e-07,5.861e-02,   3.1,   1.9,  72.6, 45.68,9.259e-03,  14.4,   2.7, 102.3, 50.58
1849,3.906e-07,5.813e-02,   3.1,   1.8,  72.6, 45.66,9.199e-03,  14.4,   3.1, 102.2, 50.56
1850,3.906e-07,5.803e-02,   3.1,   1.9,  72.6, 45.66,9.237e-03,  14.4,   2.8, 102.0, 50.53
1851,3.906e-07,5.833e-02,   3.1,   1.9,  72.5, 45.66,9.298e-03,  14.5,   2.9, 102.2, 50.56
1852,3.906e-07,5.815e-02,   3.1,   1.8,  72.6, 45.62,9.285e-03,  14.5,   2.7, 102.2, 50.61
1853,3.906e-07,5.749e-02,   3.1,   1.8,  72.5, 45.61,9.290e-03,  14.5,   2.7, 102.2, 50.62
1854,3.906e-07,5.800e-02,   3.0,   1.8,  72.6, 45.67,9.319e-03,  14.5,   2.8, 102.3, 50.65
1855,3.906e-07,5.814e-02,   3.1,   1.8,  72.6, 45.64,9.282e-03,  14.5,   3.1, 102.2, 50.63
1856,3.906e-07,5.806e-02,   3.1,   1.8,  72.6, 45.64,9.275e-03,  14.5,   2.7, 102.2, 50.52
1857,3.906e-07,5.727e-02,   3.1,   1.9,  72.5, 45.59,9.414e-03,  14.7,   3.6, 102.3, 50.56
1858,3.906e-07,5.846e-02,   3.1,   1.9,  72.6, 45.63,9.297e-03,  14.5,   2.7, 102.3, 50.56
1859,3.906e-07,5.745e-02,   3.1,   1.9,  72.6, 45.66,9.280e-03,  14.5,   2.7, 102.3, 50.66
1860,3.906e-07,5.778e-02,   3.1,   1.8,  72.5, 45.64,9.293e-03,  14.5,   2.7, 102.5, 50.58
1861,3.906e-07,5.735e-02,   3.1,   1.9,  72.6, 45.66,9.266e-03,  14.5,   3.3, 102.3, 50.61
1862,3.906e-07,5.852e-02,   3.1,   1.8,  72.6, 45.63,9.244e-03,  14.4,   2.7, 102.3, 50.65
1863,3.906e-07,5.827e-02,   3.1,   1.8,  72.6, 45.64,9.263e-03,  14.4,   2.8, 102.3, 50.61
1864,3.906e-07,5.828e-02,   3.1,   1.9,  72.5, 45.62,9.215e-03,  14.4,   2.7, 102.2, 50.58
1865,3.906e-07,5.755e-02,   3.1,   1.8,  72.5, 45.63,9.294e-03,  14.5,   2.8, 102.4, 50.62
1866,3.906e-07,5.805e-02,   3.1,   1.8,  72.6, 45.60,9.256e-03,  14.4,   2.9, 102.3, 50.69
1867,3.906e-07,5.833e-02,   3.1,   1.8,  72.6, 45.64,9.332e-03,  14.5,   3.0, 102.4, 50.65
1868,3.906e-07,5.841e-02,   3.1,   1.9,  72.6, 45.65,9.319e-03,  14.5,   2.9, 102.4, 50.78
1869,3.906e-07,5.802e-02,   3.1,   1.8,  72.6, 45.65,9.321e-03,  14.5,   2.8, 102.3, 50.60
1870,3.906e-07,5.776e-02,   3.0,   1.8,  72.5, 45.63,9.301e-03,  14.5,   2.7, 102.3, 50.56
1871,3.906e-07,5.811e-02,   3.1,   1.8,  72.5, 45.57,9.296e-03,  14.5,   2.7, 102.2, 50.59
1872,3.906e-07,5.812e-02,   3.1,   1.8,  72.7, 45.70,9.245e-03,  14.4,   2.8, 102.2, 50.59
1873,3.906e-07,5.819e-02,   3.1,   1.9,  72.6, 45.65,9.246e-03,  14.4,   3.3, 102.2, 50.61
1874,3.906e-07,5.790e-02,   3.1,   1.9,  72.6, 45.65,9.279e-03,  14.5,   2.7, 102.3, 50.55
1875,3.906e-07,5.774e-02,   3.1,   1.9,  72.6, 45.65,9.304e-03,  14.5,   2.8, 102.3, 50.68
1876,3.906e-07,5.755e-02,   3.1,   1.8,  72.5, 45.61,9.279e-03,  14.5,   2.8, 102.2, 50.59
1877,3.906e-07,5.783e-02,   3.1,   1.8,  72.5, 45.62,9.301e-03,  14.5,   2.7, 102.5, 50.70
1878,3.906e-07,5.759e-02,   3.0,   1.8,  72.5, 45.62,9.279e-03,  14.5,   2.7, 102.3, 50.60
1879,3.906e-07,5.815e-02,   3.1,   1.8,  72.5, 45.64,9.254e-03,  14.4,   2.9, 102.4, 50.55
1880,3.906e-07,5.738e-02,   3.1,   1.8,  72.5, 45.62,9.217e-03,  14.3,   2.8, 102.3, 50.60
1881,3.906e-07,5.756e-02,   3.1,   1.8,  72.5, 45.64,9.255e-03,  14.4,   3.0, 102.3, 50.59
1882,3.906e-07,5.792e-02,   3.1,   1.8,  72.5, 45.64,9.260e-03,  14.4,   3.1, 102.4, 50.60
1883,3.906e-07,5.838e-02,   3.1,   1.8,  72.5, 45.61,9.265e-03,  14.4,   2.8, 102.3, 50.57
1884,3.906e-07,5.809e-02,   3.1,   1.8,  72.6, 45.62,9.314e-03,  14.5,   2.7, 102.4, 50.74
1885,3.906e-07,5.885e-02,   3.1,   1.8,  72.6, 45.61,9.265e-03,  14.4,   2.7, 102.3, 50.58
1886,3.906e-07,5.781e-02,   3.1,   1.8,  72.6, 45.61,9.285e-03,  14.4,   3.1, 102.5, 50.76
1887,3.906e-07,5.846e-02,   3.1,   1.8,  72.5, 45.63,9.222e-03,  14.4,   3.0, 102.2, 50.54
1888,3.906e-07,5.738e-02,   3.1,   1.8,  72.5, 45.61,9.280e-03,  14.4,   2.7, 102.4, 50.62
1889,3.906e-07,5.758e-02,   3.1,   1.8,  72.5, 45.67,9.268e-03,  14.5,   2.8, 102.3, 50.57
1890,3.906e-07,5.761e-02,   3.1,   1.8,  72.5, 45.59,9.244e-03,  14.4,   2.7, 102.3, 50.56
1891,3.906e-07,5.743e-02,   3.0,   1.8,  72.5, 45.59,9.214e-03,  14.4,   2.7, 102.2, 50.58
1892,3.906e-07,5.807e-02,   3.0,   1.8,  72.5, 45.63,9.238e-03,  14.4,   2.8, 102.2, 50.54
1893,3.906e-07,5.835e-02,   3.0,   1.8,  72.6, 45.65,9.284e-03,  14.5,   2.8, 102.3, 50.55
1894,3.906e-07,5.798e-02,   3.1,   1.8,  72.5, 45.53,9.303e-03,  14.5,   2.8, 102.2, 50.59
1895,3.906e-07,5.771e-02,   3.1,   1.8,  72.5, 45.59,9.279e-03,  14.5,   2.7, 102.2, 50.54
1896,3.906e-07,5.829e-02,   3.1,   1.8,  72.5, 45.62,9.289e-03,  14.5,   2.7, 102.3, 50.57
1897,3.906e-07,5.746e-02,   3.1,   1.9,  72.6, 45.64,9.279e-03,  14.5,   2.8, 102.1, 50.62
1898,3.906e-07,5.784e-02,   3.1,   1.8,  72.5, 45.58,9.247e-03,  14.4,   2.9, 102.2, 50.60
1899,3.906e-07,5.783e-02,   3.1,   1.8,  72.5, 45.58,9.228e-03,  14.4,   2.8, 102.2, 50.63
1900,3.906e-07,5.848e-02,   3.1,   1.8,  72.5, 45.62,9.233e-03,  14.4,   2.8, 102.2, 50.58
1901,3.906e-07,5.775e-02,   3.1,   1.8,  72.5, 45.60,9.241e-03,  14.4,   3.0, 102.2, 50.53
1902,3.906e-07,5.737e-02,   3.0,   1.8,  72.5, 45.58,9.269e-03,  14.5,   3.0, 102.3, 50.64
1903,3.906e-07,5.795e-02,   3.1,   1.8,  72.5, 45.62,9.303e-03,  14.5,   2.8, 102.3, 50.56
1904,3.906e-07,5.744e-02,   3.0,   1.8,  72.4, 45.59,9.261e-03,  14.4,   2.9, 102.4, 50.61
1905,3.906e-07,5.764e-02,   3.1,   1.8,  72.5, 45.61,9.391e-03,  14.7,   3.3, 102.3, 50.64
1906,3.906e-07,5.817e-02,   3.1,   1.9,  72.5, 45.60,9.304e-03,  14.5,   2.7, 102.5, 50.70
1907,3.906e-07,5.782e-02,   3.1,   1.8,  72.5, 45.64,9.282e-03,  14.5,   2.7, 102.3, 50.57
1908,3.906e-07,5.778e-02,   3.1,   1.8,  72.5, 45.65,9.277e-03,  14.5,   2.7, 102.4, 50.59
1909,3.906e-07,5.817e-02,   3.0,   1.8,  72.5, 45.63,9.283e-03,  14.4,   2.7, 102.5, 50.61
1910,3.906e-07,5.838e-02,   3.1,   1.8,  72.5, 45.62,9.257e-03,  14.4,   3.0, 102.3, 50.61
1911,3.906e-07,5.756e-02,   3.1,   1.8,  72.5, 45.62,9.250e-03,  14.4,   2.9, 102.3, 50.58
1912,3.906e-07,5.825e-02,   3.1,   1.8,  72.5, 45.60,9.242e-03,  14.4,   2.7, 102.4, 50.60
1913,3.906e-07,5.721e-02,   3.1,   1.8,  72.5, 45.61,9.247e-03,  14.4,   2.8, 102.3, 50.52
1914,3.906e-07,5.734e-02,   3.1,   1.8,  72.5, 45.59,9.246e-03,  14.4,   2.7, 102.3, 50.66
1915,3.906e-07,5.784e-02,   3.2,   1.9,  72.6, 45.64,9.196e-03,  14.3,   2.7, 102.1, 50.53
1916,3.906e-07,5.776e-02,   3.1,   1.8,  72.5, 45.60,9.263e-03,  14.4,   3.1, 102.3, 50.62
1917,3.906e-07,5.807e-02,   3.1,   1.8,  72.5, 45.61,9.322e-03,  14.6,   2.9, 102.3, 50.56
1918,3.906e-07,5.800e-02,   3.1,   1.8,  72.6, 45.62,9.258e-03,  14.5,   2.9, 102.2, 50.48
1919,3.906e-07,5.775e-02,   3.1,   1.9,  72.5, 45.56,9.307e-03,  14.5,   2.7, 102.3, 50.64
1920,3.906e-07,5.729e-02,   3.1,   1.8,  72.5, 45.62,9.276e-03,  14.5,   2.7, 102.2, 50.54
1921,3.906e-07,5.736e-02,   3.1,   1.8,  72.4, 45.54,9.288e-03,  14.5,   2.7, 102.2, 50.57
1922,3.906e-07,5.757e-02,   3.1,   1.9,  72.5, 45.60,9.253e-03,  14.4,   2.8, 102.4, 50.59
1923,3.906e-07,5.765e-02,   3.1,   1.8,  72.5, 45.58,9.263e-03,  14.4,   2.8, 102.4, 50.53
1924,3.906e-07,5.769e-02,   3.1,   1.8,  72.4, 45.54,9.236e-03,  14.4,   3.1, 102.3, 50.55
1925,3.906e-07,5.792e-02,   3.1,   1.8,  72.5, 45.62,9.266e-03,  14.5,   2.7, 102.2, 50.50
1926,3.906e-07,5.772e-02,   3.1,   1.9,  72.4, 45.60,9.252e-03,  14.4,   3.0, 102.2, 50.58
1927,3.906e-07,5.777e-02,   3.1,   1.9,  72.5, 45.55,9.251e-03,  14.4,   2.9, 102.2, 50.56
1928,3.906e-07,5.786e-02,   3.1,   1.8,  72.5, 45.68,9.313e-03,  14.5,   2.7, 102.3, 50.60
1929,3.906e-07,5.770e-02,   3.1,   1.8,  72.4, 45.54,9.297e-03,  14.5,   2.9, 102.3, 50.60
1930,3.906e-07,5.743e-02,   3.1,   1.8,  72.5, 45.59,9.246e-03,  14.4,   2.7, 102.1, 50.59
1931,3.906e-07,5.821e-02,   3.0,   1.8,  72.5, 45.58,9.266e-03,  14.4,   3.1, 102.3, 50.64
1932,3.906e-07,5.751e-02,   3.1,   1.9,  72.5, 45.58,9.246e-03,  14.4,   2.8, 102.1, 50.52
1933,3.906e-07,5.764e-02,   3.1,   1.9,  72.5, 45.59,9.245e-03,  14.4,   2.9, 102.2, 50.54
1934,3.906e-07,5.809e-02,   3.1,   1.8,  72.4, 45.57,9.306e-03,  14.5,   2.9, 102.1, 50.57
1935,3.906e-07,5.745e-02,   3.1,   1.8,  72.4, 45.53,9.261e-03,  14.5,   2.7, 102.1, 50.52
1936,3.906e-07,5.757e-02,   3.0,   1.8,  72.5, 45.62,9.219e-03,  14.4,   2.7, 102.1, 50.55
1937,3.906e-07,5.792e-02,   3.1,   1.8,  72.4, 45.57,9.283e-03,  14.5,   2.9, 102.3, 50.61
1938,3.906e-07,5.782e-02,   3.1,   1.8,  72.4, 45.54,9.260e-03,  14.4,   2.7, 102.2, 50.63
1939,3.906e-07,5.792e-02,   3.1,   1.9,  72.4, 45.57,9.317e-03,  14.5,   3.0, 102.3, 50.69
1940,3.906e-07,5.770e-02,   3.1,   1.8,  72.4, 45.55,9.330e-03,  14.6,   2.9, 102.2, 50.55
1941,3.906e-07,5.734e-02,   3.1,   1.8,  72.4, 45.58,9.262e-03,  14.4,   2.7, 102.2, 50.54
1942,3.906e-07,5.761e-02,   3.1,   1.9,  72.5, 45.56,9.258e-03,  14.5,   2.8, 102.1, 50.57
